quotation_row_id,quotation_code,stage_id,category_id,subcategory_id,current_description,unit,quantity,section,proposed_source_type,proposed_source_id,client_selectable,existing_product_library_match,existing_estimating_catalogue_match,explicit_estimating_master_match,match_confidence,duplicate_group,unresolved_reason,migration_status,notes
quote-4,4,stage:preliminaries,category:plumbing-fixtures,subcategory:isolate-electrial-and-plumbing,ISOLATE ELECTRIAL & PLUMBING,ITEM,-,PRELIMINARIES,informational,,false,,,,rule,,,not-a-catalogue-record,Informational or confirmation-only row.
quote-5,5,stage:preliminaries,category:electrical,subcategory:labour,INSTALL BUILDERS POWER POLE,ITEM,-,PRELIMINARIES,informational,,false,,,,rule,,,not-a-catalogue-record,Informational or confirmation-only row.
quote-6,6,stage:preliminaries,category:preliminaries,subcategory:documentation,DOCUMENTATION,ITEM,,PRELIMINARIES,informational,,false,,,,rule,,,not-a-catalogue-record,Informational or confirmation-only row.
quote-7,7,stage:preliminaries,category:preliminaries,subcategory:titles-searchs-etc,TITLES SEARCHS ETC,ITEM,,PRELIMINARIES,informational,,false,,,,rule,,,not-a-catalogue-record,Informational or confirmation-only row.
quote-8,8,stage:preliminaries,category:preliminaries,subcategory:site-survey,SITE SURVEY,ITEM,,PRELIMINARIES,informational,,false,,,,rule,,,not-a-catalogue-record,Informational or confirmation-only row.
quote-9,9,stage:preliminaries,category:preliminaries,subcategory:soil-tests,SOIL TESTS,ITEM,,PRELIMINARIES,informational,,false,,,,rule,,,not-a-catalogue-record,Informational or confirmation-only row.
quote-10,10,stage:preliminaries,category:preliminaries,subcategory:footing-design,FOOTING DESIGN,ITEM,,PRELIMINARIES,informational,,false,,,,rule,,,not-a-catalogue-record,Informational or confirmation-only row.
quote-11,11,stage:preliminaries,category:preliminaries,subcategory:wind-classification,WIND CLASSIFICATION,ITEM,,PRELIMINARIES,informational,,false,,,,rule,,,not-a-catalogue-record,Informational or confirmation-only row.
quote-12,12,stage:preliminaries,category:preliminaries,subcategory:statutory-fees,ENGINEERING,ITEM,,PRELIMINARIES,informational,,false,,,,rule,,,not-a-catalogue-record,Informational or confirmation-only row.
quote-13,13,stage:preliminaries,category:preliminaries,subcategory:set-out,SET OUT,ITEM,,PRELIMINARIES,informational,,false,,,,rule,,,not-a-catalogue-record,Informational or confirmation-only row.
quote-14,14,stage:preliminaries,category:preliminaries,subcategory:qbsa-registration,QBSA REGISTRATION,ITEM,,PRELIMINARIES,informational,,false,,,,rule,,,not-a-catalogue-record,Informational or confirmation-only row.
quote-15,15,stage:preliminaries,category:preliminaries,subcategory:statutory-fees,Q LEAVE FEES,ITEM,-,PRELIMINARIES,informational,,false,,,,rule,,,not-a-catalogue-record,Informational or confirmation-only row.
quote-16,16,stage:preliminaries,category:preliminaries,subcategory:statutory-fees,DRAFTING FEES,ITEM,,PRELIMINARIES,informational,,false,,,,rule,,,not-a-catalogue-record,Informational or confirmation-only row.
quote-17,17,stage:preliminaries,category:preliminaries,subcategory:statutory-fees,DRAFTING FEES,M2,,PRELIMINARIES,informational,,false,,,,rule,,,not-a-catalogue-record,Informational or confirmation-only row.
quote-18,18,stage:preliminaries,category:preliminaries,subcategory:statutory-fees,BUILDING DESIGN FEE,ITEM,,PRELIMINARIES,informational,,false,,,,rule,,,not-a-catalogue-record,Informational or confirmation-only row.
quote-19,19,stage:preliminaries,category:preliminaries,subcategory:site-signage,SITE SIGNAGE,ITEM,,PRELIMINARIES,informational,,false,,,,rule,,,not-a-catalogue-record,Informational or confirmation-only row.
quote-20,20,stage:preliminaries,category:preliminaries,subcategory:silt-fence,SILT FENCE,LM,,PRELIMINARIES,informational,,false,,,,rule,,,not-a-catalogue-record,Informational or confirmation-only row.
quote-21,21,stage:preliminaries,category:preliminaries,subcategory:rumble-pad,RUMBLE PAD,M2,,PRELIMINARIES,informational,,false,,,,rule,,,not-a-catalogue-record,Informational or confirmation-only row.
quote-22,22,stage:preliminaries,category:preliminaries,subcategory:all-risk-and-p-l-insurance,ALL RISK AND P/L INSURANCE,ITEM,,PRELIMINARIES,informational,,false,,,,rule,,,not-a-catalogue-record,Informational or confirmation-only row.
quote-25,25,stage:preliminaries,category:preliminaries,subcategory:statutory-fees,QUOTED AMOUNT,ITEM,,CERTIFIERS COSTS,estimating-item,estimating:preliminaries:statutory-fees:quoted-amount,false,,quote-25,,derived-runtime,estimating:preliminaries:statutory-fees:quoted-amount,,existing-derived-estimating-row,"Labour, plant, service, fee, or construction resource candidate."
quote-26,26,stage:preliminaries,category:preliminaries,subcategory:statutory-fees,CERTIFIERS FEES (# INSPECTIONS),ITEM,,CERTIFIERS COSTS,formula,,false,,,,rule,,,not-a-catalogue-record,Formula-driven row; keep out of master catalogues.
quote-27,27,stage:preliminaries,category:preliminaries,subcategory:statutory-fees,BUILDING LODGEMENT FEE,ITEM,,CERTIFIERS COSTS,estimating-item,estimating:preliminaries:statutory-fees:building-lodgement-fee,false,,quote-27,,derived-runtime,estimating:preliminaries:statutory-fees:building-lodgement-fee,,existing-derived-estimating-row,"Labour, plant, service, fee, or construction resource candidate."
quote-28,28,stage:preliminaries,category:preliminaries,subcategory:statutory-fees,SEWERAGE PLANS,ITEM,,CERTIFIERS COSTS,estimating-item,estimating:preliminaries:statutory-fees:sewerage-plans,false,,quote-28,,derived-runtime,estimating:preliminaries:statutory-fees:sewerage-plans,,existing-derived-estimating-row,"Labour, plant, service, fee, or construction resource candidate."
quote-29,29,stage:preliminaries,category:preliminaries,subcategory:statutory-fees,FLOOD LEVEL DESIGN,ITEM,,CERTIFIERS COSTS,estimating-item,estimating:preliminaries:statutory-fees:flood-level-design,false,,quote-29,,derived-runtime,estimating:preliminaries:statutory-fees:flood-level-design,,existing-derived-estimating-row,"Labour, plant, service, fee, or construction resource candidate."
quote-30,30,stage:preliminaries,category:preliminaries,subcategory:statutory-fees,TITLE SEARCH,ITEM,,CERTIFIERS COSTS,estimating-item,estimating:preliminaries:statutory-fees:title-search,false,,quote-30,,derived-runtime,estimating:preliminaries:statutory-fees:title-search,,existing-derived-estimating-row,"Labour, plant, service, fee, or construction resource candidate."
quote-31,31,stage:preliminaries,category:preliminaries,subcategory:statutory-fees,BOUNDARY RELAXATION,ITEM,,CERTIFIERS COSTS,estimating-item,estimating:preliminaries:statutory-fees:boundary-relaxation,false,,quote-31,,derived-runtime,estimating:preliminaries:statutory-fees:boundary-relaxation,,existing-derived-estimating-row,"Labour, plant, service, fee, or construction resource candidate."
quote-32,32,stage:preliminaries,category:preliminaries,subcategory:statutory-fees,CLIMATE DESIGN,ITEM,,CERTIFIERS COSTS,estimating-item,estimating:preliminaries:statutory-fees:climate-design,false,,quote-32,,derived-runtime,estimating:preliminaries:statutory-fees:climate-design,,existing-derived-estimating-row,"Labour, plant, service, fee, or construction resource candidate."
quote-33,33,stage:preliminaries,category:preliminaries,subcategory:statutory-fees,SPECIAL PLANNING,ITEM,,CERTIFIERS COSTS,estimating-item,estimating:preliminaries:statutory-fees:special-planning,false,,quote-33,,derived-runtime,estimating:preliminaries:statutory-fees:special-planning,,existing-derived-estimating-row,"Labour, plant, service, fee, or construction resource candidate."
quote-34,34,stage:preliminaries,category:preliminaries,subcategory:statutory-fees,MANAGEMENT FEE,ITEM,,CERTIFIERS COSTS,informational,,false,,,,rule,,,not-a-catalogue-record,Informational or confirmation-only row.
quote-35,35,stage:preliminaries,category:plumbing-fixtures,subcategory:statutory-fees,PLUMBING SCRUTINY/DESIGN,ITEM,,CERTIFIERS COSTS,estimating-item,estimating:plumbing-fixtures:statutory-fees:plumbing-scrutiny-design,false,,quote-35,,derived-runtime,estimating:plumbing-fixtures:statutory-fees:plumbing-scrutiny-design,,existing-derived-estimating-row,"Labour, plant, service, fee, or construction resource candidate."
quote-36,36,stage:preliminaries,category:plumbing-fixtures,subcategory:statutory-fees,PLUMBING INSPECTIONS,POINTS,,CERTIFIERS COSTS,estimating-item,estimating:plumbing-fixtures:statutory-fees:plumbing-inspections,false,,quote-36,,derived-runtime,estimating:plumbing-fixtures:statutory-fees:plumbing-inspections,,existing-derived-estimating-row,"Labour, plant, service, fee, or construction resource candidate."
quote-37,37,stage:preliminaries,category:preliminaries,subcategory:statutory-fees,WATER CONNECTION - 20mm,ITEM,,CERTIFIERS COSTS,estimating-item,estimating:preliminaries:statutory-fees:water-connection-20mm,false,,quote-37,,derived-runtime,estimating:preliminaries:statutory-fees:water-connection-20mm,,existing-derived-estimating-row,"Labour, plant, service, fee, or construction resource candidate."
quote-38,38,stage:preliminaries,category:preliminaries,subcategory:statutory-fees,SEWERAGE CONNECTION,ITEM,,CERTIFIERS COSTS,estimating-item,estimating:preliminaries:statutory-fees:sewerage-connection,false,,quote-38,,derived-runtime,estimating:preliminaries:statutory-fees:sewerage-connection,,existing-derived-estimating-row,"Labour, plant, service, fee, or construction resource candidate."
quote-41,41,stage:unassigned,category:project-management,subcategory:item,ITEM,M2,QTY,PROJECT MANAGEMENT,informational,,false,,,,rule,,,not-a-catalogue-record,Informational or confirmation-only row.
quote-44,44,stage:preliminaries,category:preliminaries,subcategory:statutory-fees,PROJECT MANAGEMENT FEE,ITEM,,MANAGEMENT,informational,,false,,,,rule,,,not-a-catalogue-record,Informational or confirmation-only row.
quote-45,45,stage:preliminaries,category:preliminaries,subcategory:site-supervision,SITE SUPERVISION,ITEM,,MANAGEMENT,informational,,false,,,,rule,,,not-a-catalogue-record,Informational or confirmation-only row.
quote-46,46,stage:base,category:preliminaries,subcategory:site-classification,SITE CLASSIFICATION,HR,,MANAGEMENT,informational,,false,,,,rule,,,not-a-catalogue-record,Informational or confirmation-only row.
quote-47,47,stage:preliminaries,category:preliminaries,subcategory:statutory-fees,RISK ASSESSMENT FEE,ITEM,,MANAGEMENT,informational,,false,,,,rule,,,not-a-catalogue-record,Informational or confirmation-only row.
quote-48,48,stage:preliminaries,category:preliminaries,subcategory:statutory-fees,CONTRACT ADMINISTRATION FEE,ITEM,,MANAGEMENT,informational,,false,,,,rule,,,not-a-catalogue-record,Informational or confirmation-only row.
quote-49,49,stage:unassigned,category:management,subcategory:material-collections,MATERIAL COLLECTIONS,HR,,MANAGEMENT,informational,,false,,,,rule,,,not-a-catalogue-record,Informational or confirmation-only row.
quote-50,50,stage:preliminaries,category:preliminaries,subcategory:statutory-fees,"QUOTATION, QUANTITY SURVEYING FEES",HR,,MANAGEMENT,informational,,false,,,,rule,,,not-a-catalogue-record,Informational or confirmation-only row.
quote-55,55,stage:unassigned,category:base-stage-labour,subcategory:labour,STUMPS - SINGLE STOREY,EACH,,Base Stage Labour,estimating-item,estimating:base-stage-labour:labour:stumps-single-storey,false,,quote-55,,derived-runtime,estimating:base-stage-labour:labour:stumps-single-storey,,existing-derived-estimating-row,"Labour, plant, service, fee, or construction resource candidate."
quote-56,56,stage:unassigned,category:base-stage-labour,subcategory:labour,STUMPS - HIGH SET HOUSE,EACH,,Base Stage Labour,estimating-item,estimating:base-stage-labour:labour:stumps-high-set-house,false,,quote-56,,derived-runtime,estimating:base-stage-labour:labour:stumps-high-set-house,,existing-derived-estimating-row,"Labour, plant, service, fee, or construction resource candidate."
quote-57,57,stage:frame,category:frame,subcategory:labour,BEARERS & JOISTS,M2,,Base Stage Labour,estimating-item,estimating:frame:labour:bearers-and-joists,false,,quote-57,,derived-runtime,estimating:frame:labour:bearers-and-joists,,existing-derived-estimating-row,"Labour, plant, service, fee, or construction resource candidate."
quote-58,58,stage:frame,category:frame,subcategory:labour,BEARERS & JOISTS ADD FOR HIGH SET HOUSE,M2,,Base Stage Labour,estimating-item,estimating:frame:labour:bearers-and-joists-add-for-high-set-house,false,,quote-58,,derived-runtime,estimating:frame:labour:bearers-and-joists-add-for-high-set-house,,existing-derived-estimating-row,"Labour, plant, service, fee, or construction resource candidate."
quote-59,59,stage:fix-out,category:flooring-tiling,subcategory:labour,T & G FLOORING,M2,,Base Stage Labour,estimating-item,estimating:flooring-tiling:labour:t-and-g-flooring,false,,quote-59,,derived-runtime,estimating:flooring-tiling:labour:t-and-g-flooring,,existing-derived-estimating-row,"Labour, plant, service, fee, or construction resource candidate."
quote-60,60,stage:fix-out,category:flooring-tiling,subcategory:labour,SHEET FLOORING,M2,,Base Stage Labour,estimating-item,estimating:flooring-tiling:labour:sheet-flooring,false,,quote-60,,derived-runtime,estimating:flooring-tiling:labour:sheet-flooring,,existing-derived-estimating-row,"Labour, plant, service, fee, or construction resource candidate."
quote-61,61,stage:external,category:flooring-tiling,subcategory:labour,DECKING/COMPRESSED FLOORING,M2,,Base Stage Labour,estimating-item,estimating:flooring-tiling:labour:decking-compressed-flooring,false,,quote-61,,derived-runtime,estimating:flooring-tiling:labour:decking-compressed-flooring,,existing-derived-estimating-row,"Labour, plant, service, fee, or construction resource candidate."
quote-62,62,stage:frame,category:frame,subcategory:labour,PATIO JOISTS,EACH,,Base Stage Labour,estimating-item,estimating:frame:labour:patio-joists,false,,quote-62,,derived-runtime,estimating:frame:labour:patio-joists,,existing-derived-estimating-row,"Labour, plant, service, fee, or construction resource candidate."
quote-66,66,stage:frame,category:frame,subcategory:labour,STANDARD WALL FLICK OUT,EACH,,Frame Stage Labour,estimating-item,estimating:frame:labour:standard-wall-flick-out,false,,quote-66,,derived-runtime,estimating:frame:labour:standard-wall-flick-out,,existing-derived-estimating-row,"Labour, plant, service, fee, or construction resource candidate."
quote-67,67,stage:frame,category:frame,subcategory:labour,CONSTRUCT STICK FRAMES,M2,,Frame Stage Labour,estimating-item,estimating:frame:labour:construct-stick-frames,false,,quote-67,,derived-runtime,estimating:frame:labour:construct-stick-frames,,existing-derived-estimating-row,"Labour, plant, service, fee, or construction resource candidate."
quote-68,68,stage:frame,category:frame,subcategory:labour,EXTRA COST FOR 2.7m WALLS,M2,,Frame Stage Labour,estimating-item,estimating:frame:labour:extra-cost-for-2-7m-walls,false,,quote-68,,derived-runtime,estimating:frame:labour:extra-cost-for-2-7m-walls,,existing-derived-estimating-row,"Labour, plant, service, fee, or construction resource candidate."
quote-69,69,stage:frame,category:frame,subcategory:labour,EXTRA COST FOR 3.0m WALLS,M2,,Frame Stage Labour,estimating-item,estimating:frame:labour:extra-cost-for-3-0m-walls,false,,quote-69,,derived-runtime,estimating:frame:labour:extra-cost-for-3-0m-walls,,existing-derived-estimating-row,"Labour, plant, service, fee, or construction resource candidate."
quote-70,70,stage:frame,category:frame,subcategory:labour,INSTALL STRUCTURAL BEAM,EACH,,Frame Stage Labour,estimating-item,estimating:frame:labour:install-structural-beam,false,,quote-70,,derived-runtime,estimating:frame:labour:install-structural-beam,,existing-derived-estimating-row,"Labour, plant, service, fee, or construction resource candidate."
quote-71,71,stage:frame,category:frame,subcategory:labour,INSTALL TIMBER POST,EACH,,Frame Stage Labour,estimating-item,estimating:frame:labour:install-timber-post,false,,quote-71,,derived-runtime,estimating:frame:labour:install-timber-post,,existing-derived-estimating-row,"Labour, plant, service, fee, or construction resource candidate."
quote-72,72,stage:frame,category:frame,subcategory:labour,SET POST IN STIRRUP INC. DIG HOLE AND CONC.,EACH,,Frame Stage Labour,estimating-item,estimating:frame:labour:set-post-in-stirrup-inc-dig-hole-and-conc,false,,quote-72,,derived-runtime,estimating:frame:labour:set-post-in-stirrup-inc-dig-hole-and-conc,,existing-derived-estimating-row,"Labour, plant, service, fee, or construction resource candidate."
quote-73,73,stage:frame,category:windows-doors,subcategory:labour,INSTALL WINDOWS,EACH,-,Frame Stage Labour,formula,,false,,,,rule,,,not-a-catalogue-record,Formula-driven row; keep out of master catalogues.
quote-74,74,stage:frame,category:windows-doors,subcategory:labour,ADD FOR SECOND STOREY WINDOWS,EACH,,Frame Stage Labour,assembly,assembly:windows-doors:labour:add-for-second-storey-windows,false,,quote-74,,derived-runtime,assembly:windows-doors:labour:add-for-second-storey-windows,,requires-assembly-model,Product/resource bundle; needs assembly template rather than single catalogue row.
quote-75,75,stage:frame,category:plumbing-fixtures,subcategory:labour,PLUMB & STRAIGHTEN & PLANE WALLS,ITEM,,Frame Stage Labour,estimating-item,estimating:plumbing-fixtures:labour:plumb-and-straighten-and-plane-walls,false,,quote-75,,derived-runtime,estimating:plumbing-fixtures:labour:plumb-and-straighten-and-plane-walls,,existing-derived-estimating-row,"Labour, plant, service, fee, or construction resource candidate."
quote-76,76,stage:frame,category:frame,subcategory:labour,RAKED CEILINGS - HAND PITCH,M2,,Frame Stage Labour,estimating-item,estimating:frame:labour:raked-ceilings-hand-pitch,false,,quote-76,,derived-runtime,estimating:frame:labour:raked-ceilings-hand-pitch,,existing-derived-estimating-row,"Labour, plant, service, fee, or construction resource candidate."
quote-77,77,stage:frame,category:roofing,subcategory:labour,STAND & INSTALL ROOF TRUSSES,M2,,Frame Stage Labour,estimating-item,estimating:roofing:labour:stand-and-install-roof-trusses,false,,quote-77,,derived-runtime,estimating:roofing:labour:stand-and-install-roof-trusses,,existing-derived-estimating-row,"Labour, plant, service, fee, or construction resource candidate."
quote-78,78,stage:frame,category:frame,subcategory:labour,ADD FOR SECOND STOREY TRUSSES,M2,-,Frame Stage Labour,formula,,false,,,,rule,,,not-a-catalogue-record,Formula-driven row; keep out of master catalogues.
quote-79,79,stage:frame,category:flooring-tiling,subcategory:labour,ADD FOR TILE ROOF TRUSSES,M2,,Frame Stage Labour,assembly,assembly:flooring-tiling:labour:add-for-tile-roof-trusses,false,,quote-79,,derived-runtime,assembly:flooring-tiling:labour:add-for-tile-roof-trusses,,requires-assembly-model,Product/resource bundle; needs assembly template rather than single catalogue row.
quote-80,80,stage:frame,category:flooring-tiling,subcategory:labour,INSTALL CEILING BATTENS GROUND FLOOR,M2,-,Frame Stage Labour,formula,,false,,,,rule,,,not-a-catalogue-record,Formula-driven row; keep out of master catalogues.
quote-30023,30023,stage:frame,category:frame,subcategory:labour,INSTALL CEILING BATTENS SECOND LEVEL,M2,,Frame Stage Labour,estimating-item,estimating:frame:labour:install-ceiling-battens-second-level,false,,quote-30023,,derived-runtime,estimating:frame:labour:install-ceiling-battens-second-level,,existing-derived-estimating-row,"Labour, plant, service, fee, or construction resource candidate."
quote-30024,30024,stage:frame,category:frame,subcategory:labour,INSTALL CEILING BATTENS THIRD LEVEL,M2,,Frame Stage Labour,estimating-item,estimating:frame:labour:install-ceiling-battens-third-level,false,,quote-30024,,derived-runtime,estimating:frame:labour:install-ceiling-battens-third-level,,existing-derived-estimating-row,"Labour, plant, service, fee, or construction resource candidate."
quote-81,81,stage:frame,category:frame,subcategory:labour,"GABLES - CUT, NOG & TRIM PER GABLE",EACH,,Frame Stage Labour,estimating-item,estimating:frame:labour:gables-cut-nog-and-trim-per-gable,false,,quote-81,,derived-runtime,estimating:frame:labour:gables-cut-nog-and-trim-per-gable,,existing-derived-estimating-row,"Labour, plant, service, fee, or construction resource candidate."
quote-82,82,stage:frame,category:roofing,subcategory:labour,PORCH/VERANDAH ROOF & CEILING FRAMEWORK,M2,-,Frame Stage Labour,formula,,false,,,,rule,,,not-a-catalogue-record,Formula-driven row; keep out of master catalogues.
quote-83,83,stage:frame,category:frame,subcategory:labour,CONSTRUCT FRONT DECORATIVE AWNING,ITEM,-,Frame Stage Labour,estimating-item,estimating:frame:labour:construct-front-decorative-awning,false,,quote-83,,derived-runtime,estimating:frame:labour:construct-front-decorative-awning,,existing-derived-estimating-row,"Labour, plant, service, fee, or construction resource candidate."
quote-84,84,stage:frame,category:roofing,subcategory:labour,CONSTRUCT ALFRESCO AND BOX GUTTERS,ITEM,-,Frame Stage Labour,assembly,assembly:roofing:labour:construct-alfresco-and-box-gutters,false,,quote-84,,derived-runtime,assembly:roofing:labour:construct-alfresco-and-box-gutters,,requires-assembly-model,Product/resource bundle; needs assembly template rather than single catalogue row.
quote-85,85,stage:frame,category:frame,subcategory:labour,CONSTRUCT PARAPET WALLS,ITEM,,Frame Stage Labour,estimating-item,estimating:frame:labour:construct-parapet-walls,false,,quote-85,,derived-runtime,estimating:frame:labour:construct-parapet-walls,,existing-derived-estimating-row,"Labour, plant, service, fee, or construction resource candidate."
quote-86,86,stage:frame,category:frame,subcategory:labour,INSTALL STEEL POST TO 3.0M,ITEM,,Frame Stage Labour,estimating-item,estimating:frame:labour:install-steel-post-to-3-0m,false,,quote-86,,derived-runtime,estimating:frame:labour:install-steel-post-to-3-0m,,existing-derived-estimating-row,"Labour, plant, service, fee, or construction resource candidate."
quote-87,87,stage:frame,category:frame,subcategory:labour,LABOUR FOR STRUCTURAL STEEL INSTALLATION,ITEM,,Frame Stage Labour,estimating-item,estimating:frame:labour:labour-for-structural-steel-installation,false,,quote-87,,derived-runtime,estimating:frame:labour:labour-for-structural-steel-installation,,existing-derived-estimating-row,"Labour, plant, service, fee, or construction resource candidate."
quote-88,88,stage:frame,category:frame,subcategory:labour,TIE DOWN & SHEET BRACING GROUND LEVEL,M2,,Frame Stage Labour,formula,,false,,,,rule,,,not-a-catalogue-record,Formula-driven row; keep out of master catalogues.
quote-30020,30020,stage:frame,category:frame,subcategory:labour,TIE DOWN & SHEET BRACING SECOND LEVEL,M2,,Frame Stage Labour,estimating-item,estimating:frame:labour:tie-down-and-sheet-bracing-second-level,false,,quote-30020,,derived-runtime,estimating:frame:labour:tie-down-and-sheet-bracing-second-level,,existing-derived-estimating-row,"Labour, plant, service, fee, or construction resource candidate."
quote-30021,30021,stage:frame,category:frame,subcategory:labour,TIE DOWN & SHEET BRACING THIRD LEVEL,M2,,Frame Stage Labour,estimating-item,estimating:frame:labour:tie-down-and-sheet-bracing-third-level,false,,quote-30021,,derived-runtime,estimating:frame:labour:tie-down-and-sheet-bracing-third-level,,existing-derived-estimating-row,"Labour, plant, service, fee, or construction resource candidate."
quote-89,89,stage:frame,category:frame,subcategory:labour,EXTRA FOR W41 (N3) WIND RATING,M2,,Frame Stage Labour,estimating-item,estimating:frame:labour:extra-for-w41-n3-wind-rating,false,,quote-89,,derived-runtime,estimating:frame:labour:extra-for-w41-n3-wind-rating,,existing-derived-estimating-row,"Labour, plant, service, fee, or construction resource candidate."
quote-90,90,stage:frame,category:flooring-tiling,subcategory:labour,LABOUR - STAND EXTERIOR WALLS - GROUND FLOOR,LM,,Frame Stage Labour,estimating-item,estimating:flooring-tiling:labour:labour-stand-exterior-walls-ground-floor,false,,quote-90,,derived-runtime,estimating:flooring-tiling:labour:labour-stand-exterior-walls-ground-floor,,existing-derived-estimating-row,"Labour, plant, service, fee, or construction resource candidate."
quote-91,91,stage:frame,category:frame,subcategory:labour,LABOUR - EXTERIOR WALLS - SECOND LEVEL,LM,,Frame Stage Labour,formula,,false,,,,rule,,,not-a-catalogue-record,Formula-driven row; keep out of master catalogues.
quote-30019,30019,stage:frame,category:frame,subcategory:labour,LABOUR - EXTERIOR WALLS - THIRD LEVEL,LM,,Frame Stage Labour,estimating-item,estimating:frame:labour:labour-exterior-walls-third-level,false,,quote-30019,,derived-runtime,estimating:frame:labour:labour-exterior-walls-third-level,,existing-derived-estimating-row,"Labour, plant, service, fee, or construction resource candidate."
quote-92,92,stage:frame,category:frame,subcategory:labour,LABOUR - STAND INTERIOR WALLS - LOWER,LM,,Frame Stage Labour,estimating-item,estimating:frame:labour:labour-stand-interior-walls-lower,false,,quote-92,,derived-runtime,estimating:frame:labour:labour-stand-interior-walls-lower,,existing-derived-estimating-row,"Labour, plant, service, fee, or construction resource candidate."
quote-93,93,stage:frame,category:frame,subcategory:labour,LABOUR - INTERIOR WALLS - SECOND LEVEL,LM,,Frame Stage Labour,formula,,false,,,,rule,,,not-a-catalogue-record,Formula-driven row; keep out of master catalogues.
quote-30022,30022,stage:frame,category:frame,subcategory:labour,LABOUR - INTERIOR WALLS - THIRD LEVEL,LM,,Frame Stage Labour,estimating-item,estimating:frame:labour:labour-interior-walls-third-level,false,,quote-30022,,derived-runtime,estimating:frame:labour:labour-interior-walls-third-level,,existing-derived-estimating-row,"Labour, plant, service, fee, or construction resource candidate."
quote-94,94,stage:frame,category:frame,subcategory:labour,EXTRA COST FOR 2.7m WALLS,LM,-,Frame Stage Labour,formula,,false,,,,rule,,,not-a-catalogue-record,Formula-driven row; keep out of master catalogues.
quote-95,95,stage:frame,category:frame,subcategory:labour,EXTRA COST FOR 3.0m WALLS,LM,,Frame Stage Labour,estimating-item,estimating:frame:labour:extra-cost-for-3-0m-walls,false,,quote-95,,derived-runtime,estimating:frame:labour:extra-cost-for-3-0m-walls,,existing-derived-estimating-row,"Labour, plant, service, fee, or construction resource candidate."
quote-96,96,stage:frame,category:cabinetry,subcategory:cabinet-units-components,LABOUR TO FRAME BULKHEADS,ITEM,,Frame Stage Labour,estimating-item,estimating:cabinetry:cabinet-units-components:labour-to-frame-bulkheads,false,,quote-96,,derived-runtime,estimating:cabinetry:cabinet-units-components:labour-to-frame-bulkheads,,existing-derived-estimating-row,"Labour, plant, service, fee, or construction resource candidate."
quote-97,97,stage:frame,category:flooring-tiling,subcategory:labour,LABOUR TO INSTALL FLOORING SUPPORT BEAMS,EACH,,Frame Stage Labour,estimating-item,estimating:flooring-tiling:labour:labour-to-install-flooring-support-beams,false,,quote-97,,derived-runtime,estimating:flooring-tiling:labour:labour-to-install-flooring-support-beams,,existing-derived-estimating-row,"Labour, plant, service, fee, or construction resource candidate."
quote-98,98,stage:frame,category:flooring-tiling,subcategory:labour,LABOUR TO INSTALL FLOOR JOISTS,M2,,Frame Stage Labour,estimating-item,estimating:flooring-tiling:labour:labour-to-install-floor-joists,false,,quote-98,,derived-runtime,estimating:flooring-tiling:labour:labour-to-install-floor-joists,,existing-derived-estimating-row,"Labour, plant, service, fee, or construction resource candidate."
quote-99,99,stage:frame,category:flooring-tiling,subcategory:labour,LABOUR TO LAY SHEET FLOORING,M2,,Frame Stage Labour,estimating-item,estimating:flooring-tiling:labour:labour-to-lay-sheet-flooring,false,,quote-99,,derived-runtime,estimating:flooring-tiling:labour:labour-to-lay-sheet-flooring,,existing-derived-estimating-row,"Labour, plant, service, fee, or construction resource candidate."
quote-100,100,stage:frame,category:frame,subcategory:labour,CHIPPY HIGHT SET ALLOWANCE,ITEM,,Frame Stage Labour,allowance,allowance:frame:labour:chippy-hight-set-allowance,false,,quote-100,,derived-runtime,estimating:frame:labour:chippy-hight-set-allowance,,requires-review,Allowance or provisional row; not an actual product model.
quote-101,101,stage:frame,category:plumbing-fixtures,subcategory:baths,LABOUR TO INSTALL STANDARD BATH,ITEM,,Frame Stage Labour,formula,,false,,,,rule,,,not-a-catalogue-record,Formula-driven row; keep out of master catalogues.
quote-102,102,stage:frame,category:plumbing-fixtures,subcategory:baths,FABRICATE BATH PODIUM,ITEM,,Frame Stage Labour,assembly,assembly:plumbing-fixtures:baths:fabricate-bath-podium,false,,quote-102,,derived-runtime,assembly:plumbing-fixtures:baths:fabricate-bath-podium,,requires-assembly-model,Product/resource bundle; needs assembly template rather than single catalogue row.
quote-103,103,stage:frame,category:frame,subcategory:labour,LABOUR TO INSTALL SPA AND HOB,ITEM,,Frame Stage Labour,estimating-item,estimating:frame:labour:labour-to-install-spa-and-hob,false,,quote-103,,derived-runtime,estimating:frame:labour:labour-to-install-spa-and-hob,,existing-derived-estimating-row,"Labour, plant, service, fee, or construction resource candidate."
quote-104,104,stage:frame,category:windows-doors,subcategory:labour,INSTALL CAVITY DOOR CAGE,ITEM,,Frame Stage Labour,estimating-item,estimating:windows-doors:labour:install-cavity-door-cage,false,,quote-104,,derived-runtime,estimating:windows-doors:labour:install-cavity-door-cage,,existing-derived-estimating-row,"Labour, plant, service, fee, or construction resource candidate."
quote-105,105,stage:frame,category:frame,subcategory:labour,CEILING COFFERS,LM,,Frame Stage Labour,estimating-item,estimating:frame:labour:ceiling-coffers,false,,quote-105,,derived-runtime,estimating:frame:labour:ceiling-coffers,,existing-derived-estimating-row,"Labour, plant, service, fee, or construction resource candidate."
quote-106,106,stage:frame,category:frame,subcategory:labour,LABOUR TO FRAME PORCH WITH SCISSOR TRUSS,ITEM,,Frame Stage Labour,estimating-item,estimating:frame:labour:labour-to-frame-porch-with-scissor-truss,false,,quote-106,,derived-runtime,estimating:frame:labour:labour-to-frame-porch-with-scissor-truss,,existing-derived-estimating-row,"Labour, plant, service, fee, or construction resource candidate."
quote-107,107,stage:frame,category:frame,subcategory:labour,FRAMEWORKS FOR DUTCH GABLES,ITEM,,Frame Stage Labour,estimating-item,estimating:frame:labour:frameworks-for-dutch-gables,false,,quote-107,,derived-runtime,estimating:frame:labour:frameworks-for-dutch-gables,,existing-derived-estimating-row,"Labour, plant, service, fee, or construction resource candidate."
quote-108,108,stage:frame,category:frame,subcategory:labour,LABOUR TO INSTALL BALCONY JOISTS,ITEM,,Frame Stage Labour,estimating-item,estimating:frame:labour:labour-to-install-balcony-joists,false,,quote-108,,derived-runtime,estimating:frame:labour:labour-to-install-balcony-joists,,existing-derived-estimating-row,"Labour, plant, service, fee, or construction resource candidate."
quote-109,109,stage:frame,category:frame,subcategory:labour,INSTALL EXTERIOR STAIRS,TREAD,,Frame Stage Labour,estimating-item,estimating:frame:labour:install-exterior-stairs,false,,quote-109,,derived-runtime,estimating:frame:labour:install-exterior-stairs,,existing-derived-estimating-row,"Labour, plant, service, fee, or construction resource candidate."
quote-110,110,stage:frame,category:frame,subcategory:labour,NAIL ALLOWANCE,ITEM,,Frame Stage Labour,allowance,allowance:frame:labour:nail-allowance,false,,quote-110,,derived-runtime,estimating:frame:labour:nail-allowance,,requires-review,Allowance or provisional row; not an actual product model.
quote-115,115,stage:lock-up,category:lock-up-stage-labour,subcategory:labour,LINE EAVES - FLAT,LM,,Lock-up Stage Labour,estimating-item,estimating:lock-up-stage-labour:labour:line-eaves-flat,false,,quote-115,,derived-runtime,estimating:lock-up-stage-labour:labour:line-eaves-flat,,existing-derived-estimating-row,"Labour, plant, service, fee, or construction resource candidate."
quote-116,116,stage:lock-up,category:lock-up-stage-labour,subcategory:labour,LINE EAVES - RAKED,LM,,Lock-up Stage Labour,estimating-item,estimating:lock-up-stage-labour:labour:line-eaves-raked,false,,quote-116,,derived-runtime,estimating:lock-up-stage-labour:labour:line-eaves-raked,,existing-derived-estimating-row,"Labour, plant, service, fee, or construction resource candidate."
quote-117,117,stage:lock-up,category:lock-up-stage-labour,subcategory:labour,ADD FOR SECOND STOREY,LM,,Lock-up Stage Labour,estimating-item,estimating:lock-up-stage-labour:labour:add-for-second-storey,false,,quote-117,,derived-runtime,estimating:lock-up-stage-labour:labour:add-for-second-storey,,existing-derived-estimating-row,"Labour, plant, service, fee, or construction resource candidate."
quote-118,118,stage:lock-up,category:lock-up-stage-labour,subcategory:labour,LABOUR TO INSTALL SISALATION GROUND LEVEL,M2,-,Lock-up Stage Labour,formula,,false,,,,rule,,,not-a-catalogue-record,Formula-driven row; keep out of master catalogues.
quote-119,119,stage:lock-up,category:lock-up-stage-labour,subcategory:labour,LABOUR TO INSTALL SISALATION SECOND LEVEL,M2,-,Lock-up Stage Labour,formula,,false,,,,rule,,,not-a-catalogue-record,Formula-driven row; keep out of master catalogues.
quote-30034,30034,stage:lock-up,category:lock-up-stage-labour,subcategory:labour,LABOUR TO INSTALL SISALATION THIRD LEVEL,M2,,Lock-up Stage Labour,estimating-item,estimating:lock-up-stage-labour:labour:labour-to-install-sisalation-third-level,false,,quote-30034,,derived-runtime,estimating:lock-up-stage-labour:labour:labour-to-install-sisalation-third-level,,existing-derived-estimating-row,"Labour, plant, service, fee, or construction resource candidate."
quote-120,120,stage:lock-up,category:lock-up-stage-labour,subcategory:labour,LABOUR TO INSTALL WALL INSULATION BATTS GROUND LEVEL,M2,-,Lock-up Stage Labour,formula,,false,,,,rule,,,not-a-catalogue-record,Formula-driven row; keep out of master catalogues.
quote-30035,30035,stage:lock-up,category:lock-up-stage-labour,subcategory:labour,LABOUR TO INSTALL WALL INSULATION BATTS SECOND LEVEL,M2,,Lock-up Stage Labour,estimating-item,estimating:lock-up-stage-labour:labour:labour-to-install-wall-insulation-batts-second-level,false,,quote-30035,,derived-runtime,estimating:lock-up-stage-labour:labour:labour-to-install-wall-insulation-batts-second-level,,existing-derived-estimating-row,"Labour, plant, service, fee, or construction resource candidate."
quote-30036,30036,stage:lock-up,category:lock-up-stage-labour,subcategory:labour,LABOUR TO INSTALL WALL INSULATION BATTS THIRD LEVEL,M2,,Lock-up Stage Labour,estimating-item,estimating:lock-up-stage-labour:labour:labour-to-install-wall-insulation-batts-third-level,false,,quote-30036,,derived-runtime,estimating:lock-up-stage-labour:labour:labour-to-install-wall-insulation-batts-third-level,,existing-derived-estimating-row,"Labour, plant, service, fee, or construction resource candidate."
quote-121,121,stage:lock-up,category:lock-up-stage-labour,subcategory:labour,LABOUR TO INSTALL INSULATION CEILING BATTS,M2,,Lock-up Stage Labour,estimating-item,estimating:lock-up-stage-labour:labour:labour-to-install-insulation-ceiling-batts,false,,quote-121,,derived-runtime,estimating:lock-up-stage-labour:labour:labour-to-install-insulation-ceiling-batts,,existing-derived-estimating-row,"Labour, plant, service, fee, or construction resource candidate."
quote-122,122,stage:lock-up,category:windows-doors,subcategory:labour,INSTALL WINDOW INFILLS TO GABLES,ITEM,,Lock-up Stage Labour,estimating-item,estimating:windows-doors:labour:install-window-infills-to-gables,false,,quote-122,,derived-runtime,estimating:windows-doors:labour:install-window-infills-to-gables,,existing-derived-estimating-row,"Labour, plant, service, fee, or construction resource candidate."
quote-123,123,stage:lock-up,category:windows-doors,subcategory:labour,WINDOW INFILLS,ITEM,,Lock-up Stage Labour,assembly,assembly:windows-doors:labour:window-infills,false,,quote-123,,derived-runtime,assembly:windows-doors:labour:window-infills,,requires-assembly-model,Product/resource bundle; needs assembly template rather than single catalogue row.
quote-124,124,stage:lock-up,category:lock-up-stage-labour,subcategory:labour,INSTALL HARDIES LINEA WEATHERBOARDS,M2,,Lock-up Stage Labour,estimating-item,estimating:lock-up-stage-labour:labour:install-hardies-linea-weatherboards,false,,quote-124,,derived-runtime,estimating:lock-up-stage-labour:labour:install-hardies-linea-weatherboards,,existing-derived-estimating-row,"Labour, plant, service, fee, or construction resource candidate."
quote-30039,30039,stage:lock-up,category:external-cladding,subcategory:labour,INSTALL LINEA BOARD CLADDING,M2,,Lock-up Stage Labour,estimating-item,estimating:external-cladding:labour:install-linea-board-cladding,false,,quote-30039,,derived-runtime,estimating:external-cladding:labour:install-linea-board-cladding,,existing-derived-estimating-row,"Labour, plant, service, fee, or construction resource candidate."
quote-125,125,stage:lock-up,category:cabinetry,subcategory:cabinet-units-components,CONSTRUCT BULKHEADS FOR BOX GUTTERS,EACH,,Lock-up Stage Labour,assembly,assembly:cabinetry:cabinet-units-components:construct-bulkheads-for-box-gutters,false,,quote-125,,derived-runtime,assembly:cabinetry:cabinet-units-components:construct-bulkheads-for-box-gutters,,requires-assembly-model,Product/resource bundle; needs assembly template rather than single catalogue row.
quote-126,126,stage:lock-up,category:lock-up-stage-labour,subcategory:labour,INSTALL FIBRO SHEET & STRAPS TO EXT WALLS,M2,,Lock-up Stage Labour,estimating-item,estimating:lock-up-stage-labour:labour:install-fibro-sheet-and-straps-to-ext-walls,false,,quote-126,,derived-runtime,estimating:lock-up-stage-labour:labour:install-fibro-sheet-and-straps-to-ext-walls,,existing-derived-estimating-row,"Labour, plant, service, fee, or construction resource candidate."
quote-127,127,stage:lock-up,category:external-cladding,subcategory:labour,INSTALL MATRIX CLADDING,M2,,Lock-up Stage Labour,estimating-item,estimating:external-cladding:labour:install-matrix-cladding,false,,quote-127,,derived-runtime,estimating:external-cladding:labour:install-matrix-cladding,,existing-derived-estimating-row,"Labour, plant, service, fee, or construction resource candidate."
quote-128,128,stage:lock-up,category:electrical,subcategory:light-fittings,INSTALL LIGHTWEIGHT CLADDING GROUND FLOOR,M2,,Lock-up Stage Labour,estimating-item,estimating:electrical:light-fittings:install-lightweight-cladding-ground-floor,false,,quote-128,,derived-runtime,estimating:electrical:light-fittings:install-lightweight-cladding-ground-floor,,existing-derived-estimating-row,"Labour, plant, service, fee, or construction resource candidate."
quote-30037,30037,stage:lock-up,category:electrical,subcategory:light-fittings,INSTALL LIGHTWEIGHT CLADDING SECOND LEVEL,M2,,Lock-up Stage Labour,estimating-item,estimating:electrical:light-fittings:install-lightweight-cladding-second-level,false,,quote-30037,,derived-runtime,estimating:electrical:light-fittings:install-lightweight-cladding-second-level,,existing-derived-estimating-row,"Labour, plant, service, fee, or construction resource candidate."
quote-30038,30038,stage:lock-up,category:electrical,subcategory:light-fittings,INSTALL LIGHTWEIGHT CLADDING THIRD LEVEL,M2,,Lock-up Stage Labour,estimating-item,estimating:electrical:light-fittings:install-lightweight-cladding-third-level,false,,quote-30038,,derived-runtime,estimating:electrical:light-fittings:install-lightweight-cladding-third-level,,existing-derived-estimating-row,"Labour, plant, service, fee, or construction resource candidate."
quote-129,129,stage:lock-up,category:external-cladding,subcategory:labour,INSTALL WEATHERTEX CLADDING,M2,,Lock-up Stage Labour,estimating-item,estimating:external-cladding:labour:install-weathertex-cladding,false,,quote-129,,derived-runtime,estimating:external-cladding:labour:install-weathertex-cladding,,existing-derived-estimating-row,"Labour, plant, service, fee, or construction resource candidate."
quote-130,130,stage:lock-up,category:lock-up-stage-labour,subcategory:labour,INSTALL SHADOW CLAD TO GABLES,M2,,Lock-up Stage Labour,estimating-item,estimating:lock-up-stage-labour:labour:install-shadow-clad-to-gables,false,,quote-130,,derived-runtime,estimating:lock-up-stage-labour:labour:install-shadow-clad-to-gables,,existing-derived-estimating-row,"Labour, plant, service, fee, or construction resource candidate."
quote-131,131,stage:lock-up,category:lock-up-stage-labour,subcategory:labour,INSTALL STEP FLASHING TO EXTERIOR WALLS,LM,,Lock-up Stage Labour,estimating-item,estimating:lock-up-stage-labour:labour:install-step-flashing-to-exterior-walls,false,,quote-131,,derived-runtime,estimating:lock-up-stage-labour:labour:install-step-flashing-to-exterior-walls,,existing-derived-estimating-row,"Labour, plant, service, fee, or construction resource candidate."
quote-132,132,stage:lock-up,category:external-cladding,subcategory:labour,INSTALL HARDIFLEX SHEETING FOR RENDER,M2,,Lock-up Stage Labour,estimating-item,estimating:external-cladding:labour:install-hardiflex-sheeting-for-render,false,,quote-132,,derived-runtime,estimating:external-cladding:labour:install-hardiflex-sheeting-for-render,,existing-derived-estimating-row,"Labour, plant, service, fee, or construction resource candidate."
quote-133,133,stage:lock-up,category:lock-up-stage-labour,subcategory:labour,INSTALL COLOURBOND PANELS TO EXT WALLS,M2,,Lock-up Stage Labour,estimating-item,estimating:lock-up-stage-labour:labour:install-colourbond-panels-to-ext-walls,false,,quote-133,,derived-runtime,estimating:lock-up-stage-labour:labour:install-colourbond-panels-to-ext-walls,,existing-derived-estimating-row,"Labour, plant, service, fee, or construction resource candidate."
quote-134,134,stage:lock-up,category:external-cladding,subcategory:labour,INSTALL STYROFOAM CLADDING,M2,,Lock-up Stage Labour,estimating-item,estimating:external-cladding:labour:install-styrofoam-cladding,false,,quote-134,,derived-runtime,estimating:external-cladding:labour:install-styrofoam-cladding,,existing-derived-estimating-row,"Labour, plant, service, fee, or construction resource candidate."
quote-135,135,stage:lock-up,category:windows-doors,subcategory:labour,ADDITIONAL HEIGHT WALLS (WINDOW INFILLS),M2,,Lock-up Stage Labour,informational,,false,,,,rule,,,not-a-catalogue-record,Informational or confirmation-only row.
quote-136,136,stage:lock-up,category:windows-doors,subcategory:labour,INSTALL GARAGE DOOR JAMB,ITEM,,Lock-up Stage Labour,estimating-item,estimating:windows-doors:labour:install-garage-door-jamb,false,,quote-136,,derived-runtime,estimating:windows-doors:labour:install-garage-door-jamb,,existing-derived-estimating-row,"Labour, plant, service, fee, or construction resource candidate."
quote-137,137,stage:lock-up,category:windows-doors,subcategory:labour,FABRICATE ENTRY DOOR JAMB,ITEM,,Lock-up Stage Labour,assembly,assembly:windows-doors:labour:fabricate-entry-door-jamb,false,,quote-137,,derived-runtime,assembly:windows-doors:labour:fabricate-entry-door-jamb,,requires-assembly-model,Product/resource bundle; needs assembly template rather than single catalogue row.
quote-138,138,stage:lock-up,category:windows-doors,subcategory:labour,INSTALL SINGLE ENTRY DOOR INC. JAMB/FURN,EACH,,Lock-up Stage Labour,estimating-item,estimating:windows-doors:labour:install-single-entry-door-inc-jamb-furn,false,,quote-138,,derived-runtime,estimating:windows-doors:labour:install-single-entry-door-inc-jamb-furn,,existing-derived-estimating-row,"Labour, plant, service, fee, or construction resource candidate."
quote-139,139,stage:lock-up,category:electrical,subcategory:light-fittings,ADD FOR ADDITIONAL SIDELIGHTS,ITEM,,Lock-up Stage Labour,informational,,false,,,,rule,,,not-a-catalogue-record,Informational or confirmation-only row.
quote-140,140,stage:lock-up,category:flooring-tiling,subcategory:labour,LOCK-UP GROUND FLOOR,M2,,Lock-up Stage Labour,estimating-item,estimating:flooring-tiling:labour:lock-up-ground-floor,false,,quote-140,,derived-runtime,estimating:flooring-tiling:labour:lock-up-ground-floor,,existing-derived-estimating-row,"Labour, plant, service, fee, or construction resource candidate."
quote-141,141,stage:lock-up,category:lock-up-stage-labour,subcategory:labour,INSTALL TIMBER HANDRAILS TO BALUSTRADES,LM,,Lock-up Stage Labour,estimating-item,estimating:lock-up-stage-labour:labour:install-timber-handrails-to-balustrades,false,,quote-141,,derived-runtime,estimating:lock-up-stage-labour:labour:install-timber-handrails-to-balustrades,,existing-derived-estimating-row,"Labour, plant, service, fee, or construction resource candidate."
quote-142,142,stage:lock-up,category:lock-up-stage-labour,subcategory:labour,FABRICATE & INSTALL TIMBER BALUSTRADING,LM,,Lock-up Stage Labour,estimating-item,estimating:lock-up-stage-labour:labour:fabricate-and-install-timber-balustrading,false,,quote-142,,derived-runtime,estimating:lock-up-stage-labour:labour:fabricate-and-install-timber-balustrading,,existing-derived-estimating-row,"Labour, plant, service, fee, or construction resource candidate."
quote-143,143,stage:lock-up,category:lock-up-stage-labour,subcategory:labour,INSTALL CABLE BALUSTRADE,LM,,Lock-up Stage Labour,estimating-item,estimating:lock-up-stage-labour:labour:install-cable-balustrade,false,,quote-143,,derived-runtime,estimating:lock-up-stage-labour:labour:install-cable-balustrade,,existing-derived-estimating-row,"Labour, plant, service, fee, or construction resource candidate."
quote-144,144,stage:lock-up,category:lock-up-stage-labour,subcategory:labour,LABOUR FOR FAÇADE DETAIL,ITEM,,Lock-up Stage Labour,estimating-item,estimating:lock-up-stage-labour:labour:labour-for-fa-ade-detail,false,,quote-144,,derived-runtime,estimating:lock-up-stage-labour:labour:labour-for-fa-ade-detail,,existing-derived-estimating-row,"Labour, plant, service, fee, or construction resource candidate."
quote-145,145,stage:lock-up,category:lock-up-stage-labour,subcategory:labour,LABOUR FOR FAÇADE DETAIL,ITEM,,Lock-up Stage Labour,estimating-item,estimating:lock-up-stage-labour:labour:labour-for-fa-ade-detail,false,,quote-145,,derived-runtime,estimating:lock-up-stage-labour:labour:labour-for-fa-ade-detail,,existing-derived-estimating-row,"Labour, plant, service, fee, or construction resource candidate."
quote-146,146,stage:lock-up,category:lock-up-stage-labour,subcategory:labour,LINE DUTCH GABLES,ITEM,,Lock-up Stage Labour,estimating-item,estimating:lock-up-stage-labour:labour:line-dutch-gables,false,,quote-146,,derived-runtime,estimating:lock-up-stage-labour:labour:line-dutch-gables,,existing-derived-estimating-row,"Labour, plant, service, fee, or construction resource candidate."
quote-150,150,stage:lock-up,category:windows-doors,subcategory:labour,HANG DOOR IN CAVITY SLIDER UNIT,EACH,,Fix-out Stage Labour,formula,,false,,,,rule,,,not-a-catalogue-record,Formula-driven row; keep out of master catalogues.
quote-151,151,stage:lock-up,category:windows-doors,subcategory:labour,HANG FOW SLIDING DOOR,EACH,,Fix-out Stage Labour,assembly,assembly:windows-doors:labour:hang-fow-sliding-door,false,,quote-151,,derived-runtime,assembly:windows-doors:labour:hang-fow-sliding-door,,requires-assembly-model,Product/resource bundle; needs assembly template rather than single catalogue row.
quote-152,152,stage:lock-up,category:windows-doors,subcategory:labour,HANG SINGLE DOOR INC. JAMB/ARCH/FURNITURE,EACH,,Fix-out Stage Labour,formula,,false,,,,rule,,,not-a-catalogue-record,Formula-driven row; keep out of master catalogues.
quote-153,153,stage:lock-up,category:windows-doors,subcategory:labour,HANG DOUBLE DOORS INC. JAMB/FURNITURE,EACH,,Fix-out Stage Labour,assembly,assembly:windows-doors:labour:hang-double-doors-inc-jamb-furniture,false,,quote-153,,derived-runtime,assembly:windows-doors:labour:hang-double-doors-inc-jamb-furniture,,requires-assembly-model,Product/resource bundle; needs assembly template rather than single catalogue row.
quote-154,154,stage:unassigned,category:windows-doors,subcategory:shelving,"INSTALL ROBE JAMB, SHELF & HANGING RAIL",ITEM,,Fix-out Stage Labour,estimating-item,estimating:windows-doors:shelving:install-robe-jamb-shelf-and-hanging-rail,false,,quote-154,,derived-runtime,estimating:windows-doors:shelving:install-robe-jamb-shelf-and-hanging-rail,,existing-derived-estimating-row,"Labour, plant, service, fee, or construction resource candidate."
quote-155,155,stage:unassigned,category:cabinetry,subcategory:shelving,INSTALL SHELVING TO WIR,ITEM,,Fix-out Stage Labour,estimating-item,estimating:cabinetry:shelving:install-shelving-to-wir,false,,quote-155,,derived-runtime,estimating:cabinetry:shelving:install-shelving-to-wir,,existing-derived-estimating-row,"Labour, plant, service, fee, or construction resource candidate."
quote-156,156,stage:unassigned,category:cabinetry,subcategory:shelving,INSTALL SHELVING TO LINEN/BROOM/PANTRY,ITEM,,Fix-out Stage Labour,estimating-item,estimating:cabinetry:shelving:install-shelving-to-linen-broom-pantry,false,,quote-156,,derived-runtime,estimating:cabinetry:shelving:install-shelving-to-linen-broom-pantry,,existing-derived-estimating-row,"Labour, plant, service, fee, or construction resource candidate."
quote-157,157,stage:lock-up,category:windows-doors,subcategory:labour,INSTALL WINDOW ARCHITRAVES,EACH,-,Fix-out Stage Labour,formula,,false,,,,rule,,,not-a-catalogue-record,Formula-driven row; keep out of master catalogues.
quote-158,158,stage:lock-up,category:windows-doors,subcategory:labour,INSTALL EXTERIOR DOOR ARCHITRAVES,EACH,,Fix-out Stage Labour,estimating-item,estimating:windows-doors:labour:install-exterior-door-architraves,false,,quote-158,,derived-runtime,estimating:windows-doors:labour:install-exterior-door-architraves,,existing-derived-estimating-row,"Labour, plant, service, fee, or construction resource candidate."
quote-159,159,stage:unassigned,category:fix-out-stage-labour,subcategory:labour,INSTALL SKIRTING,LM,-,Fix-out Stage Labour,formula,,false,,,,rule,,,not-a-catalogue-record,Formula-driven row; keep out of master catalogues.
quote-160,160,stage:unassigned,category:fix-out-stage-labour,subcategory:labour,INTERNAL FINAL FIX-OUT,ITEM,-,Fix-out Stage Labour,formula,,false,,,,rule,,,not-a-catalogue-record,Formula-driven row; keep out of master catalogues.
quote-163,163,stage:unassigned,category:practical-completion-stage-labour,subcategory:labour,INSTALL WALL MOUNTED CLOTHES LINE,ITEM,,Practical Completion Stage Labour,estimating-item,estimating:practical-completion-stage-labour:labour:install-wall-mounted-clothes-line,false,,quote-163,,derived-runtime,estimating:practical-completion-stage-labour:labour:install-wall-mounted-clothes-line,,existing-derived-estimating-row,"Labour, plant, service, fee, or construction resource candidate."
quote-164,164,stage:unassigned,category:practical-completion-stage-labour,subcategory:labour,INSTALL ROTARY CLOTHES LINE,ITEM,,Practical Completion Stage Labour,estimating-item,estimating:practical-completion-stage-labour:labour:install-rotary-clothes-line,false,,quote-164,,derived-runtime,estimating:practical-completion-stage-labour:labour:install-rotary-clothes-line,,existing-derived-estimating-row,"Labour, plant, service, fee, or construction resource candidate."
quote-165,165,stage:unassigned,category:practical-completion-stage-labour,subcategory:labour,INSTALL LETTER BOX ON POST,ITEM,,Practical Completion Stage Labour,estimating-item,estimating:practical-completion-stage-labour:labour:install-letter-box-on-post,false,,quote-165,,derived-runtime,estimating:practical-completion-stage-labour:labour:install-letter-box-on-post,,existing-derived-estimating-row,"Labour, plant, service, fee, or construction resource candidate."
quote-168,168,stage:unassigned,category:hourly-rate,subcategory:alterations-to-existing,ALTERATIONS TO EXISTING,HR,,Hourly Rate,formula,,false,,,,rule,,,not-a-catalogue-record,Formula-driven row; keep out of master catalogues.
quote-169,169,stage:unassigned,category:hourly-rate,subcategory:incidentials,INCIDENTIALS,HR,,Hourly Rate,formula,,false,,,,rule,,,not-a-catalogue-record,Formula-driven row; keep out of master catalogues.
quote-170,170,stage:frame,category:frame,subcategory:wind-beam,WIND BEAM,HR,,Hourly Rate,formula,,false,,,,rule,,,not-a-catalogue-record,Formula-driven row; keep out of master catalogues.
quote-171,171,stage:unassigned,category:hourly-rate,subcategory:posts,POSTS,HR,,Hourly Rate,formula,,false,,,,rule,,,not-a-catalogue-record,Formula-driven row; keep out of master catalogues.
quote-172,172,stage:unassigned,category:hourly-rate,subcategory:steel-bearers,STEEL BEARERS,HR,,Hourly Rate,formula,,false,,,,rule,,,not-a-catalogue-record,Formula-driven row; keep out of master catalogues.
quote-173,173,stage:frame,category:frame,subcategory:bearers-and-joists,BEARERS & JOISTS,HR,,Hourly Rate,formula,,false,,,,rule,,,not-a-catalogue-record,Formula-driven row; keep out of master catalogues.
quote-174,174,stage:fix-out,category:flooring-tiling,subcategory:flooring,FLOORING,HR,,Hourly Rate,formula,,false,,,,rule,,,not-a-catalogue-record,Formula-driven row; keep out of master catalogues.
quote-175,175,stage:fix-out,category:flooring-tiling,subcategory:compressed-sheet-flooring,COMPRESSED SHEET FLOORING,HR,,Hourly Rate,formula,,false,,,,rule,,,not-a-catalogue-record,Formula-driven row; keep out of master catalogues.
quote-176,176,stage:frame,category:frame,subcategory:wall-frames,WALL FRAMES,HR,,Hourly Rate,formula,,false,,,,rule,,,not-a-catalogue-record,Formula-driven row; keep out of master catalogues.
quote-177,177,stage:unassigned,category:hourly-rate,subcategory:weatherboards,WEATHERBOARDS,HR,,Hourly Rate,formula,,false,,,,rule,,,not-a-catalogue-record,Formula-driven row; keep out of master catalogues.
quote-178,178,stage:unassigned,category:hourly-rate,subcategory:soffitts,SOFFITTS,HR,,Hourly Rate,formula,,false,,,,rule,,,not-a-catalogue-record,Formula-driven row; keep out of master catalogues.
quote-179,179,stage:lock-up,category:windows-doors,subcategory:windows,WINDOWS,HR,,Hourly Rate,formula,,false,,,,rule,,,not-a-catalogue-record,Formula-driven row; keep out of master catalogues.
quote-180,180,stage:external,category:flooring-tiling,subcategory:deck-floor,DECK FLOOR,HR,,Hourly Rate,formula,,false,,,,rule,,,not-a-catalogue-record,Formula-driven row; keep out of master catalogues.
quote-181,181,stage:frame,category:frame,subcategory:beams,BEAMS,HR,,Hourly Rate,formula,,false,,,,rule,,,not-a-catalogue-record,Formula-driven row; keep out of master catalogues.
quote-182,182,stage:unassigned,category:hourly-rate,subcategory:pergolia,PERGOLIA,HR,,Hourly Rate,formula,,false,,,,rule,,,not-a-catalogue-record,Formula-driven row; keep out of master catalogues.
quote-183,183,stage:unassigned,category:hourly-rate,subcategory:purlins,PURLINS,HR,,Hourly Rate,formula,,false,,,,rule,,,not-a-catalogue-record,Formula-driven row; keep out of master catalogues.
quote-184,184,stage:frame,category:frame,subcategory:trussess,TRUSSESS,HR,,Hourly Rate,formula,,false,,,,rule,,,not-a-catalogue-record,Formula-driven row; keep out of master catalogues.
quote-185,185,stage:lock-up,category:roofing,subcategory:roof-framing,ROOF FRAMING,HR,,Hourly Rate,formula,,false,,,,rule,,,not-a-catalogue-record,Formula-driven row; keep out of master catalogues.
quote-186,186,stage:lock-up,category:hourly-rate,subcategory:lock-up,LOCK UP,HR,,Hourly Rate,formula,,false,,,,rule,,,not-a-catalogue-record,Formula-driven row; keep out of master catalogues.
quote-187,187,stage:unassigned,category:hourly-rate,subcategory:fix-out,FIX OUT,HR,,Hourly Rate,formula,,false,,,,rule,,,not-a-catalogue-record,Formula-driven row; keep out of master catalogues.
quote-188,188,stage:unassigned,category:hourly-rate,subcategory:extras,EXTRAS,ITEM,,Hourly Rate,estimating-item,estimating:hourly-rate:extras:extras,false,,quote-188,,derived-runtime,estimating:hourly-rate:extras:extras,,existing-derived-estimating-row,"Labour, plant, service, fee, or construction resource candidate."
quote-191,191,stage:unassigned,category:travel,subcategory:travel-costs-local,TRAVEL COSTS - LOCAL,DAY,,TRAVEL,estimating-item,estimating:travel:travel-costs-local:travel-costs-local,false,,quote-191,,derived-runtime,estimating:travel:travel-costs-local:travel-costs-local,,existing-derived-estimating-row,"Labour, plant, service, fee, or construction resource candidate."
quote-192,192,stage:unassigned,category:travel,subcategory:travel-costs-1-2-1-hour-travel,TRAVEL COSTS - 1/2 - 1 HOUR TRAVEL,DAY,,TRAVEL,estimating-item,estimating:travel:travel-costs-1-2-1-hour-travel:travel-costs-1-2-1-hour-travel,false,,quote-192,,derived-runtime,estimating:travel:travel-costs-1-2-1-hour-travel:travel-costs-1-2-1-hour-travel,,existing-derived-estimating-row,"Labour, plant, service, fee, or construction resource candidate."
quote-193,193,stage:unassigned,category:travel,subcategory:deliver-and-collect-tools-trailer,DELIVER & COLLECT TOOLS TRAILER,ITEM,,TRAVEL,estimating-item,estimating:travel:deliver-and-collect-tools-trailer:deliver-and-collect-tools-trailer,false,,quote-193,,derived-runtime,estimating:travel:deliver-and-collect-tools-trailer:deliver-and-collect-tools-trailer,,existing-derived-estimating-row,"Labour, plant, service, fee, or construction resource candidate."
quote-197,197,stage:base,category:demolition-works,subcategory:item,ITEM,UNIT,,DEMOLITION WORKS,informational,,false,,,,rule,,,not-a-catalogue-record,Repeated imported column header row; not a catalogue record.
quote-199,199,stage:base,category:demolition-works,subcategory:labour,GENERAL DEMOLITION LABOUR,HR,,DEMOLITION WORKS,formula,,false,,,,rule,,,not-a-catalogue-record,Formula-driven row; keep out of master catalogues.
quote-200,200,stage:base,category:roofing,subcategory:strip-roofing-iron,STRIP ROOFING IRON,HR,,DEMOLITION WORKS,formula,,false,,,,rule,,,not-a-catalogue-record,Formula-driven row; keep out of master catalogues.
quote-201,201,stage:base,category:demolition-works,subcategory:strip-internal-walls,STRIP INTERNAL WALLS,HR,,DEMOLITION WORKS,formula,,false,,,,rule,,,not-a-catalogue-record,Formula-driven row; keep out of master catalogues.
quote-202,202,stage:base,category:roofing,subcategory:remove-fascias-and-guttering,REMOVE FASCIAS AND GUTTERING,HR,,DEMOLITION WORKS,formula,,false,,,,rule,,,not-a-catalogue-record,Formula-driven row; keep out of master catalogues.
quote-203,203,stage:base,category:external-works,subcategory:strip-timber-decking,STRIP TIMBER DECKING,HR,,DEMOLITION WORKS,formula,,false,,,,rule,,,not-a-catalogue-record,Formula-driven row; keep out of master catalogues.
quote-204,204,stage:base,category:demolition-works,subcategory:strip-plaster-ceilings,STRIP PLASTER CEILINGS,HR,,DEMOLITION WORKS,formula,,false,,,,rule,,,not-a-catalogue-record,Formula-driven row; keep out of master catalogues.
quote-205,205,stage:base,category:roofing,subcategory:strip-roof-framing,STRIP ROOF FRAMING,HR,,DEMOLITION WORKS,formula,,false,,,,rule,,,not-a-catalogue-record,Formula-driven row; keep out of master catalogues.
quote-206,206,stage:base,category:windows-doors,subcategory:remove-windows,REMOVE WINDOWS,HR,,DEMOLITION WORKS,formula,,false,,,,rule,,,not-a-catalogue-record,Formula-driven row; keep out of master catalogues.
quote-207,207,stage:base,category:demolition-works,subcategory:strip-architraves-skirts-etc,"STRIP ARCHITRAVES, SKIRTS ETC.",HR,,DEMOLITION WORKS,formula,,false,,,,rule,,,not-a-catalogue-record,Formula-driven row; keep out of master catalogues.
quote-208,208,stage:base,category:demolition-works,subcategory:strip-soffits,STRIP SOFFITS,HR,,DEMOLITION WORKS,formula,,false,,,,rule,,,not-a-catalogue-record,Formula-driven row; keep out of master catalogues.
quote-209,209,stage:base,category:preliminaries,subcategory:clean-debris-from-site,CLEAN DEBRIS FROM SITE,HR,,DEMOLITION WORKS,formula,,false,,,,rule,,,not-a-catalogue-record,Formula-driven row; keep out of master catalogues.
quote-210,210,stage:base,category:demolition-works,subcategory:remove-old-kitchen,REMOVE OLD KITCHEN,HR,,DEMOLITION WORKS,formula,,false,,,,rule,,,not-a-catalogue-record,Formula-driven row; keep out of master catalogues.
quote-211,211,stage:base,category:flooring-tiling,subcategory:strip-roof-tiles-and-stockpile-for-re-use,STRIP ROOF TILES AND STOCKPILE FOR RE-USE,HR,,DEMOLITION WORKS,formula,,false,,,,rule,,,not-a-catalogue-record,Formula-driven row; keep out of master catalogues.
quote-212,212,stage:base,category:demolition-works,subcategory:demolition-works,,HR,,DEMOLITION WORKS,formula,,false,,,,rule,,,not-a-catalogue-record,Formula-driven row; keep out of master catalogues.
quote-213,213,stage:base,category:external-cladding,subcategory:strip-bricks,STRIP BRICKS,HR,,DEMOLITION WORKS,formula,,false,,,,rule,,,not-a-catalogue-record,Formula-driven row; keep out of master catalogues.
quote-214,214,stage:base,category:plumbing-fixtures,subcategory:baths,STRIP OLD BATHROOM,HR,,DEMOLITION WORKS,formula,,false,,,,rule,,,not-a-catalogue-record,Formula-driven row; keep out of master catalogues.
quote-215,215,stage:base,category:windows-doors,subcategory:remove-windows-for-re-use,REMOVE WINDOWS FOR RE-USE,HR,,DEMOLITION WORKS,formula,,false,,,,rule,,,not-a-catalogue-record,Formula-driven row; keep out of master catalogues.
quote-216,216,stage:base,category:demolition-works,subcategory:remove-existing-handrails-etc,REMOVE EXISTING HANDRAILS ETC.,HR,,DEMOLITION WORKS,formula,,false,,,,rule,,,not-a-catalogue-record,Formula-driven row; keep out of master catalogues.
quote-217,217,stage:base,category:windows-doors,subcategory:cut-window-into-side-wall,CUT WINDOW INTO SIDE WALL,HR,,DEMOLITION WORKS,formula,,false,,,,rule,,,not-a-catalogue-record,Formula-driven row; keep out of master catalogues.
quote-218,218,stage:base,category:roofing,subcategory:cut-back-existing-roofing-iron,CUT BACK EXISTING ROOFING IRON,HR,,DEMOLITION WORKS,formula,,false,,,,rule,,,not-a-catalogue-record,Formula-driven row; keep out of master catalogues.
quote-219,219,stage:base,category:roofing,subcategory:cut-back-rafters-to-form-box-gutter,CUT BACK RAFTERS TO FORM BOX GUTTER,HR,,DEMOLITION WORKS,formula,,false,,,,rule,,,not-a-catalogue-record,Formula-driven row; keep out of master catalogues.
quote-220,220,stage:base,category:demolition-works,subcategory:misc-additional-time-allowance,MISC ADDITIONAL TIME ALLOWANCE,HR,,DEMOLITION WORKS,allowance,allowance:demolition-works:misc-additional-time-allowance:misc-additional-time-allowance,false,,quote-220,,derived-runtime,estimating:demolition-works:misc-additional-time-allowance:misc-additional-time-allowance,,requires-review,Allowance or provisional row; not an actual product model.
quote-221,221,stage:base,category:external-cladding,subcategory:cut-openings-in-block-walls,CUT OPENINGS IN BLOCK WALLS,HR,,DEMOLITION WORKS,formula,,false,,,,rule,,,not-a-catalogue-record,Formula-driven row; keep out of master catalogues.
quote-222,222,stage:base,category:demolition-works,subcategory:cut-new-opening-into-rear-wall,CUT NEW OPENING INTO REAR WALL,HR,,DEMOLITION WORKS,formula,,false,,,,rule,,,not-a-catalogue-record,Formula-driven row; keep out of master catalogues.
quote-224,224,stage:base,category:demolition-works,subcategory:plant-hire,PLANT HIRE,UNIT,,DEMOLITION WORKS,estimating-item,estimating:demolition-works:plant-hire:plant-hire,false,,quote-224,,derived-runtime,estimating:demolition-works:plant-hire:plant-hire,,existing-derived-estimating-row,"Labour, plant, service, fee, or construction resource candidate."
quote-225,225,stage:base,category:slab,subcategory:demolish-and-remove-ext-slabs-b-cat,DEMOLISH & REMOVE EXT SLABS (B/CAT),HR,,DEMOLITION WORKS,estimating-item,estimating:slab:demolish-and-remove-ext-slabs-b-cat:demolish-and-remove-ext-slabs-b-cat,false,,quote-225,,derived-runtime,estimating:slab:demolish-and-remove-ext-slabs-b-cat:demolish-and-remove-ext-slabs-b-cat,,existing-derived-estimating-row,"Labour, plant, service, fee, or construction resource candidate."
quote-226,226,stage:base,category:external-works,subcategory:remove-exist-driveway-b-cat,REMOVE EXIST DRIVEWAY (B/CAT),HR,,DEMOLITION WORKS,estimating-item,estimating:external-works:remove-exist-driveway-b-cat:remove-exist-driveway-b-cat,false,,quote-226,,derived-runtime,estimating:external-works:remove-exist-driveway-b-cat:remove-exist-driveway-b-cat,,existing-derived-estimating-row,"Labour, plant, service, fee, or construction resource candidate."
quote-227,227,stage:base,category:slab,subcategory:concrete-cutting,CONCRETE CUTTING,HR,,DEMOLITION WORKS,estimating-item,estimating:slab:concrete-cutting:concrete-cutting,false,,quote-227,,derived-runtime,estimating:slab:concrete-cutting:concrete-cutting,,existing-derived-estimating-row,"Labour, plant, service, fee, or construction resource candidate."
quote-228,228,stage:base,category:demolition-works,subcategory:pneumatic-jack-hammer,PNEUMATIC JACK HAMMER,DAY,,DEMOLITION WORKS,estimating-item,estimating:demolition-works:pneumatic-jack-hammer:pneumatic-jack-hammer,false,,quote-228,,derived-runtime,estimating:demolition-works:pneumatic-jack-hammer:pneumatic-jack-hammer,,existing-derived-estimating-row,"Labour, plant, service, fee, or construction resource candidate."
quote-229,229,stage:base,category:demolition-works,subcategory:consumables,CONSUMABLES,EACH,,DEMOLITION WORKS,estimating-item,estimating:demolition-works:consumables:consumables,false,,quote-229,,derived-runtime,estimating:demolition-works:consumables:consumables,,existing-derived-estimating-row,"Labour, plant, service, fee, or construction resource candidate."
quote-230,230,stage:base,category:demolition-works,subcategory:plant-hire,HIRE OF SKIPS,EACH,,DEMOLITION WORKS,estimating-item,estimating:demolition-works:plant-hire:hire-of-skips,false,,quote-230,,derived-runtime,estimating:demolition-works:plant-hire:hire-of-skips,,existing-derived-estimating-row,"Labour, plant, service, fee, or construction resource candidate."
quote-231,231,stage:base,category:demolition-works,subcategory:plant-hire,BOBCAT & TRUCK HIRE TO CLEAN UP,HR,,DEMOLITION WORKS,estimating-item,estimating:demolition-works:plant-hire:bobcat-and-truck-hire-to-clean-up,false,,quote-231,,derived-runtime,estimating:demolition-works:plant-hire:bobcat-and-truck-hire-to-clean-up,,existing-derived-estimating-row,"Labour, plant, service, fee, or construction resource candidate."
quote-245,245,stage:unassigned,category:job-set-out,subcategory:labour,LABOUR TO SET-OUT BUILDING,HR,,JOB SET-OUT,formula,,false,,,,rule,,,not-a-catalogue-record,Formula-driven row; keep out of master catalogues.
quote-246,246,stage:unassigned,category:job-set-out,subcategory:surveyor-set-out-up-up-25-points,SURVEYOR SET OUT (UP UP 25 POINTS),ITEM,,JOB SET-OUT,estimating-item,estimating:job-set-out:surveyor-set-out-up-up-25-points:surveyor-set-out-up-up-25-points,false,,quote-246,,derived-runtime,estimating:job-set-out:surveyor-set-out-up-up-25-points:surveyor-set-out-up-up-25-points,,existing-derived-estimating-row,"Labour, plant, service, fee, or construction resource candidate."
quote-247,247,stage:unassigned,category:job-set-out,subcategory:additional-point-corners-over-25,ADDITIONAL POINT (CORNERS) OVER 25,EACH,,JOB SET-OUT,informational,,false,,,,rule,,,not-a-catalogue-record,Informational or confirmation-only row.
quote-234,234,stage:unassigned,category:job-set-out,subcategory:item,ITEM,UNIT,QTY,JOB SET-OUT,informational,,false,,,,rule,,,not-a-catalogue-record,Repeated imported column header row; not a catalogue record.
quote-236,236,stage:unassigned,category:job-set-out,subcategory:quote,QUOTE,,,JOB SET-OUT,heading,,false,,,,rule,,,not-a-catalogue-record,Section-like row with no useful pricing unit or quantity.
quote-237,237,stage:unassigned,category:job-set-out,subcategory:gos-pine,GOS PINE,LM,,JOB SET-OUT,formula,,false,,,,rule,,,not-a-catalogue-record,Formula-driven row; keep out of master catalogues.
quote-238,238,stage:unassigned,category:job-set-out,subcategory:nails,NAILS,ITEM,,JOB SET-OUT,informational,,false,,,,rule,,,not-a-catalogue-record,Informational or confirmation-only row.
quote-239,239,stage:unassigned,category:job-set-out,subcategory:stringline,STRINGLINE,EACH,,JOB SET-OUT,estimating-item,estimating:job-set-out:stringline:stringline,false,,quote-239,,derived-runtime,estimating:job-set-out:stringline:stringline,,existing-derived-estimating-row,"Labour, plant, service, fee, or construction resource candidate."
quote-240,240,stage:fix-out,category:painting,subcategory:spray-paint,SPRAY PAINT,ITEM,,JOB SET-OUT,estimating-item,estimating:painting:spray-paint:spray-paint,false,,quote-240,,derived-runtime,estimating:painting:spray-paint:spray-paint,,existing-derived-estimating-row,"Labour, plant, service, fee, or construction resource candidate."
quote-243,243,stage:unassigned,category:job-set-out,subcategory:item,ITEM,UNIT,QTY,JOB SET-OUT,informational,,false,,,,rule,,,not-a-catalogue-record,Repeated imported column header row; not a catalogue record.
quote-250,250,stage:base,category:bulk-earthworks,subcategory:item,ITEM,UNIT,QTY,BULK EARTHWORKS,informational,,false,,,,rule,,,not-a-catalogue-record,Repeated imported column header row; not a catalogue record.
quote-252,252,stage:base,category:bulk-earthworks,subcategory:plant-hire,EXCAVATOR HIRE,HR,,BULK EARTHWORKS,estimating-item,estimating:bulk-earthworks:plant-hire:excavator-hire,false,,quote-252,,derived-runtime,estimating:bulk-earthworks:plant-hire:excavator-hire,,existing-derived-estimating-row,"Labour, plant, service, fee, or construction resource candidate."
quote-253,253,stage:base,category:bulk-earthworks,subcategory:plant-hire,BOBCAT HIRE,HR,,BULK EARTHWORKS,estimating-item,estimating:bulk-earthworks:plant-hire:bobcat-hire,false,,quote-253,,derived-runtime,estimating:bulk-earthworks:plant-hire:bobcat-hire,,existing-derived-estimating-row,"Labour, plant, service, fee, or construction resource candidate."
quote-254,254,stage:base,category:bulk-earthworks,subcategory:plant-hire,BACKHOE HIRE,HR,,BULK EARTHWORKS,estimating-item,estimating:bulk-earthworks:plant-hire:backhoe-hire,false,,quote-254,,derived-runtime,estimating:bulk-earthworks:plant-hire:backhoe-hire,,existing-derived-estimating-row,"Labour, plant, service, fee, or construction resource candidate."
quote-255,255,stage:base,category:bulk-earthworks,subcategory:plant-hire,TIP TRUCK HIRE,HR,,BULK EARTHWORKS,estimating-item,estimating:bulk-earthworks:plant-hire:tip-truck-hire,false,,quote-255,,derived-runtime,estimating:bulk-earthworks:plant-hire:tip-truck-hire,,existing-derived-estimating-row,"Labour, plant, service, fee, or construction resource candidate."
quote-256,256,stage:base,category:bulk-earthworks,subcategory:plant-hire,DROTT HIRE,HR,,BULK EARTHWORKS,estimating-item,estimating:bulk-earthworks:plant-hire:drott-hire,false,,quote-256,,derived-runtime,estimating:bulk-earthworks:plant-hire:drott-hire,,existing-derived-estimating-row,"Labour, plant, service, fee, or construction resource candidate."
quote-257,257,stage:base,category:bulk-earthworks,subcategory:bulldozer,BULLDOZER,HR,,BULK EARTHWORKS,estimating-item,estimating:bulk-earthworks:bulldozer:bulldozer,false,,quote-257,,derived-runtime,estimating:bulk-earthworks:bulldozer:bulldozer,,existing-derived-estimating-row,"Labour, plant, service, fee, or construction resource candidate."
quote-258,258,stage:base,category:bulk-earthworks,subcategory:float-costs,FLOAT COSTS,ITEM,,BULK EARTHWORKS,estimating-item,estimating:bulk-earthworks:float-costs:float-costs,false,,quote-258,,derived-runtime,estimating:bulk-earthworks:float-costs:float-costs,,existing-derived-estimating-row,"Labour, plant, service, fee, or construction resource candidate."
quote-259,259,stage:base,category:bulk-earthworks,subcategory:bulldozer-min-charge,BULLDOZER - MIN CHARGE,ITEM,,BULK EARTHWORKS,estimating-item,estimating:bulk-earthworks:bulldozer-min-charge:bulldozer-min-charge,false,,quote-259,,derived-runtime,estimating:bulk-earthworks:bulldozer-min-charge:bulldozer-min-charge,,existing-derived-estimating-row,"Labour, plant, service, fee, or construction resource candidate."
quote-260,260,stage:base,category:bulk-earthworks,subcategory:removal-of-rock,REMOVAL OF ROCK,M3,,BULK EARTHWORKS,estimating-item,estimating:bulk-earthworks:removal-of-rock:removal-of-rock,false,,quote-260,,derived-runtime,estimating:bulk-earthworks:removal-of-rock:removal-of-rock,,existing-derived-estimating-row,"Labour, plant, service, fee, or construction resource candidate."
quote-261,261,stage:base,category:preliminaries,subcategory:site-excavation,SITE EXCAVATION,M3,,BULK EARTHWORKS,estimating-item,estimating:preliminaries:site-excavation:site-excavation,false,,quote-261,,derived-runtime,estimating:preliminaries:site-excavation:site-excavation,,existing-derived-estimating-row,"Labour, plant, service, fee, or construction resource candidate."
quote-262,262,stage:base,category:preliminaries,subcategory:soil-removal-import-from-to-site,SOIL REMOVAL - IMPORT FROM - TO SITE,M3,,BULK EARTHWORKS,estimating-item,estimating:preliminaries:soil-removal-import-from-to-site:soil-removal-import-from-to-site,false,,quote-262,,derived-runtime,estimating:preliminaries:soil-removal-import-from-to-site:soil-removal-import-from-to-site,,existing-derived-estimating-row,"Labour, plant, service, fee, or construction resource candidate."
quote-265,265,stage:base,category:slab,subcategory:item,ITEM,UNIT,QTY,FOUNDATIONS,informational,,false,,,,rule,,,not-a-catalogue-record,Repeated imported column header row; not a catalogue record.
quote-267,267,stage:base,category:slab,subcategory:excavation-backhoe,EXCAVATION - BACKHOE,LM,,FOUNDATIONS,estimating-item,estimating:slab:excavation-backhoe:excavation-backhoe,false,,quote-267,,derived-runtime,estimating:slab:excavation-backhoe:excavation-backhoe,,existing-derived-estimating-row,"Labour, plant, service, fee, or construction resource candidate."
quote-268,268,stage:base,category:slab,subcategory:excavation-min-charge,EXCAVATION - MIN CHARGE,UNIT,,FOUNDATIONS,estimating-item,estimating:slab:excavation-min-charge:excavation-min-charge,false,,quote-268,,derived-runtime,estimating:slab:excavation-min-charge:excavation-min-charge,,existing-derived-estimating-row,"Labour, plant, service, fee, or construction resource candidate."
quote-269,269,stage:base,category:slab,subcategory:boxing-allowance,BOXING ALLOWANCE,LM,,FOUNDATIONS,allowance,allowance:slab:boxing-allowance:boxing-allowance,false,,quote-269,,derived-runtime,estimating:slab:boxing-allowance:boxing-allowance,,requires-review,Allowance or provisional row; not an actual product model.
quote-270,270,stage:base,category:slab,subcategory:f8-3bar-trench-mesh,F8 3BAR TRENCH MESH,EACH,,FOUNDATIONS,estimating-item,estimating:slab:f8-3bar-trench-mesh:f8-3bar-trench-mesh,false,,quote-270,,derived-runtime,estimating:slab:f8-3bar-trench-mesh:f8-3bar-trench-mesh,,existing-derived-estimating-row,"Labour, plant, service, fee, or construction resource candidate."
quote-271,271,stage:base,category:slab,subcategory:f11-3-bar-trench-mesh,F11 3 BAR TRENCH MESH,EACH,,FOUNDATIONS,estimating-item,estimating:slab:f11-3-bar-trench-mesh:f11-3-bar-trench-mesh,false,,quote-271,,derived-runtime,estimating:slab:f11-3-bar-trench-mesh:f11-3-bar-trench-mesh,,existing-derived-estimating-row,"Labour, plant, service, fee, or construction resource candidate."
quote-272,272,stage:base,category:slab,subcategory:200-x-300-z-cage,200 X 300 Z CAGE,EACH,,FOUNDATIONS,unresolved,,false,,,,unresolved,,ambiguous labour/material item,requires-review,"No reliable product, trade, category, or formula signal."
quote-273,273,stage:base,category:slab,subcategory:corner-bars,CORNER BARS,EACH,,FOUNDATIONS,estimating-item,estimating:slab:corner-bars:corner-bars,false,,quote-273,,derived-runtime,estimating:slab:corner-bars:corner-bars,,existing-derived-estimating-row,"Labour, plant, service, fee, or construction resource candidate."
quote-274,274,stage:base,category:slab,subcategory:starter-bars,STARTER BARS,EACH,,FOUNDATIONS,estimating-item,estimating:slab:starter-bars:starter-bars,false,,quote-274,,derived-runtime,estimating:slab:starter-bars:starter-bars,,existing-derived-estimating-row,"Labour, plant, service, fee, or construction resource candidate."
quote-275,275,stage:base,category:slab,subcategory:rg-ligatures,RG LIGATURES,EACH,,FOUNDATIONS,estimating-item,estimating:slab:rg-ligatures:rg-ligatures,false,,quote-275,,derived-runtime,estimating:slab:rg-ligatures:rg-ligatures,,existing-derived-estimating-row,"Labour, plant, service, fee, or construction resource candidate."
quote-276,276,stage:base,category:slab,subcategory:trench-mesh-chairs,TRENCH MESH CHAIRS,EACH,,FOUNDATIONS,estimating-item,estimating:slab:trench-mesh-chairs:trench-mesh-chairs,false,,quote-276,,derived-runtime,estimating:slab:trench-mesh-chairs:trench-mesh-chairs,,existing-derived-estimating-row,"Labour, plant, service, fee, or construction resource candidate."
quote-277,277,stage:base,category:slab,subcategory:350-x-450-strip-footing-1-x-f11-3-bar,350 x 450 STRIP FOOTING 1 X F11 3 BAR,LM,,FOUNDATIONS,formula,,false,,,,rule,,,not-a-catalogue-record,Formula-driven row; keep out of master catalogues.
quote-278,278,stage:base,category:slab,subcategory:h-footings-to-350-x-600-2-x-f11-bar-add-y,"H FOOTINGS TO 350 X 600 2 X F11 BAR ADD ""Y""",LM,,FOUNDATIONS,formula,,false,,,,rule,,,not-a-catalogue-record,Formula-driven row; keep out of master catalogues.
quote-279,279,stage:base,category:slab,subcategory:concrete-piers,concrete piers,EACH,,FOUNDATIONS,formula,,false,,,,rule,,,not-a-catalogue-record,Formula-driven row; keep out of master catalogues.
quote-280,280,stage:base,category:slab,subcategory:add-corner-bars,ADD CORNER BARS,EACH,,FOUNDATIONS,estimating-item,estimating:slab:add-corner-bars:add-corner-bars,false,,quote-280,,derived-runtime,estimating:slab:add-corner-bars:add-corner-bars,,existing-derived-estimating-row,"Labour, plant, service, fee, or construction resource candidate."
quote-281,281,stage:base,category:slab,subcategory:20-mpa-concrete,20 mpa CONCRETE,M2,,FOUNDATIONS,estimating-item,estimating:slab:20-mpa-concrete:20-mpa-concrete,false,,quote-281,,derived-runtime,estimating:slab:20-mpa-concrete:20-mpa-concrete,,existing-derived-estimating-row,"Labour, plant, service, fee, or construction resource candidate."
quote-283,283,stage:base,category:slab,subcategory:concrete-pump,CONCRETE PUMP,HR,,FOUNDATIONS,estimating-item,estimating:slab:concrete-pump:concrete-pump,false,,quote-283,,derived-runtime,estimating:slab:concrete-pump:concrete-pump,,existing-derived-estimating-row,"Labour, plant, service, fee, or construction resource candidate."
quote-284,284,stage:base,category:slab,subcategory:concrete-pump-min-charge,CONCRETE PUMP MIN CHARGE,ITEM,,FOUNDATIONS,estimating-item,estimating:slab:concrete-pump-min-charge:concrete-pump-min-charge,false,,quote-284,,derived-runtime,estimating:slab:concrete-pump-min-charge:concrete-pump-min-charge,,existing-derived-estimating-row,"Labour, plant, service, fee, or construction resource candidate."
quote-285,285,stage:base,category:slab,subcategory:labour,LABOUR - PREPARATION OF EXCAVATIONS,HR,,FOUNDATIONS,estimating-item,estimating:slab:labour:labour-preparation-of-excavations,false,,quote-285,,derived-runtime,estimating:slab:labour:labour-preparation-of-excavations,,existing-derived-estimating-row,"Labour, plant, service, fee, or construction resource candidate."
quote-286,286,stage:base,category:slab,subcategory:labour,LABOUR TO PREP & POUR STD FOOTINGS,LM,,FOUNDATIONS,estimating-item,estimating:slab:labour:labour-to-prep-and-pour-std-footings,false,,quote-286,,derived-runtime,estimating:slab:labour:labour-to-prep-and-pour-std-footings,,existing-derived-estimating-row,"Labour, plant, service, fee, or construction resource candidate."
quote-287,287,stage:base,category:slab,subcategory:labout-to-set-up-piers,LABOUT TO SET UP PIERS,EACH,,FOUNDATIONS,unresolved,,false,,,,unresolved,,ambiguous labour/material item,requires-review,"No reliable product, trade, category, or formula signal."
quote-288,288,stage:base,category:slab,subcategory:labour,LABOUR TO UPGRADE FOOTINGS TO H CLASS,LM,,FOUNDATIONS,estimating-item,estimating:slab:labour:labour-to-upgrade-footings-to-h-class,false,,quote-288,,derived-runtime,estimating:slab:labour:labour-to-upgrade-footings-to-h-class,,existing-derived-estimating-row,"Labour, plant, service, fee, or construction resource candidate."
quote-292,292,stage:lock-up,category:external-cladding,subcategory:item,ITEM,UNIT,,BASE BRICKWORK,informational,,false,,,,rule,,,not-a-catalogue-record,Repeated imported column header row; not a catalogue record.
quote-294,294,stage:lock-up,category:external-cladding,subcategory:face-bricks-base-range,FACE BRICKS - BASE RANGE,1000,,BASE BRICKWORK,product,product:external-cladding:face-bricks-base-range:face-bricks-base-range,true,,,,rule,product:external-cladding:face-bricks-base-range:face-bricks-base-range,,missing-product-library-candidate,Physical product/material candidate.
quote-295,295,stage:lock-up,category:external-cladding,subcategory:face-bricks-mid-range,FACE BRICKS - MID RANGE,1000,,BASE BRICKWORK,product,product:external-cladding:face-bricks-mid-range:face-bricks-mid-range,true,,,,rule,product:external-cladding:face-bricks-mid-range:face-bricks-mid-range,,missing-product-library-candidate,Physical product/material candidate.
quote-296,296,stage:lock-up,category:external-cladding,subcategory:common-bricks-for-rendering,COMMON BRICKS FOR RENDERING,1000,,BASE BRICKWORK,product,product:external-cladding:common-bricks-for-rendering:common-bricks-for-rendering,true,,,,rule,product:external-cladding:common-bricks-for-rendering:common-bricks-for-rendering,,missing-product-library-candidate,Physical product/material candidate.
quote-297,297,stage:lock-up,category:external-cladding,subcategory:200-series-blocks,200 SERIES BLOCKS,EACH,,BASE BRICKWORK,product,product:external-cladding:200-series-blocks:200-series-blocks,true,,,,rule,product:external-cladding:200-series-blocks:200-series-blocks,,missing-product-library-candidate,Physical product/material candidate.
quote-298,298,stage:lock-up,category:external-cladding,subcategory:200-series-blocks-3-4-blocks,200 SERIES BLOCKS 3/4 BLOCKS,EACH,,BASE BRICKWORK,product,product:external-cladding:200-series-blocks-3-4-blocks:200-series-blocks-3-4-blocks,true,,,,rule,product:external-cladding:200-series-blocks-3-4-blocks:200-series-blocks-3-4-blocks,,missing-product-library-candidate,Physical product/material candidate.
quote-299,299,stage:lock-up,category:external-cladding,subcategory:200-series-blocks-halve-blocks,200 SERIES BLOCKS - HALVE BLOCKS,EACH,,BASE BRICKWORK,product,product:external-cladding:200-series-blocks-halve-blocks:200-series-blocks-halve-blocks,true,,,,rule,product:external-cladding:200-series-blocks-halve-blocks:200-series-blocks-halve-blocks,,missing-product-library-candidate,Physical product/material candidate.
quote-300,300,stage:lock-up,category:external-cladding,subcategory:mortar-mix-sand-cement-etc,"MORTAR MIX (SAND, CEMENT ETC.)",M3,,BASE BRICKWORK,product,product:external-cladding:mortar-mix-sand-cement-etc:mortar-mix-sand-cement-etc,true,,,,rule,product:external-cladding:mortar-mix-sand-cement-etc:mortar-mix-sand-cement-etc,,missing-product-library-candidate,Physical product/material candidate.
quote-301,301,stage:lock-up,category:external-cladding,subcategory:m12-rod,M12 ROD,EACH,,BASE BRICKWORK,product,product:external-cladding:m12-rod:m12-rod,true,,,,rule,product:external-cladding:m12-rod:m12-rod,,missing-product-library-candidate,Physical product/material candidate.
quote-302,302,stage:base,category:external-cladding,subcategory:blockwork-core-fill-concrete,BLOCKWORK CORE FILL CONCRETE,BLOCKS,,BASE BRICKWORK,formula,,false,,,,rule,,,not-a-catalogue-record,Formula-driven row; keep out of master catalogues.
quote-303,303,stage:lock-up,category:external-cladding,subcategory:blockwork-reo,BLOCKWORK REO,ITEM,,BASE BRICKWORK,product,product:external-cladding:blockwork-reo:blockwork-reo,true,,,,rule,product:external-cladding:blockwork-reo:blockwork-reo,,missing-product-library-candidate,Physical product/material candidate.
quote-315,315,stage:base,category:slab,subcategory:item,ITEM,UNIT,QTY,CONCRETE SLAB,informational,,false,,,,rule,,,not-a-catalogue-record,Repeated imported column header row; not a catalogue record.
quote-318,318,stage:base,category:slab,subcategory:slab-and-footing-quote,SLAB & FOOTING QUOTE,ITEM,,Slab Items Cost,estimating-item,estimating:slab:slab-and-footing-quote:slab-and-footing-quote,false,,quote-318,,derived-runtime,estimating:slab:slab-and-footing-quote:slab-and-footing-quote,,existing-derived-estimating-row,"Labour, plant, service, fee, or construction resource candidate."
quote-319,319,stage:base,category:slab,subcategory:concrete-engineered-slab-rough-price,CONCRETE ENGINEERED SLAB (ROUGH PRICE),M2,,Slab Items Cost,estimating-item,estimating:slab:concrete-engineered-slab-rough-price:concrete-engineered-slab-rough-price,false,,quote-319,,derived-runtime,estimating:slab:concrete-engineered-slab-rough-price:concrete-engineered-slab-rough-price,,existing-derived-estimating-row,"Labour, plant, service, fee, or construction resource candidate."
quote-320,320,stage:base,category:plumbing-fixtures,subcategory:showers,RECESSED SHOWER,ITEM,,Slab Items Cost,assembly,assembly:plumbing-fixtures:showers:recessed-shower,false,,quote-320,,derived-runtime,assembly:plumbing-fixtures:showers:recessed-shower,,requires-assembly-model,Product/resource bundle; needs assembly template rather than single catalogue row.
quote-321,321,stage:base,category:windows-doors,subcategory:recessed-garage,RECESSED GARAGE,ITEM,,Slab Items Cost,estimating-item,estimating:windows-doors:recessed-garage:recessed-garage,false,,quote-321,,derived-runtime,estimating:windows-doors:recessed-garage:recessed-garage,,existing-derived-estimating-row,"Labour, plant, service, fee, or construction resource candidate."
quote-322,322,stage:base,category:slab,subcategory:broom-fnished-concrete-paving,BROOM FNISHED CONCRETE PAVING,M2,,Slab Items Cost,estimating-item,estimating:slab:broom-fnished-concrete-paving:broom-fnished-concrete-paving,false,,quote-322,,derived-runtime,estimating:slab:broom-fnished-concrete-paving:broom-fnished-concrete-paving,,existing-derived-estimating-row,"Labour, plant, service, fee, or construction resource candidate."
quote-323,323,stage:base,category:slab,subcategory:edge-beams,EDGE BEAMS,LM,,Slab Items Cost,estimating-item,estimating:slab:edge-beams:edge-beams,false,,quote-323,,derived-runtime,estimating:slab:edge-beams:edge-beams,,existing-derived-estimating-row,"Labour, plant, service, fee, or construction resource candidate."
quote-324,324,stage:base,category:slab,subcategory:internal-beams,INTERNAL BEAMS,LM,,Slab Items Cost,informational,,false,,,,rule,,,not-a-catalogue-record,Informational or confirmation-only row.
quote-325,325,stage:base,category:slab,subcategory:100mm-slab,100mm SLAB,M2,,Slab Items Cost,estimating-item,estimating:slab:100mm-slab:100mm-slab,false,,quote-325,,derived-runtime,estimating:slab:100mm-slab:100mm-slab,,existing-derived-estimating-row,"Labour, plant, service, fee, or construction resource candidate."
quote-328,328,stage:unassigned,category:excavations-and-machine-hire-costs,subcategory:plant-hire,BOBCAT,HR,,Excavations & Machine Hire Costs,estimating-item,estimating:excavations-and-machine-hire-costs:plant-hire:bobcat,false,,quote-328,,derived-runtime,estimating:excavations-and-machine-hire-costs:plant-hire:bobcat,,existing-derived-estimating-row,"Labour, plant, service, fee, or construction resource candidate."
quote-329,329,stage:unassigned,category:excavations-and-machine-hire-costs,subcategory:plant-hire,BOBCAT - MIN CHARGE,ITEM,,Excavations & Machine Hire Costs,estimating-item,estimating:excavations-and-machine-hire-costs:plant-hire:bobcat-min-charge,false,,quote-329,,derived-runtime,estimating:excavations-and-machine-hire-costs:plant-hire:bobcat-min-charge,,existing-derived-estimating-row,"Labour, plant, service, fee, or construction resource candidate."
quote-330,330,stage:unassigned,category:excavations-and-machine-hire-costs,subcategory:plant-hire,EXCAVATOR,HR,,Excavations & Machine Hire Costs,estimating-item,estimating:excavations-and-machine-hire-costs:plant-hire:excavator,false,,quote-330,,derived-runtime,estimating:excavations-and-machine-hire-costs:plant-hire:excavator,,existing-derived-estimating-row,"Labour, plant, service, fee, or construction resource candidate."
quote-331,331,stage:unassigned,category:excavations-and-machine-hire-costs,subcategory:plant-hire,EXCAVATOR - DIG FOOTINGS PRICE PER LM,LM,,Excavations & Machine Hire Costs,estimating-item,estimating:excavations-and-machine-hire-costs:plant-hire:excavator-dig-footings-price-per-lm,false,,quote-331,,derived-runtime,estimating:excavations-and-machine-hire-costs:plant-hire:excavator-dig-footings-price-per-lm,,existing-derived-estimating-row,"Labour, plant, service, fee, or construction resource candidate."
quote-332,332,stage:unassigned,category:excavations-and-machine-hire-costs,subcategory:plant-hire,EXCAVATOR - MIN CHARGE,ITEM,,Excavations & Machine Hire Costs,estimating-item,estimating:excavations-and-machine-hire-costs:plant-hire:excavator-min-charge,false,,quote-332,,derived-runtime,estimating:excavations-and-machine-hire-costs:plant-hire:excavator-min-charge,,existing-derived-estimating-row,"Labour, plant, service, fee, or construction resource candidate."
quote-336,336,stage:unassigned,category:trench-mesh,subcategory:l08tm3w,L08TM3W,LENGTH,,Trench Mesh,estimating-item,estimating:trench-mesh:l08tm3w:l08tm3w,false,,quote-336,,derived-runtime,estimating:trench-mesh:l08tm3w:l08tm3w,,existing-derived-estimating-row,"Labour, plant, service, fee, or construction resource candidate."
quote-337,337,stage:unassigned,category:trench-mesh,subcategory:l08tm4w,L08TM4W,LENGTH,,Trench Mesh,estimating-item,estimating:trench-mesh:l08tm4w:l08tm4w,false,,quote-337,,derived-runtime,estimating:trench-mesh:l08tm4w:l08tm4w,,existing-derived-estimating-row,"Labour, plant, service, fee, or construction resource candidate."
quote-338,338,stage:unassigned,category:trench-mesh,subcategory:l08tm5w,L08TM5W,LENGTH,,Trench Mesh,estimating-item,estimating:trench-mesh:l08tm5w:l08tm5w,false,,quote-338,,derived-runtime,estimating:trench-mesh:l08tm5w:l08tm5w,,existing-derived-estimating-row,"Labour, plant, service, fee, or construction resource candidate."
quote-339,339,stage:unassigned,category:trench-mesh,subcategory:l08tm6w,L08TM6W,LENGTH,,Trench Mesh,estimating-item,estimating:trench-mesh:l08tm6w:l08tm6w,false,,quote-339,,derived-runtime,estimating:trench-mesh:l08tm6w:l08tm6w,,existing-derived-estimating-row,"Labour, plant, service, fee, or construction resource candidate."
quote-340,340,stage:unassigned,category:trench-mesh,subcategory:l11tm3w,L11TM3W,LENGTH,,Trench Mesh,estimating-item,estimating:trench-mesh:l11tm3w:l11tm3w,false,,quote-340,,derived-runtime,estimating:trench-mesh:l11tm3w:l11tm3w,,existing-derived-estimating-row,"Labour, plant, service, fee, or construction resource candidate."
quote-341,341,stage:unassigned,category:trench-mesh,subcategory:l11tm4w,L11TM4W,LENGTH,,Trench Mesh,estimating-item,estimating:trench-mesh:l11tm4w:l11tm4w,false,,quote-341,,derived-runtime,estimating:trench-mesh:l11tm4w:l11tm4w,,existing-derived-estimating-row,"Labour, plant, service, fee, or construction resource candidate."
quote-342,342,stage:unassigned,category:trench-mesh,subcategory:l11tm5w,L11TM5W,LENGTH,,Trench Mesh,estimating-item,estimating:trench-mesh:l11tm5w:l11tm5w,false,,quote-342,,derived-runtime,estimating:trench-mesh:l11tm5w:l11tm5w,,existing-derived-estimating-row,"Labour, plant, service, fee, or construction resource candidate."
quote-343,343,stage:unassigned,category:trench-mesh,subcategory:l11tm6w,L11TM6W,LENGTH,,Trench Mesh,estimating-item,estimating:trench-mesh:l11tm6w:l11tm6w,false,,quote-343,,derived-runtime,estimating:trench-mesh:l11tm6w:l11tm6w,,existing-derived-estimating-row,"Labour, plant, service, fee, or construction resource candidate."
quote-344,344,stage:unassigned,category:trench-mesh,subcategory:l12tm3w,L12TM3W,LENGTH,,Trench Mesh,estimating-item,estimating:trench-mesh:l12tm3w:l12tm3w,false,,quote-344,,derived-runtime,estimating:trench-mesh:l12tm3w:l12tm3w,,existing-derived-estimating-row,"Labour, plant, service, fee, or construction resource candidate."
quote-345,345,stage:unassigned,category:trench-mesh,subcategory:l12tm4w,L12TM4W,LENGTH,,Trench Mesh,estimating-item,estimating:trench-mesh:l12tm4w:l12tm4w,false,,quote-345,,derived-runtime,estimating:trench-mesh:l12tm4w:l12tm4w,,existing-derived-estimating-row,"Labour, plant, service, fee, or construction resource candidate."
quote-346,346,stage:unassigned,category:trench-mesh,subcategory:l12tm5w,L12TM5W,LENGTH,,Trench Mesh,estimating-item,estimating:trench-mesh:l12tm5w:l12tm5w,false,,quote-346,,derived-runtime,estimating:trench-mesh:l12tm5w:l12tm5w,,existing-derived-estimating-row,"Labour, plant, service, fee, or construction resource candidate."
quote-347,347,stage:unassigned,category:trench-mesh,subcategory:l12tm6w,L12TM6W,LENGTH,,Trench Mesh,estimating-item,estimating:trench-mesh:l12tm6w:l12tm6w,false,,quote-347,,derived-runtime,estimating:trench-mesh:l12tm6w:l12tm6w,,existing-derived-estimating-row,"Labour, plant, service, fee, or construction resource candidate."
quote-348,348,stage:unassigned,category:trench-mesh,subcategory:trench-mesh-supports-8-12mm-bag-20,TRENCH MESH SUPPORTS 8-12mm (BAG 20),BAG,,Trench Mesh,estimating-item,estimating:trench-mesh:trench-mesh-supports-8-12mm-bag-20:trench-mesh-supports-8-12mm-bag-20,false,,quote-348,,derived-runtime,estimating:trench-mesh:trench-mesh-supports-8-12mm-bag-20:trench-mesh-supports-8-12mm-bag-20,,existing-derived-estimating-row,"Labour, plant, service, fee, or construction resource candidate."
quote-351,351,stage:unassigned,category:reinforcing-fabric,subcategory:sl81,SL81,SHEET,,Reinforcing Fabric,estimating-item,estimating:reinforcing-fabric:sl81:sl81,false,,quote-351,,derived-runtime,estimating:reinforcing-fabric:sl81:sl81,,existing-derived-estimating-row,"Labour, plant, service, fee, or construction resource candidate."
quote-352,352,stage:unassigned,category:reinforcing-fabric,subcategory:sl102,SL102,SHEET,,Reinforcing Fabric,estimating-item,estimating:reinforcing-fabric:sl102:sl102,false,,quote-352,,derived-runtime,estimating:reinforcing-fabric:sl102:sl102,,existing-derived-estimating-row,"Labour, plant, service, fee, or construction resource candidate."
quote-353,353,stage:unassigned,category:reinforcing-fabric,subcategory:sl92,SL92,SHEET,,Reinforcing Fabric,estimating-item,estimating:reinforcing-fabric:sl92:sl92,false,,quote-353,,derived-runtime,estimating:reinforcing-fabric:sl92:sl92,,existing-derived-estimating-row,"Labour, plant, service, fee, or construction resource candidate."
quote-354,354,stage:unassigned,category:reinforcing-fabric,subcategory:sl82,SL82,SHEET,,Reinforcing Fabric,estimating-item,estimating:reinforcing-fabric:sl82:sl82,false,,quote-354,,derived-runtime,estimating:reinforcing-fabric:sl82:sl82,,existing-derived-estimating-row,"Labour, plant, service, fee, or construction resource candidate."
quote-355,355,stage:unassigned,category:reinforcing-fabric,subcategory:sl72,SL72,SHEET,,Reinforcing Fabric,estimating-item,estimating:reinforcing-fabric:sl72:sl72,false,,quote-355,,derived-runtime,estimating:reinforcing-fabric:sl72:sl72,,existing-derived-estimating-row,"Labour, plant, service, fee, or construction resource candidate."
quote-356,356,stage:unassigned,category:reinforcing-fabric,subcategory:sl62,SL62,SHEET,,Reinforcing Fabric,estimating-item,estimating:reinforcing-fabric:sl62:sl62,false,,quote-356,,derived-runtime,estimating:reinforcing-fabric:sl62:sl62,,existing-derived-estimating-row,"Labour, plant, service, fee, or construction resource candidate."
quote-357,357,stage:unassigned,category:reinforcing-fabric,subcategory:sl52,SL52,SHEET,,Reinforcing Fabric,estimating-item,estimating:reinforcing-fabric:sl52:sl52,false,,quote-357,,derived-runtime,estimating:reinforcing-fabric:sl52:sl52,,existing-derived-estimating-row,"Labour, plant, service, fee, or construction resource candidate."
quote-358,358,stage:unassigned,category:reinforcing-fabric,subcategory:support-chairs-50-65mm,SUPPORT CHAIRS (50-65mm),BAG,,Reinforcing Fabric,estimating-item,estimating:reinforcing-fabric:support-chairs-50-65mm:support-chairs-50-65mm,false,,quote-358,,derived-runtime,estimating:reinforcing-fabric:support-chairs-50-65mm:support-chairs-50-65mm,,existing-derived-estimating-row,"Labour, plant, service, fee, or construction resource candidate."
quote-361,361,stage:unassigned,category:deformed-bar,subcategory:n12s,N12S,LENGTH,,Deformed Bar,estimating-item,estimating:deformed-bar:n12s:n12s,false,,quote-361,,derived-runtime,estimating:deformed-bar:n12s:n12s,,existing-derived-estimating-row,"Labour, plant, service, fee, or construction resource candidate."
quote-362,362,stage:unassigned,category:deformed-bar,subcategory:n16s,N16S,LENGTH,,Deformed Bar,estimating-item,estimating:deformed-bar:n16s:n16s,false,,quote-362,,derived-runtime,estimating:deformed-bar:n16s:n16s,,existing-derived-estimating-row,"Labour, plant, service, fee, or construction resource candidate."
quote-363,363,stage:unassigned,category:deformed-bar,subcategory:n20s,N20S,LENGTH,,Deformed Bar,estimating-item,estimating:deformed-bar:n20s:n20s,false,,quote-363,,derived-runtime,estimating:deformed-bar:n20s:n20s,,existing-derived-estimating-row,"Labour, plant, service, fee, or construction resource candidate."
quote-364,364,stage:external,category:external-works,subcategory:s12s-250n-deformed-pool-bar,S12S (250N DEFORMED POOL BAR),LENGTH,,Deformed Bar,estimating-item,estimating:external-works:s12s-250n-deformed-pool-bar:s12s-250n-deformed-pool-bar,false,,quote-364,,derived-runtime,estimating:external-works:s12s-250n-deformed-pool-bar:s12s-250n-deformed-pool-bar,,existing-derived-estimating-row,"Labour, plant, service, fee, or construction resource candidate."
quote-365,365,stage:unassigned,category:deformed-bar,subcategory:support-chairs-50-65mm,SUPPORT CHAIRS (50-65mm),BAGS,,Deformed Bar,estimating-item,estimating:deformed-bar:support-chairs-50-65mm:support-chairs-50-65mm,false,,quote-365,,derived-runtime,estimating:deformed-bar:support-chairs-50-65mm:support-chairs-50-65mm,,existing-derived-estimating-row,"Labour, plant, service, fee, or construction resource candidate."
quote-368,368,stage:unassigned,category:starter-bars-and-corner-bars,subcategory:r10-starter-1000-x-200,R10 STARTER (1000 x 200),EACH,,Starter Bars & Corner Bars,estimating-item,estimating:starter-bars-and-corner-bars:r10-starter-1000-x-200:r10-starter-1000-x-200,false,,quote-368,,derived-runtime,estimating:starter-bars-and-corner-bars:r10-starter-1000-x-200:r10-starter-1000-x-200,,existing-derived-estimating-row,"Labour, plant, service, fee, or construction resource candidate."
quote-369,369,stage:unassigned,category:starter-bars-and-corner-bars,subcategory:n12-starter-1000-x-200,N12 STARTER (1000 x 200),EACH,,Starter Bars & Corner Bars,estimating-item,estimating:starter-bars-and-corner-bars:n12-starter-1000-x-200:n12-starter-1000-x-200,false,,quote-369,,derived-runtime,estimating:starter-bars-and-corner-bars:n12-starter-1000-x-200:n12-starter-1000-x-200,,existing-derived-estimating-row,"Labour, plant, service, fee, or construction resource candidate."
quote-370,370,stage:unassigned,category:starter-bars-and-corner-bars,subcategory:r10-corner-600-x-600,R10 CORNER (600 x 600),EACH,,Starter Bars & Corner Bars,estimating-item,estimating:starter-bars-and-corner-bars:r10-corner-600-x-600:r10-corner-600-x-600,false,,quote-370,,derived-runtime,estimating:starter-bars-and-corner-bars:r10-corner-600-x-600:r10-corner-600-x-600,,existing-derived-estimating-row,"Labour, plant, service, fee, or construction resource candidate."
quote-371,371,stage:unassigned,category:starter-bars-and-corner-bars,subcategory:n12-corner-600-x-600,N12 CORNER (600 x 600),EACH,,Starter Bars & Corner Bars,estimating-item,estimating:starter-bars-and-corner-bars:n12-corner-600-x-600:n12-corner-600-x-600,false,,quote-371,,derived-runtime,estimating:starter-bars-and-corner-bars:n12-corner-600-x-600:n12-corner-600-x-600,,existing-derived-estimating-row,"Labour, plant, service, fee, or construction resource candidate."
quote-372,372,stage:unassigned,category:starter-bars-and-corner-bars,subcategory:n12-corner-900-x-900,N12 CORNER (900 x 900),EACH,,Starter Bars & Corner Bars,estimating-item,estimating:starter-bars-and-corner-bars:n12-corner-900-x-900:n12-corner-900-x-900,false,,quote-372,,derived-runtime,estimating:starter-bars-and-corner-bars:n12-corner-900-x-900:n12-corner-900-x-900,,existing-derived-estimating-row,"Labour, plant, service, fee, or construction resource candidate."
quote-375,375,stage:unassigned,category:dowells,subcategory:16-x-400-dowells,16 x 400 DOWELLS,EACH,,Dowells,estimating-item,estimating:dowells:16-x-400-dowells:16-x-400-dowells,false,,quote-375,,derived-runtime,estimating:dowells:16-x-400-dowells:16-x-400-dowells,,existing-derived-estimating-row,"Labour, plant, service, fee, or construction resource candidate."
quote-376,376,stage:unassigned,category:dowells,subcategory:16-x-600-dowells,16 x 600 DOWELLS,EACH,,Dowells,estimating-item,estimating:dowells:16-x-600-dowells:16-x-600-dowells,false,,quote-376,,derived-runtime,estimating:dowells:16-x-600-dowells:16-x-600-dowells,,existing-derived-estimating-row,"Labour, plant, service, fee, or construction resource candidate."
quote-377,377,stage:unassigned,category:dowells,subcategory:20-x-400-dowells,20 x 400 DOWELLS,EACH,,Dowells,estimating-item,estimating:dowells:20-x-400-dowells:20-x-400-dowells,false,,quote-377,,derived-runtime,estimating:dowells:20-x-400-dowells:20-x-400-dowells,,existing-derived-estimating-row,"Labour, plant, service, fee, or construction resource candidate."
quote-378,378,stage:unassigned,category:dowells,subcategory:20-x-600-dowells,20 x 600 DOWELLS,EACH,,Dowells,estimating-item,estimating:dowells:20-x-600-dowells:20-x-600-dowells,false,,quote-378,,derived-runtime,estimating:dowells:20-x-600-dowells:20-x-600-dowells,,existing-derived-estimating-row,"Labour, plant, service, fee, or construction resource candidate."
quote-380,380,stage:unassigned,category:dowells,subcategory:delivery-charge,DELIVERY CHARGE,ITEM,,Dowells,estimating-item,estimating:dowells:delivery-charge:delivery-charge,false,,quote-380,,derived-runtime,estimating:dowells:delivery-charge:delivery-charge,,existing-derived-estimating-row,"Labour, plant, service, fee, or construction resource candidate."
quote-383,383,stage:unassigned,category:accessories,subcategory:plastic-4m-x-50m-x-200um-black,PLASTIC 4m x 50m x 200um BLACK,ROLL,,Accessories,estimating-item,estimating:accessories:plastic-4m-x-50m-x-200um-black:plastic-4m-x-50m-x-200um-black,false,,quote-383,,derived-runtime,estimating:accessories:plastic-4m-x-50m-x-200um-black:plastic-4m-x-50m-x-200um-black,,existing-derived-estimating-row,"Labour, plant, service, fee, or construction resource candidate."
quote-384,384,stage:unassigned,category:accessories,subcategory:plastic-4m-x-50m-x-200um-orange,PLASTIC 4m x 50m x 200um ORANGE,ROLL,,Accessories,estimating-item,estimating:accessories:plastic-4m-x-50m-x-200um-orange:plastic-4m-x-50m-x-200um-orange,false,,quote-384,,derived-runtime,estimating:accessories:plastic-4m-x-50m-x-200um-orange:plastic-4m-x-50m-x-200um-orange,,existing-derived-estimating-row,"Labour, plant, service, fee, or construction resource candidate."
quote-385,385,stage:unassigned,category:plumbing-fixtures,subcategory:tapware,GREY TAPE,ROLL,,Accessories,product,product:plumbing-fixtures:tapware:grey-tape,true,,,,rule,product:plumbing-fixtures:tapware:grey-tape,,missing-product-library-candidate,Physical product/material candidate.
quote-389,389,stage:unassigned,category:waffle-pods,subcategory:waffle-pods-1090-x-1090-x-150,WAFFLE PODS 1090 x 1090 x 150,EACH,,Waffle Pods,formula,,false,,,,rule,,,not-a-catalogue-record,Formula-driven row; keep out of master catalogues.
quote-390,390,stage:unassigned,category:waffle-pods,subcategory:waffle-pods-1090-x-1090-x-225,WAFFLE PODS 1090 x 1090 x 225,EACH,,Waffle Pods,formula,,false,,,,rule,,,not-a-catalogue-record,Formula-driven row; keep out of master catalogues.
quote-391,391,stage:unassigned,category:waffle-pods,subcategory:waffle-pods-1090-x-1090-x-300,WAFFLE PODS 1090 x 1090 x 300,EACH,,Waffle Pods,formula,,false,,,,rule,,,not-a-catalogue-record,Formula-driven row; keep out of master catalogues.
quote-392,392,stage:unassigned,category:waffle-pods,subcategory:waffle-pods-1090-x-1090-x-525,WAFFLE PODS 1090 x 1090 x 525,EACH,,Waffle Pods,formula,,false,,,,rule,,,not-a-catalogue-record,Formula-driven row; keep out of master catalogues.
quote-393,393,stage:unassigned,category:waffle-pods,subcategory:delivery,DELIVERY,EACH,,Waffle Pods,estimating-item,estimating:waffle-pods:delivery:delivery,false,,quote-393,,derived-runtime,estimating:waffle-pods:delivery:delivery,,existing-derived-estimating-row,"Labour, plant, service, fee, or construction resource candidate."
quote-397,397,stage:unassigned,category:bulk-materials,subcategory:bedding-sand,BEDDING SAND,M3,,Bulk Materials,estimating-item,estimating:bulk-materials:bedding-sand:bedding-sand,false,,quote-397,,derived-runtime,estimating:bulk-materials:bedding-sand:bedding-sand,,existing-derived-estimating-row,"Labour, plant, service, fee, or construction resource candidate."
quote-398,398,stage:unassigned,category:bulk-materials,subcategory:crusher-dust,CRUSHER DUST,M3,,Bulk Materials,estimating-item,estimating:bulk-materials:crusher-dust:crusher-dust,false,,quote-398,,derived-runtime,estimating:bulk-materials:crusher-dust:crusher-dust,,existing-derived-estimating-row,"Labour, plant, service, fee, or construction resource candidate."
quote-401,401,stage:base,category:slab,subcategory:concrete-20mpa,CONCRETE - 20MPA,M3,,Concrete,estimating-item,estimating:slab:concrete-20mpa:concrete-20mpa,false,,quote-401,,derived-runtime,estimating:slab:concrete-20mpa:concrete-20mpa,,existing-derived-estimating-row,"Labour, plant, service, fee, or construction resource candidate."
quote-402,402,stage:base,category:slab,subcategory:concrete-25mpa,CONCRETE - 25MPA,,,Concrete,heading,,false,,,,rule,,,not-a-catalogue-record,Section-like row with no useful pricing unit or quantity.
quote-403,403,stage:base,category:slab,subcategory:concrete-32mpa,CONCRETE - 32MPA,,,Concrete,heading,,false,,,,rule,,,not-a-catalogue-record,Section-like row with no useful pricing unit or quantity.
quote-406,406,stage:frame,category:frame,subcategory:internal-beams-350-x-350-1-row-f11-t-mesh,INTERNAL BEAMS 350 x 350 1 ROW F11 T/MESH,LM,,Internal Beams,formula,,false,,,,rule,,,not-a-catalogue-record,Formula-driven row; keep out of master catalogues.
quote-409,409,stage:base,category:slab,subcategory:boom-pump-25m-min-charge,BOOM PUMP 25M (MIN CHARGE),ITEM,,Concrete Pumping,estimating-item,estimating:slab:boom-pump-25m-min-charge:boom-pump-25m-min-charge,false,,quote-409,,derived-runtime,estimating:slab:boom-pump-25m-min-charge:boom-pump-25m-min-charge,,existing-derived-estimating-row,"Labour, plant, service, fee, or construction resource candidate."
quote-410,410,stage:base,category:slab,subcategory:additional-cost-per-hour,ADDITIONAL COST PER HOUR,HR,,Concrete Pumping,informational,,false,,,,rule,,,not-a-catalogue-record,Informational or confirmation-only row.
quote-411,411,stage:base,category:slab,subcategory:concrete-pump-rate,CONCRETE PUMP RATE,M3,,Concrete Pumping,estimating-item,estimating:slab:concrete-pump-rate:concrete-pump-rate,false,,quote-411,,derived-runtime,estimating:slab:concrete-pump-rate:concrete-pump-rate,,existing-derived-estimating-row,"Labour, plant, service, fee, or construction resource candidate."
quote-412,412,stage:base,category:slab,subcategory:travel-cost,TRAVEL COST,ITEM,,Concrete Pumping,estimating-item,estimating:slab:travel-cost:travel-cost,false,,quote-412,,derived-runtime,estimating:slab:travel-cost:travel-cost,,existing-derived-estimating-row,"Labour, plant, service, fee, or construction resource candidate."
quote-414,414,stage:base,category:slab,subcategory:boom-pump-33m-min-charge,BOOM PUMP 33M (MIN CHARGE),ITEM,,Concrete Pumping,estimating-item,estimating:slab:boom-pump-33m-min-charge:boom-pump-33m-min-charge,false,,quote-414,,derived-runtime,estimating:slab:boom-pump-33m-min-charge:boom-pump-33m-min-charge,,existing-derived-estimating-row,"Labour, plant, service, fee, or construction resource candidate."
quote-415,415,stage:base,category:slab,subcategory:additional-cost-per-hour,ADDITIONAL COST PER HOUR,HR,,Concrete Pumping,informational,,false,,,,rule,,,not-a-catalogue-record,Informational or confirmation-only row.
quote-416,416,stage:base,category:slab,subcategory:concrete-pump-rate,CONCRETE PUMP RATE,M3,,Concrete Pumping,estimating-item,estimating:slab:concrete-pump-rate:concrete-pump-rate,false,,quote-416,,derived-runtime,estimating:slab:concrete-pump-rate:concrete-pump-rate,,existing-derived-estimating-row,"Labour, plant, service, fee, or construction resource candidate."
quote-417,417,stage:base,category:slab,subcategory:travel-cost,TRAVEL COST,ITEM,,Concrete Pumping,estimating-item,estimating:slab:travel-cost:travel-cost,false,,quote-417,,derived-runtime,estimating:slab:travel-cost:travel-cost,,existing-derived-estimating-row,"Labour, plant, service, fee, or construction resource candidate."
quote-419,419,stage:base,category:slab,subcategory:line-pump-33m,LINE PUMP 33M,ITEM,,Concrete Pumping,estimating-item,estimating:slab:line-pump-33m:line-pump-33m,false,,quote-419,,derived-runtime,estimating:slab:line-pump-33m:line-pump-33m,,existing-derived-estimating-row,"Labour, plant, service, fee, or construction resource candidate."
quote-420,420,stage:base,category:slab,subcategory:additional-cost-per-hour,ADDITIONAL COST PER HOUR,HR,,Concrete Pumping,informational,,false,,,,rule,,,not-a-catalogue-record,Informational or confirmation-only row.
quote-421,421,stage:base,category:slab,subcategory:concrete-pump-rate,CONCRETE PUMP RATE,M3,,Concrete Pumping,estimating-item,estimating:slab:concrete-pump-rate:concrete-pump-rate,false,,quote-421,,derived-runtime,estimating:slab:concrete-pump-rate:concrete-pump-rate,,existing-derived-estimating-row,"Labour, plant, service, fee, or construction resource candidate."
quote-422,422,stage:base,category:slab,subcategory:travel-cost,TRAVEL COST,ITEM,,Concrete Pumping,estimating-item,estimating:slab:travel-cost:travel-cost,false,,quote-422,,derived-runtime,estimating:slab:travel-cost:travel-cost,,existing-derived-estimating-row,"Labour, plant, service, fee, or construction resource candidate."
quote-425,425,stage:unassigned,category:concretor-s-labour,subcategory:labour,ITEM,UNIT,,CONCRETOR'S LABOUR,informational,,false,,,,rule,,,not-a-catalogue-record,Repeated imported column header row; not a catalogue record.
quote-427,427,stage:base,category:slab,subcategory:labour,CONCRETOR - BOXING SLAB,LM,,CONCRETOR'S LABOUR,estimating-item,estimating:slab:labour:concretor-boxing-slab,false,,quote-427,,derived-runtime,estimating:slab:labour:concretor-boxing-slab,,existing-derived-estimating-row,"Labour, plant, service, fee, or construction resource candidate."
quote-428,428,stage:unassigned,category:concretor-s-labour,subcategory:labour,CONCRETOR - PREPARATION,M2,,CONCRETOR'S LABOUR,estimating-item,estimating:concretor-s-labour:labour:concretor-preparation,false,,quote-428,,derived-runtime,estimating:concretor-s-labour:labour:concretor-preparation,,existing-derived-estimating-row,"Labour, plant, service, fee, or construction resource candidate."
quote-429,429,stage:frame,category:frame,subcategory:labour,INTERNAL BEAMS,LM,,CONCRETOR'S LABOUR,informational,,false,,,,rule,,,not-a-catalogue-record,Informational or confirmation-only row.
quote-430,430,stage:unassigned,category:concretor-s-labour,subcategory:labour,"CONCRETOR - PREP, POUR & DRESS",M2,,CONCRETOR'S LABOUR,estimating-item,estimating:concretor-s-labour:labour:concretor-prep-pour-and-dress,false,,quote-430,,derived-runtime,estimating:concretor-s-labour:labour:concretor-prep-pour-and-dress,,existing-derived-estimating-row,"Labour, plant, service, fee, or construction resource candidate."
quote-433,433,stage:fix-out,category:flooring-tiling,subcategory:item,ITEM,UNIT,QTY,GROUND LEVEL TIMBER FLOORING,informational,,false,,,,rule,,,not-a-catalogue-record,Repeated imported column header row; not a catalogue record.
quote-435,435,stage:base,category:flooring-tiling,subcategory:metal-stumps-in-concrete,METAL STUMPS IN CONCRETE,EACH,,GROUND LEVEL TIMBER FLOORING,estimating-item,estimating:flooring-tiling:metal-stumps-in-concrete:metal-stumps-in-concrete,false,,quote-435,,derived-runtime,estimating:flooring-tiling:metal-stumps-in-concrete:metal-stumps-in-concrete,,existing-derived-estimating-row,"Labour, plant, service, fee, or construction resource candidate."
quote-436,436,stage:fix-out,category:flooring-tiling,subcategory:ant-caps,ANT CAPS,EACH,,GROUND LEVEL TIMBER FLOORING,estimating-item,estimating:flooring-tiling:ant-caps:ant-caps,false,,quote-436,,derived-runtime,estimating:flooring-tiling:ant-caps:ant-caps,,existing-derived-estimating-row,"Labour, plant, service, fee, or construction resource candidate."
quote-437,437,stage:fix-out,category:flooring-tiling,subcategory:bearer-tie-down-bolts,BEARER TIE DOWN BOLTS,EACH,,GROUND LEVEL TIMBER FLOORING,estimating-item,estimating:flooring-tiling:bearer-tie-down-bolts:bearer-tie-down-bolts,false,,quote-437,,derived-runtime,estimating:flooring-tiling:bearer-tie-down-bolts:bearer-tie-down-bolts,,existing-derived-estimating-row,"Labour, plant, service, fee, or construction resource candidate."
quote-438,438,stage:fix-out,category:flooring-tiling,subcategory:245-x-45-lvl,245 x 45 LVL,LM,,GROUND LEVEL TIMBER FLOORING,formula,,false,,,,rule,,,not-a-catalogue-record,Formula-driven row; keep out of master catalogues.
quote-439,439,stage:fix-out,category:flooring-tiling,subcategory:bearers-125-x-75-f14-rhw,BEARERS 125 X 75 F14 RHW,LM,,GROUND LEVEL TIMBER FLOORING,estimating-item,estimating:flooring-tiling:bearers-125-x-75-f14-rhw:bearers-125-x-75-f14-rhw,false,,quote-439,,derived-runtime,estimating:flooring-tiling:bearers-125-x-75-f14-rhw:bearers-125-x-75-f14-rhw,,existing-derived-estimating-row,"Labour, plant, service, fee, or construction resource candidate."
quote-440,440,stage:frame,category:flooring-tiling,subcategory:joists-125-x-38-f14,JOISTS 125 X 38 F14,LM,,GROUND LEVEL TIMBER FLOORING,formula,,false,,,,rule,,,not-a-catalogue-record,Formula-driven row; keep out of master catalogues.
quote-441,441,stage:fix-out,category:flooring-tiling,subcategory:sheet-flooring-yellow-tongue,SHEET FLOORING - YELLOW TONGUE,SHEET,,GROUND LEVEL TIMBER FLOORING,estimating-item,estimating:flooring-tiling:sheet-flooring-yellow-tongue:sheet-flooring-yellow-tongue,false,,quote-441,,derived-runtime,estimating:flooring-tiling:sheet-flooring-yellow-tongue:sheet-flooring-yellow-tongue,,existing-derived-estimating-row,"Labour, plant, service, fee, or construction resource candidate."
quote-442,442,stage:fix-out,category:flooring-tiling,subcategory:300-ub-bearer,300 UB BEARER,LM,,GROUND LEVEL TIMBER FLOORING,estimating-item,estimating:flooring-tiling:300-ub-bearer:300-ub-bearer,false,,quote-442,,derived-runtime,estimating:flooring-tiling:300-ub-bearer:300-ub-bearer,,existing-derived-estimating-row,"Labour, plant, service, fee, or construction resource candidate."
quote-443,443,stage:fix-out,category:flooring-tiling,subcategory:300-ub-bearer,300 UB BEARER,LM,,GROUND LEVEL TIMBER FLOORING,estimating-item,estimating:flooring-tiling:300-ub-bearer:300-ub-bearer,false,,quote-443,,derived-runtime,estimating:flooring-tiling:300-ub-bearer:300-ub-bearer,,existing-derived-estimating-row,"Labour, plant, service, fee, or construction resource candidate."
quote-444,444,stage:fix-out,category:flooring-tiling,subcategory:300-ub-bearer,300 UB BEARER,LM,,GROUND LEVEL TIMBER FLOORING,estimating-item,estimating:flooring-tiling:300-ub-bearer:300-ub-bearer,false,,quote-444,,derived-runtime,estimating:flooring-tiling:300-ub-bearer:300-ub-bearer,,existing-derived-estimating-row,"Labour, plant, service, fee, or construction resource candidate."
quote-445,445,stage:frame,category:flooring-tiling,subcategory:b3-300-x-45-edgebeam,B3 300 X 45 EDGEBEAM,LM,,GROUND LEVEL TIMBER FLOORING,formula,,false,,,,rule,,,not-a-catalogue-record,Formula-driven row; keep out of master catalogues.
quote-446,446,stage:frame,category:flooring-tiling,subcategory:b3-300-x-45-edgebeam,B3 300 X 45 EDGEBEAM,LM,,GROUND LEVEL TIMBER FLOORING,formula,,false,,,,rule,,,not-a-catalogue-record,Formula-driven row; keep out of master catalogues.
quote-447,447,stage:frame,category:flooring-tiling,subcategory:b3-300-x-45-edgebeam,B3 300 X 45 EDGEBEAM,LM,,GROUND LEVEL TIMBER FLOORING,formula,,false,,,,rule,,,not-a-catalogue-record,Formula-driven row; keep out of master catalogues.
quote-448,448,stage:frame,category:flooring-tiling,subcategory:30088-i-beam,30088 I BEAM,LM,,GROUND LEVEL TIMBER FLOORING,formula,,false,,,,rule,,,not-a-catalogue-record,Formula-driven row; keep out of master catalogues.
quote-449,449,stage:frame,category:flooring-tiling,subcategory:30088-i-beam,30088 I BEAM,LM,,GROUND LEVEL TIMBER FLOORING,formula,,false,,,,rule,,,not-a-catalogue-record,Formula-driven row; keep out of master catalogues.
quote-450,450,stage:frame,category:flooring-tiling,subcategory:30088-i-beam,30088 I BEAM,LM,,GROUND LEVEL TIMBER FLOORING,formula,,false,,,,rule,,,not-a-catalogue-record,Formula-driven row; keep out of master catalogues.
quote-451,451,stage:fix-out,category:flooring-tiling,subcategory:175-x-38-f14,175 X 38 F14,LM,,GROUND LEVEL TIMBER FLOORING,formula,,false,,,,rule,,,not-a-catalogue-record,Formula-driven row; keep out of master catalogues.
quote-452,452,stage:frame,category:flooring-tiling,subcategory:230-x-85-tas-beam,230 X 85 TAS BEAM,LM,,GROUND LEVEL TIMBER FLOORING,formula,,false,,,,rule,,,not-a-catalogue-record,Formula-driven row; keep out of master catalogues.
quote-453,453,stage:fix-out,category:flooring-tiling,subcategory:200-x-75-f14,200 X 75 F14,LM,,GROUND LEVEL TIMBER FLOORING,formula,,false,,,,rule,,,not-a-catalogue-record,Formula-driven row; keep out of master catalogues.
quote-454,454,stage:fix-out,category:flooring-tiling,subcategory:150-x-150-hwd-posts,150 X 150 HWD POSTS,LM,,GROUND LEVEL TIMBER FLOORING,formula,,false,,,,rule,,,not-a-catalogue-record,Formula-driven row; keep out of master catalogues.
quote-455,455,stage:fix-out,category:flooring-tiling,subcategory:151-x-150-hwd-posts,151 X 150 HWD POSTS,LM,,GROUND LEVEL TIMBER FLOORING,formula,,false,,,,rule,,,not-a-catalogue-record,Formula-driven row; keep out of master catalogues.
quote-456,456,stage:fix-out,category:flooring-tiling,subcategory:300-x-66-lvl-13,300 X 66 LVL 13,LM,,GROUND LEVEL TIMBER FLOORING,formula,,false,,,,rule,,,not-a-catalogue-record,Formula-driven row; keep out of master catalogues.
quote-457,457,stage:fix-out,category:flooring-tiling,subcategory:300-x-85-21s,300 X 85 21S,LM,,GROUND LEVEL TIMBER FLOORING,formula,,false,,,,rule,,,not-a-catalogue-record,Formula-driven row; keep out of master catalogues.
quote-458,458,stage:fix-out,category:flooring-tiling,subcategory:300-x-90-lvl-13,300 X 90 LVL 13,LM,,GROUND LEVEL TIMBER FLOORING,formula,,false,,,,rule,,,not-a-catalogue-record,Formula-driven row; keep out of master catalogues.
quote-459,459,stage:fix-out,category:flooring-tiling,subcategory:245-x-65-21s,245 X 65 21S,LM,,GROUND LEVEL TIMBER FLOORING,formula,,false,,,,rule,,,not-a-catalogue-record,Formula-driven row; keep out of master catalogues.
quote-460,460,stage:fix-out,category:flooring-tiling,subcategory:275-x-50-f14,275 X 50 F14,LM,,GROUND LEVEL TIMBER FLOORING,formula,,false,,,,rule,,,not-a-catalogue-record,Formula-driven row; keep out of master catalogues.
quote-461,461,stage:fix-out,category:flooring-tiling,subcategory:165-x-85-17s,165 X 85 17S,LM,,GROUND LEVEL TIMBER FLOORING,formula,,false,,,,rule,,,not-a-catalogue-record,Formula-driven row; keep out of master catalogues.
quote-462,462,stage:fix-out,category:flooring-tiling,subcategory:225-x-50-f14,225 X 50 F14,LM,,GROUND LEVEL TIMBER FLOORING,formula,,false,,,,rule,,,not-a-catalogue-record,Formula-driven row; keep out of master catalogues.
quote-463,463,stage:fix-out,category:flooring-tiling,subcategory:100-x-50-f14,100 X 50 F14,LM,,GROUND LEVEL TIMBER FLOORING,formula,,false,,,,rule,,,not-a-catalogue-record,Formula-driven row; keep out of master catalogues.
quote-464,464,stage:fix-out,category:flooring-tiling,subcategory:170-x-45-lvl-13,170 X 45 LVL 13,LM,,GROUND LEVEL TIMBER FLOORING,formula,,false,,,,rule,,,not-a-catalogue-record,Formula-driven row; keep out of master catalogues.
quote-465,465,stage:fix-out,category:flooring-tiling,subcategory:200-x-200-posts,200 X 200 POSTS,EACH,,GROUND LEVEL TIMBER FLOORING,formula,,false,,,,rule,,,not-a-catalogue-record,Formula-driven row; keep out of master catalogues.
quote-466,466,stage:fix-out,category:flooring-tiling,subcategory:hardware,HARDWARE,ITEM,,GROUND LEVEL TIMBER FLOORING,unresolved,,false,,,,unresolved,,genuinely unresolved,requires-review,"No reliable product, trade, category, or formula signal."
quote-467,467,stage:fix-out,category:flooring-tiling,subcategory:150mm-tensioning-ring,150mm TENSIONING RING,EACH,,GROUND LEVEL TIMBER FLOORING,estimating-item,estimating:flooring-tiling:150mm-tensioning-ring:150mm-tensioning-ring,false,,quote-467,,derived-runtime,estimating:flooring-tiling:150mm-tensioning-ring:150mm-tensioning-ring,,existing-derived-estimating-row,"Labour, plant, service, fee, or construction resource candidate."
quote-468,468,stage:fix-out,category:flooring-tiling,subcategory:plant-hire,CRANE HIRE,HR,,GROUND LEVEL TIMBER FLOORING,formula,,false,,,,rule,,,not-a-catalogue-record,Formula-driven row; keep out of master catalogues.
quote-471,471,stage:unassigned,category:termite-protection,subcategory:item,ITEM,UNIT,QTY,TERMITE PROTECTION,informational,,false,,,,rule,,,not-a-catalogue-record,Repeated imported column header row; not a catalogue record.
quote-473,473,stage:unassigned,category:termite-protection,subcategory:termite-quote,TERMITE QUOTE,ITEM,,TERMITE PROTECTION,estimating-item,estimating:termite-protection:termite-quote:termite-quote,false,,quote-473,,derived-runtime,estimating:termite-protection:termite-quote:termite-quote,,existing-derived-estimating-row,"Labour, plant, service, fee, or construction resource candidate."
quote-474,474,stage:unassigned,category:termite-protection,subcategory:peremeter-physical-barrier,PEREMETER PHYSICAL BARRIER,LM,,TERMITE PROTECTION,estimating-item,estimating:termite-protection:peremeter-physical-barrier:peremeter-physical-barrier,false,,quote-474,,derived-runtime,estimating:termite-protection:peremeter-physical-barrier:peremeter-physical-barrier,,existing-derived-estimating-row,"Labour, plant, service, fee, or construction resource candidate."
quote-475,475,stage:base,category:slab,subcategory:slab-penetrations,SLAB PENETRATIONS,EACH,,TERMITE PROTECTION,estimating-item,estimating:slab:slab-penetrations:slab-penetrations,false,,quote-475,,derived-runtime,estimating:slab:slab-penetrations:slab-penetrations,,existing-derived-estimating-row,"Labour, plant, service, fee, or construction resource candidate."
quote-476,476,stage:unassigned,category:termite-protection,subcategory:stump-protection,STUMP PROTECTION,EACH,,TERMITE PROTECTION,estimating-item,estimating:termite-protection:stump-protection:stump-protection,false,,quote-476,,derived-runtime,estimating:termite-protection:stump-protection:stump-protection,,existing-derived-estimating-row,"Labour, plant, service, fee, or construction resource candidate."
quote-477,477,stage:lock-up,category:external-cladding,subcategory:block-wall-sheeting,BLOCK WALL SHEETING,M2,,TERMITE PROTECTION,assembly,assembly:external-cladding:block-wall-sheeting:block-wall-sheeting,false,,quote-477,,derived-runtime,assembly:external-cladding:block-wall-sheeting:block-wall-sheeting,,requires-assembly-model,Product/resource bundle; needs assembly template rather than single catalogue row.
quote-478,478,stage:unassigned,category:termite-protection,subcategory:reticulation-system,RETICULATION SYSTEM,LM,,TERMITE PROTECTION,estimating-item,estimating:termite-protection:reticulation-system:reticulation-system,false,,quote-478,,derived-runtime,estimating:termite-protection:reticulation-system:reticulation-system,,existing-derived-estimating-row,"Labour, plant, service, fee, or construction resource candidate."
quote-479,479,stage:unassigned,category:termite-protection,subcategory:cold-jointing,COLD JOINTING,LM,,TERMITE PROTECTION,estimating-item,estimating:termite-protection:cold-jointing:cold-jointing,false,,quote-479,,derived-runtime,estimating:termite-protection:cold-jointing:cold-jointing,,existing-derived-estimating-row,"Labour, plant, service, fee, or construction resource candidate."
quote-480,480,stage:fix-out,category:flooring-tiling,subcategory:under-floor-chemical-spray,UNDER FLOOR CHEMICAL SPRAY,M2,,TERMITE PROTECTION,estimating-item,estimating:flooring-tiling:under-floor-chemical-spray:under-floor-chemical-spray,false,,quote-480,,derived-runtime,estimating:flooring-tiling:under-floor-chemical-spray:under-floor-chemical-spray,,existing-derived-estimating-row,"Labour, plant, service, fee, or construction resource candidate."
quote-553,553,stage:frame,category:frame,subcategory:beams,BEAMS,QUOTE,,STRUCTURAL STEEL,formula,,false,,,,rule,,,not-a-catalogue-record,Formula-driven row; keep out of master catalogues.
quote-554,554,stage:unassigned,category:structural-steel,subcategory:310-ub-40,310 UB 40,LM,,STRUCTURAL STEEL,formula,,false,,,,rule,,,not-a-catalogue-record,Formula-driven row; keep out of master catalogues.
quote-555,555,stage:unassigned,category:structural-steel,subcategory:310-ub-32,310 UB 32,LM,,STRUCTURAL STEEL,formula,,false,,,,rule,,,not-a-catalogue-record,Formula-driven row; keep out of master catalogues.
quote-556,556,stage:unassigned,category:structural-steel,subcategory:250-pfc,250 PFC,LM,,STRUCTURAL STEEL,formula,,false,,,,rule,,,not-a-catalogue-record,Formula-driven row; keep out of master catalogues.
quote-557,557,stage:unassigned,category:structural-steel,subcategory:fabrication-allowance,FABRICATION ALLOWANCE,EACH,,STRUCTURAL STEEL,allowance,allowance:structural-steel:fabrication-allowance:fabrication-allowance,false,,quote-557,,derived-runtime,estimating:structural-steel:fabrication-allowance:fabrication-allowance,,requires-review,Allowance or provisional row; not an actual product model.
quote-559,559,stage:unassigned,category:structural-steel,subcategory:75x75x4-shs-duragal-posts,75X75X4 SHS DURAGAL POSTS,ITEM,,STRUCTURAL STEEL,formula,,false,,,,rule,,,not-a-catalogue-record,Formula-driven row; keep out of master catalogues.
quote-560,560,stage:unassigned,category:structural-steel,subcategory:90x90x4-shs-duragal-posts,90X90X4 SHS DURAGAL POSTS,ITEM,,STRUCTURAL STEEL,formula,,false,,,,rule,,,not-a-catalogue-record,Formula-driven row; keep out of master catalogues.
quote-484,484,stage:frame,category:frame,subcategory:item,ITEM,UNIT,QTY,WALL FRAMES,informational,,false,,,,rule,,,not-a-catalogue-record,Repeated imported column header row; not a catalogue record.
quote-487,487,stage:frame,category:frame,subcategory:quotes,QUOTES,ITEM,,PRE-FAB WALL FRAMES,formula,,false,,,,rule,,,not-a-catalogue-record,Formula-driven row; keep out of master catalogues.
quote-489,489,stage:frame,category:frame,subcategory:exterior-wall-frames,EXTERIOR WALL FRAMES,LM,,PRE-FAB WALL FRAMES,formula,,false,,,,rule,,,not-a-catalogue-record,Formula-driven row; keep out of master catalogues.
quote-490,490,stage:frame,category:frame,subcategory:interior-wall-frames,INTERIOR WALL FRAMES,LM,,PRE-FAB WALL FRAMES,formula,,false,,,,rule,,,not-a-catalogue-record,Formula-driven row; keep out of master catalogues.
quote-640,640,stage:frame,category:frame,subcategory:trusstec-quote,TRUSSTEC QUOTE,,,PRE-FAB WALL FRAMES,heading,,false,,,,rule,,,not-a-catalogue-record,Section-like row with no useful pricing unit or quantity.
quote-642,642,stage:frame,category:frame,subcategory:exterior-wall-frames,EXTERIOR WALL FRAMES,LM,,PRE-FAB WALL FRAMES,formula,,false,,,,rule,,,not-a-catalogue-record,Formula-driven row; keep out of master catalogues.
quote-643,643,stage:frame,category:frame,subcategory:interior-wall-frames,INTERIOR WALL FRAMES,LM,,PRE-FAB WALL FRAMES,formula,,false,,,,rule,,,not-a-catalogue-record,Formula-driven row; keep out of master catalogues.
quote-493,493,stage:unassigned,category:framing-timber,subcategory:wall-studs-70-x-35-mpg-12,WALL STUDS 70 X 35 MPG 12,LM,,FRAMING TIMBER,formula,,false,,,,rule,,,not-a-catalogue-record,Formula-driven row; keep out of master catalogues.
quote-494,494,stage:unassigned,category:framing-timber,subcategory:70-x-35-mpg-10,70 X 35 MPG 10,LM,,FRAMING TIMBER,formula,,false,,,,rule,,,not-a-catalogue-record,Formula-driven row; keep out of master catalogues.
quote-495,495,stage:unassigned,category:framing-timber,subcategory:70-x-35-mpg-12,70 X 35 MPG 12,LM,,FRAMING TIMBER,formula,,false,,,,rule,,,not-a-catalogue-record,Formula-driven row; keep out of master catalogues.
quote-496,496,stage:unassigned,category:framing-timber,subcategory:100-x-100-timber-post,100 X 100 TIMBER POST,LM,,FRAMING TIMBER,formula,,false,,,,rule,,,not-a-catalogue-record,Formula-driven row; keep out of master catalogues.
quote-497,497,stage:unassigned,category:framing-timber,subcategory:125-x-125-timber-post,125 X 125 TIMBER POST,LM,,FRAMING TIMBER,formula,,false,,,,rule,,,not-a-catalogue-record,Formula-driven row; keep out of master catalogues.
quote-498,498,stage:unassigned,category:framing-timber,subcategory:150x150-timber-post,150X150 TIMBER POST,LM,,FRAMING TIMBER,formula,,false,,,,rule,,,not-a-catalogue-record,Formula-driven row; keep out of master catalogues.
quote-499,499,stage:base,category:slab,subcategory:post-stirrups-inc-concrete,POST STIRRUPS INC CONCRETE,EACH,,FRAMING TIMBER,estimating-item,estimating:slab:post-stirrups-inc-concrete:post-stirrups-inc-concrete,false,,quote-499,,derived-runtime,estimating:slab:post-stirrups-inc-concrete:post-stirrups-inc-concrete,,existing-derived-estimating-row,"Labour, plant, service, fee, or construction resource candidate."
quote-500,500,stage:unassigned,category:framing-timber,subcategory:90-x-35-mgp-12,90 X 35 MGP 12,LM,,FRAMING TIMBER,formula,,false,,,,rule,,,not-a-catalogue-record,Formula-driven row; keep out of master catalogues.
quote-501,501,stage:unassigned,category:framing-timber,subcategory:70-x-35-mgp-12,70 X 35 MGP 12,LM,,FRAMING TIMBER,formula,,false,,,,rule,,,not-a-catalogue-record,Formula-driven row; keep out of master catalogues.
quote-646,646,stage:unassigned,category:framing-timber,subcategory:wall-studs-70-x-35-mpg-12,WALL STUDS 70 X 35 MPG 12,LM,,FRAMING TIMBER,formula,,false,,,,rule,,,not-a-catalogue-record,Formula-driven row; keep out of master catalogues.
quote-647,647,stage:unassigned,category:framing-timber,subcategory:70-x-35-mpg-10,70 X 35 MPG 10,LM,,FRAMING TIMBER,formula,,false,,,,rule,,,not-a-catalogue-record,Formula-driven row; keep out of master catalogues.
quote-648,648,stage:unassigned,category:framing-timber,subcategory:70-x-35-mpg-12,70 X 35 MPG 12,LM,,FRAMING TIMBER,formula,,false,,,,rule,,,not-a-catalogue-record,Formula-driven row; keep out of master catalogues.
quote-649,649,stage:unassigned,category:framing-timber,subcategory:100-x-100-timber-post,100 X 100 TIMBER POST,LM,,FRAMING TIMBER,formula,,false,,,,rule,,,not-a-catalogue-record,Formula-driven row; keep out of master catalogues.
quote-650,650,stage:unassigned,category:framing-timber,subcategory:125-x-125-timber-post,125 X 125 TIMBER POST,LM,,FRAMING TIMBER,formula,,false,,,,rule,,,not-a-catalogue-record,Formula-driven row; keep out of master catalogues.
quote-504,504,stage:frame,category:frame,subcategory:2-4m-external-lb-walls-70mm-no-lintel,2.4m EXTERNAL LB WALLS - 70mm (NO LINTEL),LM,,WALL FRAMES - LINEAL,formula,,false,,,,rule,,,not-a-catalogue-record,Formula-driven row; keep out of master catalogues.
quote-505,505,stage:frame,category:frame,subcategory:2-4m-internal-walls-70mm,2.4m INTERNAL WALLS - 70mm,LM,,WALL FRAMES - LINEAL,formula,,false,,,,rule,,,not-a-catalogue-record,Formula-driven row; keep out of master catalogues.
quote-507,507,stage:frame,category:frame,subcategory:2-7m-external-lb-walls-70mm-no-lintel,2.7m EXTERNAL LB WALLS - 70mm (NO LINTEL),LM,,WALL FRAMES - LINEAL,formula,,false,,,,rule,,,not-a-catalogue-record,Formula-driven row; keep out of master catalogues.
quote-508,508,stage:frame,category:frame,subcategory:2-7m-internal-walls-70mm,2.7m INTERNAL WALLS - 70mm,LM,,WALL FRAMES - LINEAL,formula,,false,,,,rule,,,not-a-catalogue-record,Formula-driven row; keep out of master catalogues.
quote-510,510,stage:frame,category:frame,subcategory:2-4m-external-lb-walls-90mm-no-lintel,2.4m EXTERNAL LB WALLS - 90mm (NO LINTEL),LM,,WALL FRAMES - LINEAL,formula,,false,,,,rule,,,not-a-catalogue-record,Formula-driven row; keep out of master catalogues.
quote-511,511,stage:frame,category:frame,subcategory:2-4m-internal-walls-90mm,2.4m INTERNAL WALLS - 90mm,LM,,WALL FRAMES - LINEAL,formula,,false,,,,rule,,,not-a-catalogue-record,Formula-driven row; keep out of master catalogues.
quote-513,513,stage:frame,category:frame,subcategory:2-7m-external-lb-walls-90mm-no-lintel,2.7m EXTERNAL LB WALLS - 90mm (NO LINTEL),LM,,WALL FRAMES - LINEAL,formula,,false,,,,rule,,,not-a-catalogue-record,Formula-driven row; keep out of master catalogues.
quote-514,514,stage:frame,category:frame,subcategory:2-7m-internal-walls-90mm,2.7m INTERNAL WALLS - 90mm,LM,,WALL FRAMES - LINEAL,formula,,false,,,,rule,,,not-a-catalogue-record,Formula-driven row; keep out of master catalogues.
quote-653,653,stage:frame,category:frame,subcategory:2-4m-external-lb-walls-70mm-no-lintel,2.4m EXTERNAL LB WALLS - 70mm (NO LINTEL),LM,,WALL FRAMES - LINEAL,formula,,false,,,,rule,,,not-a-catalogue-record,Formula-driven row; keep out of master catalogues.
quote-654,654,stage:frame,category:frame,subcategory:2-4m-internal-walls-70mm,2.4m INTERNAL WALLS - 70mm,LM,,WALL FRAMES - LINEAL,formula,,false,,,,rule,,,not-a-catalogue-record,Formula-driven row; keep out of master catalogues.
quote-656,656,stage:frame,category:frame,subcategory:2-7m-external-lb-walls-70mm-no-lintel,2.7m EXTERNAL LB WALLS - 70mm (NO LINTEL),LM,,WALL FRAMES - LINEAL,formula,,false,,,,rule,,,not-a-catalogue-record,Formula-driven row; keep out of master catalogues.
quote-657,657,stage:frame,category:frame,subcategory:2-7m-internal-walls-70mm,2.7m INTERNAL WALLS - 70mm,LM,,WALL FRAMES - LINEAL,formula,,false,,,,rule,,,not-a-catalogue-record,Formula-driven row; keep out of master catalogues.
quote-659,659,stage:frame,category:frame,subcategory:2-4m-external-lb-walls-90mm-no-lintel,2.4m EXTERNAL LB WALLS - 90mm (NO LINTEL),LM,,WALL FRAMES - LINEAL,formula,,false,,,,rule,,,not-a-catalogue-record,Formula-driven row; keep out of master catalogues.
quote-660,660,stage:frame,category:frame,subcategory:2-4m-internal-walls-90mm,2.4m INTERNAL WALLS - 90mm,LM,,WALL FRAMES - LINEAL,formula,,false,,,,rule,,,not-a-catalogue-record,Formula-driven row; keep out of master catalogues.
quote-662,662,stage:frame,category:frame,subcategory:2-7m-external-lb-walls-90mm-no-lintel,2.7m EXTERNAL LB WALLS - 90mm (NO LINTEL),LM,,WALL FRAMES - LINEAL,formula,,false,,,,rule,,,not-a-catalogue-record,Formula-driven row; keep out of master catalogues.
quote-663,663,stage:frame,category:frame,subcategory:2-7m-internal-walls-90mm,2.7m INTERNAL WALLS - 90mm,LM,,WALL FRAMES - LINEAL,formula,,false,,,,rule,,,not-a-catalogue-record,Formula-driven row; keep out of master catalogues.
quote-517,517,stage:frame,category:frame,subcategory:90-x-35-f17,90 X 35 F17,LM,,LINTELS & BEAMS,formula,,false,,,,rule,,,not-a-catalogue-record,Formula-driven row; keep out of master catalogues.
quote-518,518,stage:frame,category:frame,subcategory:120-x-35-f17,120 X 35 F17,LM,,LINTELS & BEAMS,formula,,false,,,,rule,,,not-a-catalogue-record,Formula-driven row; keep out of master catalogues.
quote-519,519,stage:frame,category:frame,subcategory:120-x-35-f17,120 X 35 F17,LM,,LINTELS & BEAMS,formula,,false,,,,rule,,,not-a-catalogue-record,Formula-driven row; keep out of master catalogues.
quote-520,520,stage:frame,category:frame,subcategory:140-x-35-f17,140 X 35 F17,LM,,LINTELS & BEAMS,formula,,false,,,,rule,,,not-a-catalogue-record,Formula-driven row; keep out of master catalogues.
quote-521,521,stage:frame,category:frame,subcategory:140-x-35-f17,140 X 35 F17,LM,,LINTELS & BEAMS,formula,,false,,,,rule,,,not-a-catalogue-record,Formula-driven row; keep out of master catalogues.
quote-522,522,stage:frame,category:frame,subcategory:140-x-35-f17,140 X 35 F17,LM,,LINTELS & BEAMS,formula,,false,,,,rule,,,not-a-catalogue-record,Formula-driven row; keep out of master catalogues.
quote-523,523,stage:frame,category:frame,subcategory:140-x-35-f17,140 X 35 F17,LM,,LINTELS & BEAMS,formula,,false,,,,rule,,,not-a-catalogue-record,Formula-driven row; keep out of master catalogues.
quote-524,524,stage:frame,category:frame,subcategory:140-x-35-f17,140 X 35 F17,LM,,LINTELS & BEAMS,formula,,false,,,,rule,,,not-a-catalogue-record,Formula-driven row; keep out of master catalogues.
quote-525,525,stage:frame,category:frame,subcategory:170-x-35-f17,170 X 35 F17,LM,,LINTELS & BEAMS,formula,,false,,,,rule,,,not-a-catalogue-record,Formula-driven row; keep out of master catalogues.
quote-526,526,stage:frame,category:frame,subcategory:170-x-35-f17,170 X 35 F17,LM,,LINTELS & BEAMS,formula,,false,,,,rule,,,not-a-catalogue-record,Formula-driven row; keep out of master catalogues.
quote-527,527,stage:frame,category:frame,subcategory:190-x-35-f17,190 X 35 F17,LM,,LINTELS & BEAMS,formula,,false,,,,rule,,,not-a-catalogue-record,Formula-driven row; keep out of master catalogues.
quote-528,528,stage:frame,category:frame,subcategory:191-x-35-f17,191 X 35 F17,LM,,LINTELS & BEAMS,formula,,false,,,,rule,,,not-a-catalogue-record,Formula-driven row; keep out of master catalogues.
quote-529,529,stage:frame,category:frame,subcategory:190-x-45-f17,190 X 45 F17,LM,,LINTELS & BEAMS,formula,,false,,,,rule,,,not-a-catalogue-record,Formula-driven row; keep out of master catalogues.
quote-530,530,stage:frame,category:frame,subcategory:220-x-35-f17,220 X 35 F17,LM,,LINTELS & BEAMS,formula,,false,,,,rule,,,not-a-catalogue-record,Formula-driven row; keep out of master catalogues.
quote-531,531,stage:frame,category:frame,subcategory:220-x-45-f17,220 X 45 F17,LM,,LINTELS & BEAMS,formula,,false,,,,rule,,,not-a-catalogue-record,Formula-driven row; keep out of master catalogues.
quote-532,532,stage:frame,category:frame,subcategory:240-x-35-f17,240 X 35 F17,LM,,LINTELS & BEAMS,formula,,false,,,,rule,,,not-a-catalogue-record,Formula-driven row; keep out of master catalogues.
quote-533,533,stage:frame,category:frame,subcategory:240-x-45-f17,240 X 45 F17,LM,,LINTELS & BEAMS,formula,,false,,,,rule,,,not-a-catalogue-record,Formula-driven row; keep out of master catalogues.
quote-534,534,stage:frame,category:frame,subcategory:230-x-85-17c,230 X 85 17C,LM,,LINTELS & BEAMS,formula,,false,,,,rule,,,not-a-catalogue-record,Formula-driven row; keep out of master catalogues.
quote-535,535,stage:frame,category:frame,subcategory:240-x-45-f17,240 X 45 F17,LM,,LINTELS & BEAMS,formula,,false,,,,rule,,,not-a-catalogue-record,Formula-driven row; keep out of master catalogues.
quote-536,536,stage:frame,category:frame,subcategory:240-x-35-f17,240 X 35 F17,LM,,LINTELS & BEAMS,formula,,false,,,,rule,,,not-a-catalogue-record,Formula-driven row; keep out of master catalogues.
quote-537,537,stage:frame,category:frame,subcategory:240-x-45-f17,240 X 45 F17,LM,,LINTELS & BEAMS,formula,,false,,,,rule,,,not-a-catalogue-record,Formula-driven row; keep out of master catalogues.
quote-538,538,stage:frame,category:frame,subcategory:155-x-85-21c-lamibeam,155 X 85 21C LAMIBEAM,LM,,LINTELS & BEAMS,formula,,false,,,,rule,,,not-a-catalogue-record,Formula-driven row; keep out of master catalogues.
quote-539,539,stage:frame,category:frame,subcategory:215-x-65-18c,215 X 65 18C,LM,,LINTELS & BEAMS,formula,,false,,,,rule,,,not-a-catalogue-record,Formula-driven row; keep out of master catalogues.
quote-540,540,stage:frame,category:frame,subcategory:195-x-65-17c,195 X 65 17C,LM,,LINTELS & BEAMS,formula,,false,,,,rule,,,not-a-catalogue-record,Formula-driven row; keep out of master catalogues.
quote-541,541,stage:frame,category:frame,subcategory:300-x-45-lvl,300 X 45 LVL,LM,,LINTELS & BEAMS,formula,,false,,,,rule,,,not-a-catalogue-record,Formula-driven row; keep out of master catalogues.
quote-542,542,stage:frame,category:frame,subcategory:230-x-65-17c,230 x 65 17C,LM,,LINTELS & BEAMS,formula,,false,,,,rule,,,not-a-catalogue-record,Formula-driven row; keep out of master catalogues.
quote-543,543,stage:frame,category:frame,subcategory:245-x-65-18c-tasbeam,245 X 65 18C TASBEAM,LM,,LINTELS & BEAMS,formula,,false,,,,rule,,,not-a-catalogue-record,Formula-driven row; keep out of master catalogues.
quote-544,544,stage:frame,category:frame,subcategory:330-x-85-17c,330 X 85 17C,LM,,LINTELS & BEAMS,formula,,false,,,,rule,,,not-a-catalogue-record,Formula-driven row; keep out of master catalogues.
quote-545,545,stage:frame,category:frame,subcategory:300-x-63-h2-losp,300 X 63 H2 LOSP,LM,,LINTELS & BEAMS,formula,,false,,,,rule,,,not-a-catalogue-record,Formula-driven row; keep out of master catalogues.
quote-546,546,stage:frame,category:frame,subcategory:300-x-45-edgebeam,300 X 45 EDGEBEAM,LM,,LINTELS & BEAMS,formula,,false,,,,rule,,,not-a-catalogue-record,Formula-driven row; keep out of master catalogues.
quote-547,547,stage:frame,category:frame,subcategory:360-x-45-edgebeam,360 X 45 EDGEBEAM,LM,,LINTELS & BEAMS,formula,,false,,,,rule,,,not-a-catalogue-record,Formula-driven row; keep out of master catalogues.
quote-548,548,stage:frame,category:frame,subcategory:360-x-135-17c-lamibeam,360 X 135 17C LAMIBEAM,LM,,LINTELS & BEAMS,formula,,false,,,,rule,,,not-a-catalogue-record,Formula-driven row; keep out of master catalogues.
quote-549,549,stage:frame,category:frame,subcategory:330-x-65-17c,330 X 65 17C,LM,,LINTELS & BEAMS,formula,,false,,,,rule,,,not-a-catalogue-record,Formula-driven row; keep out of master catalogues.
quote-550,550,stage:frame,category:windows-doors,subcategory:garage-web-truss-4-8m-span,GARAGE WEB TRUSS 4.8M SPAN,ITEM,,LINTELS & BEAMS,estimating-item,estimating:windows-doors:garage-web-truss-4-8m-span:garage-web-truss-4-8m-span,false,,quote-550,,derived-runtime,estimating:windows-doors:garage-web-truss-4-8m-span:garage-web-truss-4-8m-span,,existing-derived-estimating-row,"Labour, plant, service, fee, or construction resource candidate."
quote-666,666,stage:frame,category:frame,subcategory:90-x-35-f17,90 X 35 F17,LM,,LINTELS & BEAMS,formula,,false,,,,rule,,,not-a-catalogue-record,Formula-driven row; keep out of master catalogues.
quote-667,667,stage:frame,category:frame,subcategory:120-x-35-f17,120 X 35 F17,LM,,LINTELS & BEAMS,formula,,false,,,,rule,,,not-a-catalogue-record,Formula-driven row; keep out of master catalogues.
quote-668,668,stage:frame,category:frame,subcategory:120-x-35-f17,120 X 35 F17,LM,,LINTELS & BEAMS,formula,,false,,,,rule,,,not-a-catalogue-record,Formula-driven row; keep out of master catalogues.
quote-669,669,stage:frame,category:frame,subcategory:140-x-35-f17,140 X 35 F17,LM,,LINTELS & BEAMS,formula,,false,,,,rule,,,not-a-catalogue-record,Formula-driven row; keep out of master catalogues.
quote-670,670,stage:frame,category:frame,subcategory:140-x-45-f17,140 X 45 F17,LM,-,LINTELS & BEAMS,formula,,false,,,,rule,,,not-a-catalogue-record,Formula-driven row; keep out of master catalogues.
quote-671,671,stage:frame,category:frame,subcategory:170-x-35-f17,170 X 35 F17,LM,,LINTELS & BEAMS,formula,,false,,,,rule,,,not-a-catalogue-record,Formula-driven row; keep out of master catalogues.
quote-672,672,stage:frame,category:frame,subcategory:170-x-45-f17,170 X 45 F17,LM,,LINTELS & BEAMS,formula,,false,,,,rule,,,not-a-catalogue-record,Formula-driven row; keep out of master catalogues.
quote-673,673,stage:frame,category:frame,subcategory:190-x-35-f17,190 X 35 F17,LM,,LINTELS & BEAMS,formula,,false,,,,rule,,,not-a-catalogue-record,Formula-driven row; keep out of master catalogues.
quote-674,674,stage:frame,category:frame,subcategory:190-x-35-f17,190 X 35 F17,LM,,LINTELS & BEAMS,formula,,false,,,,rule,,,not-a-catalogue-record,Formula-driven row; keep out of master catalogues.
quote-675,675,stage:frame,category:frame,subcategory:190-x-45-f17,190 X 45 F17,LM,,LINTELS & BEAMS,formula,,false,,,,rule,,,not-a-catalogue-record,Formula-driven row; keep out of master catalogues.
quote-676,676,stage:frame,category:frame,subcategory:220-x-35-f17,220 X 35 F17,LM,,LINTELS & BEAMS,formula,,false,,,,rule,,,not-a-catalogue-record,Formula-driven row; keep out of master catalogues.
quote-677,677,stage:frame,category:frame,subcategory:220-x-45-f17,220 X 45 F17,LM,,LINTELS & BEAMS,formula,,false,,,,rule,,,not-a-catalogue-record,Formula-driven row; keep out of master catalogues.
quote-678,678,stage:frame,category:frame,subcategory:240-x-35-f17,240 X 35 F17,LM,,LINTELS & BEAMS,formula,,false,,,,rule,,,not-a-catalogue-record,Formula-driven row; keep out of master catalogues.
quote-679,679,stage:frame,category:frame,subcategory:240-x-35-f17,240 X 35 F17,LM,,LINTELS & BEAMS,formula,,false,,,,rule,,,not-a-catalogue-record,Formula-driven row; keep out of master catalogues.
quote-680,680,stage:frame,category:frame,subcategory:240-x-35-f17,240 X 35 F17,LM,,LINTELS & BEAMS,formula,,false,,,,rule,,,not-a-catalogue-record,Formula-driven row; keep out of master catalogues.
quote-681,681,stage:frame,category:frame,subcategory:240-x-35-f17,240 X 35 F17,LM,,LINTELS & BEAMS,formula,,false,,,,rule,,,not-a-catalogue-record,Formula-driven row; keep out of master catalogues.
quote-682,682,stage:frame,category:frame,subcategory:240-x-45-f17,240 X 45 F17,LM,,LINTELS & BEAMS,formula,,false,,,,rule,,,not-a-catalogue-record,Formula-driven row; keep out of master catalogues.
quote-683,683,stage:frame,category:frame,subcategory:155-x-85-21c-lamibeam,155 X 85 21C LAMIBEAM,LM,,LINTELS & BEAMS,formula,,false,,,,rule,,,not-a-catalogue-record,Formula-driven row; keep out of master catalogues.
quote-684,684,stage:frame,category:frame,subcategory:215-x-65-18c,215 X 65 18C,LM,,LINTELS & BEAMS,formula,,false,,,,rule,,,not-a-catalogue-record,Formula-driven row; keep out of master catalogues.
quote-685,685,stage:frame,category:frame,subcategory:200-x-63-lvl,200 X 63 LVL,LM,-,LINTELS & BEAMS,formula,,false,,,,rule,,,not-a-catalogue-record,Formula-driven row; keep out of master catalogues.
quote-686,686,stage:frame,category:frame,subcategory:230-x-65-17c,230 x 65 17C,LM,,LINTELS & BEAMS,formula,,false,,,,rule,,,not-a-catalogue-record,Formula-driven row; keep out of master catalogues.
quote-687,687,stage:frame,category:frame,subcategory:245-x-65-18c-tasbeam,245 X 65 18C TASBEAM,LM,,LINTELS & BEAMS,formula,,false,,,,rule,,,not-a-catalogue-record,Formula-driven row; keep out of master catalogues.
quote-688,688,stage:frame,category:frame,subcategory:300-x-45-edgebeam,300 X 45 EDGEBEAM,LM,,LINTELS & BEAMS,formula,,false,,,,rule,,,not-a-catalogue-record,Formula-driven row; keep out of master catalogues.
quote-689,689,stage:frame,category:frame,subcategory:360-x-45-edgebeam,360 X 45 EDGEBEAM,LM,,LINTELS & BEAMS,formula,,false,,,,rule,,,not-a-catalogue-record,Formula-driven row; keep out of master catalogues.
quote-690,690,stage:frame,category:frame,subcategory:360-x-135-17c-lamibeam,360 X 135 17C LAMIBEAM,LM,,LINTELS & BEAMS,formula,,false,,,,rule,,,not-a-catalogue-record,Formula-driven row; keep out of master catalogues.
quote-691,691,stage:frame,category:frame,subcategory:330-x-65-17c,330 X 65 17C,LM,,LINTELS & BEAMS,formula,,false,,,,rule,,,not-a-catalogue-record,Formula-driven row; keep out of master catalogues.
quote-692,692,stage:frame,category:windows-doors,subcategory:garage-web-truss-4-8m-span,GARAGE WEB TRUSS 4.8M SPAN,ITEM,,LINTELS & BEAMS,estimating-item,estimating:windows-doors:garage-web-truss-4-8m-span:garage-web-truss-4-8m-span,false,,quote-692,,derived-runtime,estimating:windows-doors:garage-web-truss-4-8m-span:garage-web-truss-4-8m-span,,existing-derived-estimating-row,"Labour, plant, service, fee, or construction resource candidate."
quote-563,563,stage:unassigned,category:misc-timber,subcategory:200-x-200-dressed-posts,200 X 200 DRESSED POSTS,LM,,MISC TIMBER,formula,,false,,,,rule,,,not-a-catalogue-record,Formula-driven row; keep out of master catalogues.
quote-564,564,stage:unassigned,category:misc-timber,subcategory:post-supports,POST SUPPORTS,LM,,MISC TIMBER,estimating-item,estimating:misc-timber:post-supports:post-supports,false,,quote-564,,derived-runtime,estimating:misc-timber:post-supports:post-supports,,existing-derived-estimating-row,"Labour, plant, service, fee, or construction resource candidate."
quote-565,565,stage:unassigned,category:misc-timber,subcategory:150-x-25-r-s-pine,150 X 25 R/S PINE,LM,,MISC TIMBER,formula,,false,,,,rule,,,not-a-catalogue-record,Formula-driven row; keep out of master catalogues.
quote-695,695,stage:unassigned,category:misc-timber,subcategory:75-x-38-rhw,75 X 38 RHW,LM,,MISC TIMBER,formula,,false,,,,rule,,,not-a-catalogue-record,Formula-driven row; keep out of master catalogues.
quote-696,696,stage:unassigned,category:misc-timber,subcategory:75-x-38-cca-hwd-rail,75 X 38 CCA HWD RAIL,LM,,MISC TIMBER,formula,,false,,,,rule,,,not-a-catalogue-record,Formula-driven row; keep out of master catalogues.
quote-697,697,stage:unassigned,category:misc-timber,subcategory:150-x-25-r-s-pine,150 X 25 R/S PINE,LM,,MISC TIMBER,formula,,false,,,,rule,,,not-a-catalogue-record,Formula-driven row; keep out of master catalogues.
quote-571,571,stage:unassigned,category:ply-bracing-sheets,subcategory:2440-x-900,2440 X 900,M2,,PLY BRACING SHEETS,formula,,false,,,,rule,,,not-a-catalogue-record,Formula-driven row; keep out of master catalogues.
quote-572,572,stage:unassigned,category:ply-bracing-sheets,subcategory:2440-x-1200,2440 X 1200,M2,,PLY BRACING SHEETS,formula,,false,,,,rule,,,not-a-catalogue-record,Formula-driven row; keep out of master catalogues.
quote-573,573,stage:unassigned,category:ply-bracing-sheets,subcategory:2745-x-900,2745 X 900,M2,,PLY BRACING SHEETS,formula,,false,,,,rule,,,not-a-catalogue-record,Formula-driven row; keep out of master catalogues.
quote-574,574,stage:unassigned,category:ply-bracing-sheets,subcategory:2745-x-1200,2745 X 1200,M2,,PLY BRACING SHEETS,formula,,false,,,,rule,,,not-a-catalogue-record,Formula-driven row; keep out of master catalogues.
quote-713,713,stage:unassigned,category:ply-bracing-sheets,subcategory:2440-x-900,2440 X 900,M2,,PLY BRACING SHEETS,formula,,false,,,,rule,,,not-a-catalogue-record,Formula-driven row; keep out of master catalogues.
quote-714,714,stage:unassigned,category:ply-bracing-sheets,subcategory:2440-x-1200,2440 X 1200,M2,,PLY BRACING SHEETS,formula,,false,,,,rule,,,not-a-catalogue-record,Formula-driven row; keep out of master catalogues.
quote-715,715,stage:unassigned,category:ply-bracing-sheets,subcategory:2745-x-900,2745 X 900,M2,,PLY BRACING SHEETS,formula,,false,,,,rule,,,not-a-catalogue-record,Formula-driven row; keep out of master catalogues.
quote-716,716,stage:unassigned,category:ply-bracing-sheets,subcategory:2745-x-1200,2745 X 1200,M2,,PLY BRACING SHEETS,formula,,false,,,,rule,,,not-a-catalogue-record,Formula-driven row; keep out of master catalogues.
quote-577,577,stage:unassigned,category:tie-down,subcategory:cyclone-rods-2-7m,CYCLONE RODS 2.7m,EACH,,TIE DOWN,estimating-item,estimating:tie-down:cyclone-rods-2-7m:cyclone-rods-2-7m,false,,quote-577,,derived-runtime,estimating:tie-down:cyclone-rods-2-7m:cyclone-rods-2-7m,,existing-derived-estimating-row,"Labour, plant, service, fee, or construction resource candidate."
quote-578,578,stage:unassigned,category:tie-down,subcategory:add-extra-for-3-0m-cyclone-rods,ADD EXTRA FOR 3.0m CYCLONE RODS,EACH,-,TIE DOWN,formula,,false,,,,rule,,,not-a-catalogue-record,Formula-driven row; keep out of master catalogues.
quote-579,579,stage:unassigned,category:tie-down,subcategory:connector-nuts,CONNECTOR NUTS,EACH,,TIE DOWN,estimating-item,estimating:tie-down:connector-nuts:connector-nuts,false,,quote-579,,derived-runtime,estimating:tie-down:connector-nuts:connector-nuts,,existing-derived-estimating-row,"Labour, plant, service, fee, or construction resource candidate."
quote-580,580,stage:unassigned,category:tie-down,subcategory:tie-down-plates,TIE DOWN PLATES,EACH,,TIE DOWN,estimating-item,estimating:tie-down:tie-down-plates:tie-down-plates,false,,quote-580,,derived-runtime,estimating:tie-down:tie-down-plates:tie-down-plates,,existing-derived-estimating-row,"Labour, plant, service, fee, or construction resource candidate."
quote-581,581,stage:unassigned,category:tie-down,subcategory:12mm-cyclone-starter-bolts,12mm CYCLONE STARTER BOLTS,EACH,,TIE DOWN,estimating-item,estimating:tie-down:12mm-cyclone-starter-bolts:12mm-cyclone-starter-bolts,false,,quote-581|quote-706,,derived-runtime,estimating:tie-down:12mm-cyclone-starter-bolts:12mm-cyclone-starter-bolts,,existing-derived-estimating-row,"Labour, plant, service, fee, or construction resource candidate."
quote-582,582,stage:unassigned,category:tie-down,subcategory:sq-washers,SQ WASHERS,EACH,-,TIE DOWN,formula,,false,,,,rule,,,not-a-catalogue-record,Formula-driven row; keep out of master catalogues.
quote-583,583,stage:unassigned,category:tie-down,subcategory:nuts,NUTS,EACH,-,TIE DOWN,formula,,false,,,,rule,,,not-a-catalogue-record,Formula-driven row; keep out of master catalogues.
quote-584,584,stage:unassigned,category:tie-down,subcategory:12mm-x-100mm-dynabolts,12mm X 100mm DYNABOLTS,EACH,,TIE DOWN,informational,,false,,,,rule,,,not-a-catalogue-record,Informational or confirmation-only row.
quote-585,585,stage:unassigned,category:tie-down,subcategory:chemset,CHEMSET,EACH,-,TIE DOWN,formula,,false,,,,rule,,,not-a-catalogue-record,Formula-driven row; keep out of master catalogues.
quote-703,703,stage:unassigned,category:tie-down,subcategory:cyclone-rods-3-0m,CYCLONE RODS 3.0m,EACH,,TIE DOWN,estimating-item,estimating:tie-down:cyclone-rods-3-0m:cyclone-rods-3-0m,false,,quote-703,,derived-runtime,estimating:tie-down:cyclone-rods-3-0m:cyclone-rods-3-0m,,existing-derived-estimating-row,"Labour, plant, service, fee, or construction resource candidate."
quote-704,704,stage:unassigned,category:tie-down,subcategory:add-extra-for-3-6m-cyclone-rods,ADD EXTRA FOR 3.6m CYCLONE RODS,EACH,-,TIE DOWN,formula,,false,,,,rule,,,not-a-catalogue-record,Formula-driven row; keep out of master catalogues.
quote-705,705,stage:unassigned,category:tie-down,subcategory:connector-nuts,CONNECTOR NUTS,EACH,-,TIE DOWN,formula,,false,,,,rule,,,not-a-catalogue-record,Formula-driven row; keep out of master catalogues.
quote-706,706,stage:unassigned,category:tie-down,subcategory:12mm-cyclone-starter-bolts,12mm CYCLONE STARTER BOLTS,EACH,,TIE DOWN,estimating-item,estimating:tie-down:12mm-cyclone-starter-bolts:12mm-cyclone-starter-bolts,false,,quote-581|quote-706,,derived-runtime,estimating:tie-down:12mm-cyclone-starter-bolts:12mm-cyclone-starter-bolts,,existing-derived-estimating-row,"Labour, plant, service, fee, or construction resource candidate."
quote-707,707,stage:unassigned,category:tie-down,subcategory:sq-washers,SQ WASHERS,EACH,-,TIE DOWN,formula,,false,,,,rule,,,not-a-catalogue-record,Formula-driven row; keep out of master catalogues.
quote-708,708,stage:unassigned,category:tie-down,subcategory:nuts,NUTS,EACH,-,TIE DOWN,formula,,false,,,,rule,,,not-a-catalogue-record,Formula-driven row; keep out of master catalogues.
quote-709,709,stage:unassigned,category:tie-down,subcategory:12mm-x-100mm-dynabolts,12mm X 100mm DYNABOLTS,EACH,,TIE DOWN,informational,,false,,,,rule,,,not-a-catalogue-record,Informational or confirmation-only row.
quote-710,710,stage:unassigned,category:tie-down,subcategory:chemset,CHEMSET,EACH,,TIE DOWN,estimating-item,estimating:tie-down:chemset:chemset,false,,quote-710,,derived-runtime,estimating:tie-down:chemset:chemset,,existing-derived-estimating-row,"Labour, plant, service, fee, or construction resource candidate."
quote-593,593,stage:fix-out,category:flooring-tiling,subcategory:item,ITEM,UNIT,QTY,UPPER LEVEL TIMBER FLOORING,informational,,false,,,,rule,,,not-a-catalogue-record,Repeated imported column header row; not a catalogue record.
quote-595,595,stage:fix-out,category:flooring-tiling,subcategory:quote,QUOTE,,,UPPER LEVEL TIMBER FLOORING,formula,,false,,,,rule,,,not-a-catalogue-record,Formula-driven row; keep out of master catalogues.
quote-596,596,stage:frame,category:flooring-tiling,subcategory:allowance-for-steel-beams-and-posts,ALLOWANCE FOR STEEL BEAMS AND POSTS,,,UPPER LEVEL TIMBER FLOORING,allowance,allowance:flooring-tiling:allowance-for-steel-beams-and-posts:allowance-for-steel-beams-and-posts,false,,quote-596,,derived-runtime,estimating:flooring-tiling:allowance-for-steel-beams-and-posts:allowance-for-steel-beams-and-posts,,requires-review,Allowance or provisional row; not an actual product model.
quote-597,597,stage:fix-out,category:flooring-tiling,subcategory:shs-stumps,SHS STUMPS,EACH,,UPPER LEVEL TIMBER FLOORING,estimating-item,estimating:flooring-tiling:shs-stumps:shs-stumps,false,,quote-597,,derived-runtime,estimating:flooring-tiling:shs-stumps:shs-stumps,,existing-derived-estimating-row,"Labour, plant, service, fee, or construction resource candidate."
quote-598,598,stage:fix-out,category:flooring-tiling,subcategory:ant-caps,ANT CAPS,EACH,,UPPER LEVEL TIMBER FLOORING,estimating-item,estimating:flooring-tiling:ant-caps:ant-caps,false,,quote-598,,derived-runtime,estimating:flooring-tiling:ant-caps:ant-caps,,existing-derived-estimating-row,"Labour, plant, service, fee, or construction resource candidate."
quote-599,599,stage:fix-out,category:flooring-tiling,subcategory:bearer-tie-down-bolts,BEARER TIE DOWN BOLTS,EACH,,UPPER LEVEL TIMBER FLOORING,estimating-item,estimating:flooring-tiling:bearer-tie-down-bolts:bearer-tie-down-bolts,false,,quote-599,,derived-runtime,estimating:flooring-tiling:bearer-tie-down-bolts:bearer-tie-down-bolts,,existing-derived-estimating-row,"Labour, plant, service, fee, or construction resource candidate."
quote-600,600,stage:fix-out,category:flooring-tiling,subcategory:bearers-125-x-75-f14-rhw,BEARERS 125 X 75 F14 RHW,LM,,UPPER LEVEL TIMBER FLOORING,formula,,false,,,,rule,,,not-a-catalogue-record,Formula-driven row; keep out of master catalogues.
quote-601,601,stage:fix-out,category:flooring-tiling,subcategory:250-x-50-treated-pine-bearer,250 X 50 TREATED PINE BEARER,LM,,UPPER LEVEL TIMBER FLOORING,formula,,false,,,,rule,,,not-a-catalogue-record,Formula-driven row; keep out of master catalogues.
quote-602,602,stage:fix-out,category:flooring-tiling,subcategory:200-x-50-treated-pine-patio-rafters,200 X 50 TREATED PINE PATIO RAFTERS,LM,,UPPER LEVEL TIMBER FLOORING,formula,,false,,,,rule,,,not-a-catalogue-record,Formula-driven row; keep out of master catalogues.
quote-603,603,stage:fix-out,category:flooring-tiling,subcategory:dwarf-walls,DWARF WALLS,LM,,UPPER LEVEL TIMBER FLOORING,formula,,false,,,,rule,,,not-a-catalogue-record,Formula-driven row; keep out of master catalogues.
quote-604,604,stage:frame,category:flooring-tiling,subcategory:joists-125-x-38-f14,JOISTS 125 X 38 F14,LM,,UPPER LEVEL TIMBER FLOORING,formula,,false,,,,rule,,,not-a-catalogue-record,Formula-driven row; keep out of master catalogues.
quote-605,605,stage:fix-out,category:flooring-tiling,subcategory:300-ub-bearer,300 UB BEARER,LM,,UPPER LEVEL TIMBER FLOORING,estimating-item,estimating:flooring-tiling:300-ub-bearer:300-ub-bearer,false,,quote-605,,derived-runtime,estimating:flooring-tiling:300-ub-bearer:300-ub-bearer,,existing-derived-estimating-row,"Labour, plant, service, fee, or construction resource candidate."
quote-606,606,stage:fix-out,category:flooring-tiling,subcategory:300-ub-bearer,300 UB BEARER,LM,,UPPER LEVEL TIMBER FLOORING,estimating-item,estimating:flooring-tiling:300-ub-bearer:300-ub-bearer,false,,quote-606,,derived-runtime,estimating:flooring-tiling:300-ub-bearer:300-ub-bearer,,existing-derived-estimating-row,"Labour, plant, service, fee, or construction resource candidate."
quote-607,607,stage:fix-out,category:flooring-tiling,subcategory:300-ub-bearer,300 UB BEARER,LM,,UPPER LEVEL TIMBER FLOORING,estimating-item,estimating:flooring-tiling:300-ub-bearer:300-ub-bearer,false,,quote-607,,derived-runtime,estimating:flooring-tiling:300-ub-bearer:300-ub-bearer,,existing-derived-estimating-row,"Labour, plant, service, fee, or construction resource candidate."
quote-608,608,stage:frame,category:flooring-tiling,subcategory:300-x-45-edgebeam,300 X 45 EDGEBEAM,LM,,UPPER LEVEL TIMBER FLOORING,formula,,false,,,,rule,,,not-a-catalogue-record,Formula-driven row; keep out of master catalogues.
quote-609,609,stage:frame,category:flooring-tiling,subcategory:300-x-45-edgebeam,300 X 45 EDGEBEAM,LM,,UPPER LEVEL TIMBER FLOORING,formula,,false,,,,rule,,,not-a-catalogue-record,Formula-driven row; keep out of master catalogues.
quote-610,610,stage:frame,category:flooring-tiling,subcategory:360-x-45-edgebeam,360 X 45 EDGEBEAM,LM,,UPPER LEVEL TIMBER FLOORING,formula,,false,,,,rule,,,not-a-catalogue-record,Formula-driven row; keep out of master catalogues.
quote-611,611,stage:frame,category:flooring-tiling,subcategory:30070-i-beam,30070 I BEAM,LM,,UPPER LEVEL TIMBER FLOORING,formula,,false,,,,rule,,,not-a-catalogue-record,Formula-driven row; keep out of master catalogues.
quote-612,612,stage:frame,category:flooring-tiling,subcategory:30070-i-beam,30070 I BEAM,LM,,UPPER LEVEL TIMBER FLOORING,formula,,false,,,,rule,,,not-a-catalogue-record,Formula-driven row; keep out of master catalogues.
quote-613,613,stage:frame,category:flooring-tiling,subcategory:30070-i-beam,30070 I BEAM,LM,,UPPER LEVEL TIMBER FLOORING,formula,,false,,,,rule,,,not-a-catalogue-record,Formula-driven row; keep out of master catalogues.
quote-614,614,stage:frame,category:flooring-tiling,subcategory:30070-i-beam,30070 I BEAM,LM,,UPPER LEVEL TIMBER FLOORING,formula,,false,,,,rule,,,not-a-catalogue-record,Formula-driven row; keep out of master catalogues.
quote-615,615,stage:frame,category:flooring-tiling,subcategory:30070-i-beam,30070 I BEAM,LM,,UPPER LEVEL TIMBER FLOORING,formula,,false,,,,rule,,,not-a-catalogue-record,Formula-driven row; keep out of master catalogues.
quote-616,616,stage:frame,category:flooring-tiling,subcategory:30070-i-beam,30070 I BEAM,LM,,UPPER LEVEL TIMBER FLOORING,formula,,false,,,,rule,,,not-a-catalogue-record,Formula-driven row; keep out of master catalogues.
quote-617,617,stage:frame,category:flooring-tiling,subcategory:30090-i-beam,30090 I BEAM,LM,,UPPER LEVEL TIMBER FLOORING,formula,,false,,,,rule,,,not-a-catalogue-record,Formula-driven row; keep out of master catalogues.
quote-618,618,stage:frame,category:flooring-tiling,subcategory:36070-hyne-i-beams,36070 HYNE I BEAMS,LM,,UPPER LEVEL TIMBER FLOORING,formula,,false,,,,rule,,,not-a-catalogue-record,Formula-driven row; keep out of master catalogues.
quote-619,619,stage:frame,category:flooring-tiling,subcategory:36090-hyne-i-beams,36090 HYNE I BEAMS,,,UPPER LEVEL TIMBER FLOORING,formula,,false,,,,rule,,,not-a-catalogue-record,Formula-driven row; keep out of master catalogues.
quote-620,620,stage:fix-out,category:flooring-tiling,subcategory:175-x-38-f14,175 X 38 F14,LM,,UPPER LEVEL TIMBER FLOORING,formula,,false,,,,rule,,,not-a-catalogue-record,Formula-driven row; keep out of master catalogues.
quote-621,621,stage:fix-out,category:flooring-tiling,subcategory:200-x-75-f14,200 X 75 F14,LM,,UPPER LEVEL TIMBER FLOORING,formula,,false,,,,rule,,,not-a-catalogue-record,Formula-driven row; keep out of master catalogues.
quote-624,624,stage:fix-out,category:flooring-tiling,subcategory:85mm-t-and-g-hdw-strip-flooring,85mm T&G HDW STRIP FLOORING,LM,,FLOORING,formula,,false,,,,rule,,,not-a-catalogue-record,Formula-driven row; keep out of master catalogues.
quote-625,625,stage:external,category:flooring-tiling,subcategory:85mm-grooved-timber-decking,85mm GROOVED TIMBER DECKING,LM,,FLOORING,formula,,false,,,,rule,,,not-a-catalogue-record,Formula-driven row; keep out of master catalogues.
quote-626,626,stage:fix-out,category:flooring-tiling,subcategory:19mm-yellow-tongue-sheet-flooring,19mm YELLOW TONGUE SHEET FLOORING,SHEET,,FLOORING,estimating-item,estimating:flooring-tiling:19mm-yellow-tongue-sheet-flooring:19mm-yellow-tongue-sheet-flooring,false,,quote-626,,derived-runtime,estimating:flooring-tiling:19mm-yellow-tongue-sheet-flooring:19mm-yellow-tongue-sheet-flooring,,existing-derived-estimating-row,"Labour, plant, service, fee, or construction resource candidate."
quote-627,627,stage:fix-out,category:flooring-tiling,subcategory:upgrade-to-secura-flooring-in-wet-ares,UPGRADE TO SECURA FLOORING IN WET ARES,M2,,FLOORING,estimating-item,estimating:flooring-tiling:upgrade-to-secura-flooring-in-wet-ares:upgrade-to-secura-flooring-in-wet-ares,false,,quote-627,,derived-runtime,estimating:flooring-tiling:upgrade-to-secura-flooring-in-wet-ares:upgrade-to-secura-flooring-in-wet-ares,,existing-derived-estimating-row,"Labour, plant, service, fee, or construction resource candidate."
quote-628,628,stage:fix-out,category:flooring-tiling,subcategory:adhesive,ADHESIVE,EACH,,FLOORING,estimating-item,estimating:flooring-tiling:adhesive:adhesive,false,,quote-628,,derived-runtime,estimating:flooring-tiling:adhesive:adhesive,,existing-derived-estimating-row,"Labour, plant, service, fee, or construction resource candidate."
quote-629,629,stage:fix-out,category:flooring-tiling,subcategory:secura-flooring-to-alfresco-and-balcony,SECURA FLOORING TO ALFRESCO AND BALCONY,M2,,FLOORING,estimating-item,estimating:flooring-tiling:secura-flooring-to-alfresco-and-balcony:secura-flooring-to-alfresco-and-balcony,false,,quote-629,,derived-runtime,estimating:flooring-tiling:secura-flooring-to-alfresco-and-balcony:secura-flooring-to-alfresco-and-balcony,,existing-derived-estimating-row,"Labour, plant, service, fee, or construction resource candidate."
quote-630,630,stage:fix-out,category:flooring-tiling,subcategory:15mm-compressed-sheet-1-8-x-9,15mm COMPRESSED SHEET 1.8 X .9,SHEET,,FLOORING,formula,,false,,,,rule,,,not-a-catalogue-record,Formula-driven row; keep out of master catalogues.
quote-631,631,stage:frame,category:flooring-tiling,subcategory:i-beam-joist-hangers,I BEAM JOIST HANGERS,EACH,,FLOORING,estimating-item,estimating:flooring-tiling:i-beam-joist-hangers:i-beam-joist-hangers,false,,quote-631,,derived-runtime,estimating:flooring-tiling:i-beam-joist-hangers:i-beam-joist-hangers,,existing-derived-estimating-row,"Labour, plant, service, fee, or construction resource candidate."
quote-633,633,stage:fix-out,category:flooring-tiling,subcategory:plant-hire,CRANE HIRE,HR,,FLOORING,formula,,false,,,,rule,,,not-a-catalogue-record,Formula-driven row; keep out of master catalogues.
quote-857,857,stage:fix-out,category:flooring-tiling,subcategory:85mm-t-and-g-hdw-strip-flooring,85mm T&G HDW STRIP FLOORING,LM,,FLOORING,formula,,false,,,,rule,,,not-a-catalogue-record,Formula-driven row; keep out of master catalogues.
quote-858,858,stage:external,category:flooring-tiling,subcategory:85mm-grooved-timber-decking,85mm GROOVED TIMBER DECKING,LM,,FLOORING,formula,,false,,,,rule,,,not-a-catalogue-record,Formula-driven row; keep out of master catalogues.
quote-859,859,stage:fix-out,category:flooring-tiling,subcategory:19mm-yellow-tongue-sheet-flooring,19mm YELLOW TONGUE SHEET FLOORING,M2,,FLOORING,formula,,false,,,,rule,,,not-a-catalogue-record,Formula-driven row; keep out of master catalogues.
quote-860,860,stage:fix-out,category:flooring-tiling,subcategory:15mm-compressed-sheet,15mm COMPRESSED SHEET,M2,,FLOORING,formula,,false,,,,rule,,,not-a-catalogue-record,Formula-driven row; keep out of master catalogues.
quote-724,724,stage:lock-up,category:roofing,subcategory:item,ITEM,UNIT,,ROOF FRAMING,informational,,false,,,,rule,,,not-a-catalogue-record,Repeated imported column header row; not a catalogue record.
quote-726,726,stage:frame,category:roofing,subcategory:roof-trusses,ROOF TRUSSES,QUOTE,,ROOF FRAMING,estimating-item,estimating:roofing:roof-trusses:roof-trusses,false,,quote-726,,derived-runtime,estimating:roofing:roof-trusses:roof-trusses,,existing-derived-estimating-row,"Labour, plant, service, fee, or construction resource candidate."
quote-727,727,stage:frame,category:roofing,subcategory:roof-trusses,ROOF TRUSSES,M2,,ROOF FRAMING,estimating-item,estimating:roofing:roof-trusses:roof-trusses,false,,quote-727,,derived-runtime,estimating:roofing:roof-trusses:roof-trusses,,existing-derived-estimating-row,"Labour, plant, service, fee, or construction resource candidate."
quote-728,728,stage:lock-up,category:roofing,subcategory:roof-battens,ROOF BATTENS,LM,,ROOF FRAMING,estimating-item,estimating:roofing:roof-battens:roof-battens,false,,quote-728,,derived-runtime,estimating:roofing:roof-battens:roof-battens,,existing-derived-estimating-row,"Labour, plant, service, fee, or construction resource candidate."
quote-729,729,stage:lock-up,category:roofing,subcategory:valley-boards,VALLEY BOARDS,LM,,ROOF FRAMING,estimating-item,estimating:roofing:valley-boards:valley-boards,false,,quote-729,,derived-runtime,estimating:roofing:valley-boards:valley-boards,,existing-derived-estimating-row,"Labour, plant, service, fee, or construction resource candidate."
quote-730,730,stage:lock-up,category:roofing,subcategory:hoop-iron,HOOP IRON,ROLL,,ROOF FRAMING,estimating-item,estimating:roofing:hoop-iron:hoop-iron,false,,quote-730,,derived-runtime,estimating:roofing:hoop-iron:hoop-iron,,existing-derived-estimating-row,"Labour, plant, service, fee, or construction resource candidate."
quote-731,731,stage:lock-up,category:roofing,subcategory:speedbrace,SPEEDBRACE,EACH,,ROOF FRAMING,estimating-item,estimating:roofing:speedbrace:speedbrace,false,,quote-731,,derived-runtime,estimating:roofing:speedbrace:speedbrace,,existing-derived-estimating-row,"Labour, plant, service, fee, or construction resource candidate."
quote-732,732,stage:lock-up,category:roofing,subcategory:tiedown-brackets,TIEDOWN BRACKETS,EACH,,ROOF FRAMING,estimating-item,estimating:roofing:tiedown-brackets:tiedown-brackets,false,,quote-732,,derived-runtime,estimating:roofing:tiedown-brackets:tiedown-brackets,,existing-derived-estimating-row,"Labour, plant, service, fee, or construction resource candidate."
quote-733,733,stage:lock-up,category:roofing,subcategory:concealed-guttering-supports,CONCEALED GUTTERING SUPPORTS,EACH,,ROOF FRAMING,assembly,assembly:roofing:concealed-guttering-supports:concealed-guttering-supports,false,,quote-733,,derived-runtime,assembly:roofing:concealed-guttering-supports:concealed-guttering-supports,,requires-assembly-model,Product/resource bundle; needs assembly template rather than single catalogue row.
quote-734,734,stage:lock-up,category:roofing,subcategory:50-x-38-gos-pine,50 X 38 GOS PINE,LM,,ROOF FRAMING,estimating-item,estimating:roofing:50-x-38-gos-pine:50-x-38-gos-pine,false,,quote-734,,derived-runtime,estimating:roofing:50-x-38-gos-pine:50-x-38-gos-pine,,existing-derived-estimating-row,"Labour, plant, service, fee, or construction resource candidate."
quote-735,735,stage:frame,category:roofing,subcategory:125-x-38-f8-ceiling-joists,125 X 38 F8 CEILING JOISTS,LM,,ROOF FRAMING,estimating-item,estimating:roofing:125-x-38-f8-ceiling-joists:125-x-38-f8-ceiling-joists,false,,quote-735,,derived-runtime,estimating:roofing:125-x-38-f8-ceiling-joists:125-x-38-f8-ceiling-joists,,existing-derived-estimating-row,"Labour, plant, service, fee, or construction resource candidate."
quote-736,736,stage:lock-up,category:roofing,subcategory:240-x-45-lvl-rafters,240 X 45 LVL RAFTERS,LM,,ROOF FRAMING,estimating-item,estimating:roofing:240-x-45-lvl-rafters:240-x-45-lvl-rafters,false,,quote-736,,derived-runtime,estimating:roofing:240-x-45-lvl-rafters:240-x-45-lvl-rafters,,existing-derived-estimating-row,"Labour, plant, service, fee, or construction resource candidate."
quote-737,737,stage:frame,category:roofing,subcategory:200-x-38-f14-hanging-beam,200 X 38 F14 HANGING BEAM,LM,,ROOF FRAMING,estimating-item,estimating:roofing:200-x-38-f14-hanging-beam:200-x-38-f14-hanging-beam,false,,quote-737,,derived-runtime,estimating:roofing:200-x-38-f14-hanging-beam:200-x-38-f14-hanging-beam,,existing-derived-estimating-row,"Labour, plant, service, fee, or construction resource candidate."
quote-738,738,stage:lock-up,category:roofing,subcategory:170-x-35-f17-roof-ratfers,170 X 35 F17 ROOF RATFERS,LM,,ROOF FRAMING,estimating-item,estimating:roofing:170-x-35-f17-roof-ratfers:170-x-35-f17-roof-ratfers,false,,quote-738,,derived-runtime,estimating:roofing:170-x-35-f17-roof-ratfers:170-x-35-f17-roof-ratfers,,existing-derived-estimating-row,"Labour, plant, service, fee, or construction resource candidate."
quote-739,739,stage:frame,category:roofing,subcategory:240-x-35-f17-lintels-beams,240 X 35 F17 LINTELS BEAMS,LM,,ROOF FRAMING,estimating-item,estimating:roofing:240-x-35-f17-lintels-beams:240-x-35-f17-lintels-beams,false,,quote-739,,derived-runtime,estimating:roofing:240-x-35-f17-lintels-beams:240-x-35-f17-lintels-beams,,existing-derived-estimating-row,"Labour, plant, service, fee, or construction resource candidate."
quote-740,740,stage:lock-up,category:roofing,subcategory:175-x-38-f14-rafters,175 X 38 F14 RAFTERS,LM,,ROOF FRAMING,estimating-item,estimating:roofing:175-x-38-f14-rafters:175-x-38-f14-rafters,false,,quote-740,,derived-runtime,estimating:roofing:175-x-38-f14-rafters:175-x-38-f14-rafters,,existing-derived-estimating-row,"Labour, plant, service, fee, or construction resource candidate."
quote-741,741,stage:lock-up,category:roofing,subcategory:120-x-45-f17-kd,120 X 45 F17 KD,LM,,ROOF FRAMING,estimating-item,estimating:roofing:120-x-45-f17-kd:120-x-45-f17-kd,false,,quote-741,,derived-runtime,estimating:roofing:120-x-45-f17-kd:120-x-45-f17-kd,,existing-derived-estimating-row,"Labour, plant, service, fee, or construction resource candidate."
quote-742,742,stage:lock-up,category:roofing,subcategory:150-x-25-valley-boards,150 X 25 VALLEY BOARDS,LM,,ROOF FRAMING,estimating-item,estimating:roofing:150-x-25-valley-boards:150-x-25-valley-boards,false,,quote-742,,derived-runtime,estimating:roofing:150-x-25-valley-boards:150-x-25-valley-boards,,existing-derived-estimating-row,"Labour, plant, service, fee, or construction resource candidate."
quote-743,743,stage:lock-up,category:roofing,subcategory:roofing-battens-75-x-38,ROOFING BATTENS 75 X 38,LM,,ROOF FRAMING,assembly,assembly:roofing:roofing-battens-75-x-38:roofing-battens-75-x-38,false,,quote-743,,derived-runtime,assembly:roofing:roofing-battens-75-x-38:roofing-battens-75-x-38,,requires-assembly-model,Product/resource bundle; needs assembly template rather than single catalogue row.
quote-744,744,stage:lock-up,category:roofing,subcategory:plant-hire,CRANE HIRE,EACH,,ROOF FRAMING,estimating-item,estimating:roofing:plant-hire:crane-hire,false,,quote-744,,derived-runtime,estimating:roofing:plant-hire:crane-hire,,existing-derived-estimating-row,"Labour, plant, service, fee, or construction resource candidate."
quote-588,588,stage:unassigned,category:ceiling-battens,subcategory:metal-6m,METAL 6M,EACH,,CEILING BATTENS,estimating-item,estimating:ceiling-battens:metal-6m:metal-6m,false,,quote-588|quote-719,,derived-runtime,estimating:ceiling-battens:metal-6m:metal-6m,,existing-derived-estimating-row,"Labour, plant, service, fee, or construction resource candidate."
quote-589,589,stage:unassigned,category:ceiling-battens,subcategory:50-x-38-g-o-s-pine,50 X 38 G.O.S. PINE,LM,,CEILING BATTENS,estimating-item,estimating:ceiling-battens:50-x-38-g-o-s-pine:50-x-38-g-o-s-pine,false,,quote-589|quote-720,,derived-runtime,estimating:ceiling-battens:50-x-38-g-o-s-pine:50-x-38-g-o-s-pine,,existing-derived-estimating-row,"Labour, plant, service, fee, or construction resource candidate."
quote-719,719,stage:unassigned,category:ceiling-battens,subcategory:metal-6m,METAL 6M,EACH,,CEILING BATTENS,estimating-item,estimating:ceiling-battens:metal-6m:metal-6m,false,,quote-588|quote-719,,derived-runtime,estimating:ceiling-battens:metal-6m:metal-6m,,existing-derived-estimating-row,"Labour, plant, service, fee, or construction resource candidate."
quote-720,720,stage:unassigned,category:ceiling-battens,subcategory:50-x-38-g-o-s-pine,50 X 38 G.O.S. PINE,LM,,CEILING BATTENS,estimating-item,estimating:ceiling-battens:50-x-38-g-o-s-pine:50-x-38-g-o-s-pine,false,,quote-589|quote-720,,derived-runtime,estimating:ceiling-battens:50-x-38-g-o-s-pine:50-x-38-g-o-s-pine,,existing-derived-estimating-row,"Labour, plant, service, fee, or construction resource candidate."
quote-748,748,stage:lock-up,category:windows-doors,subcategory:item,ITEM,UNIT,,WINDOWS,informational,,false,,,,rule,,,not-a-catalogue-record,Repeated imported column header row; not a catalogue record.
quote-750,750,stage:lock-up,category:windows-doors,subcategory:windows-quote,WINDOWS QUOTE,QUOTE,,WINDOWS,assembly,assembly:windows-doors:windows-quote:windows-quote,false,,quote-750,,derived-runtime,assembly:windows-doors:windows-quote:windows-quote,,requires-assembly-model,Product/resource bundle; needs assembly template rather than single catalogue row.
quote-753,753,stage:lock-up,category:windows-doors,subcategory:flyscreen-quote,FLYSCREEN QUOTE,QUOTE,,WINDOWS,assembly,assembly:windows-doors:flyscreen-quote:flyscreen-quote,false,,quote-753,,derived-runtime,assembly:windows-doors:flyscreen-quote:flyscreen-quote,,requires-assembly-model,Product/resource bundle; needs assembly template rather than single catalogue row.
quote-757,757,stage:unassigned,category:hardware,subcategory:item,ITEM,UNIT,QTY,HARDWARE,informational,,false,,,,rule,,,not-a-catalogue-record,Repeated imported column header row; not a catalogue record.
quote-760,760,stage:unassigned,category:bolts-nuts-and-screws,subcategory:120-x-12-cup-head-bolt,120 X 12 CUP HEAD BOLT,EACH,,BOLTS NUTS & SCREWS,estimating-item,estimating:bolts-nuts-and-screws:120-x-12-cup-head-bolt:120-x-12-cup-head-bolt,false,,quote-760,,derived-runtime,estimating:bolts-nuts-and-screws:120-x-12-cup-head-bolt:120-x-12-cup-head-bolt,,existing-derived-estimating-row,"Labour, plant, service, fee, or construction resource candidate."
quote-761,761,stage:unassigned,category:bolts-nuts-and-screws,subcategory:170-x-12-cup-head-bolt,170 X 12 CUP HEAD BOLT,EACH,,BOLTS NUTS & SCREWS,estimating-item,estimating:bolts-nuts-and-screws:170-x-12-cup-head-bolt:170-x-12-cup-head-bolt,false,,quote-761,,derived-runtime,estimating:bolts-nuts-and-screws:170-x-12-cup-head-bolt:170-x-12-cup-head-bolt,,existing-derived-estimating-row,"Labour, plant, service, fee, or construction resource candidate."
quote-762,762,stage:unassigned,category:bolts-nuts-and-screws,subcategory:12mm-galv-washer,12MM GALV WASHER,EACH,,BOLTS NUTS & SCREWS,estimating-item,estimating:bolts-nuts-and-screws:12mm-galv-washer:12mm-galv-washer,false,,quote-762,,derived-runtime,estimating:bolts-nuts-and-screws:12mm-galv-washer:12mm-galv-washer,,existing-derived-estimating-row,"Labour, plant, service, fee, or construction resource candidate."
quote-763,763,stage:unassigned,category:bolts-nuts-and-screws,subcategory:100-x-12-galv-coash-screws,100 X 12 GALV COASH SCREWS,EACH,,BOLTS NUTS & SCREWS,estimating-item,estimating:bolts-nuts-and-screws:100-x-12-galv-coash-screws:100-x-12-galv-coash-screws,false,,quote-763,,derived-runtime,estimating:bolts-nuts-and-screws:100-x-12-galv-coash-screws:100-x-12-galv-coash-screws,,existing-derived-estimating-row,"Labour, plant, service, fee, or construction resource candidate."
quote-764,764,stage:unassigned,category:bolts-nuts-and-screws,subcategory:220-x-12-bolt-and-nut,220 X 12 BOLT & NUT,EACH,,BOLTS NUTS & SCREWS,estimating-item,estimating:bolts-nuts-and-screws:220-x-12-bolt-and-nut:220-x-12-bolt-and-nut,false,,quote-764,,derived-runtime,estimating:bolts-nuts-and-screws:220-x-12-bolt-and-nut:220-x-12-bolt-and-nut,,existing-derived-estimating-row,"Labour, plant, service, fee, or construction resource candidate."
quote-765,765,stage:unassigned,category:bolts-nuts-and-screws,subcategory:170-x-12-bolt-and-nut,170 X 12 BOLT & NUT,EACH,,BOLTS NUTS & SCREWS,estimating-item,estimating:bolts-nuts-and-screws:170-x-12-bolt-and-nut:170-x-12-bolt-and-nut,false,,quote-765,,derived-runtime,estimating:bolts-nuts-and-screws:170-x-12-bolt-and-nut:170-x-12-bolt-and-nut,,existing-derived-estimating-row,"Labour, plant, service, fee, or construction resource candidate."
quote-766,766,stage:unassigned,category:bolts-nuts-and-screws,subcategory:batten-screws,BATTEN SCREWS,EACH,,BOLTS NUTS & SCREWS,estimating-item,estimating:bolts-nuts-and-screws:batten-screws:batten-screws,false,,quote-766,,derived-runtime,estimating:bolts-nuts-and-screws:batten-screws:batten-screws,,existing-derived-estimating-row,"Labour, plant, service, fee, or construction resource candidate."
quote-769,769,stage:unassigned,category:couplings,subcategory:12mm-x-100mm-dynabolts,12mm X 100mm DYNABOLTS,EACH,,COUPLINGS,informational,,false,,,,rule,,,not-a-catalogue-record,Informational or confirmation-only row.
quote-770,770,stage:frame,category:frame,subcategory:joist-hangers-35-x-120,JOIST HANGERS 35 X 120,EACH,,COUPLINGS,estimating-item,estimating:frame:joist-hangers-35-x-120:joist-hangers-35-x-120,false,,quote-770,,derived-runtime,estimating:frame:joist-hangers-35-x-120:joist-hangers-35-x-120,,existing-derived-estimating-row,"Labour, plant, service, fee, or construction resource candidate."
quote-771,771,stage:unassigned,category:couplings,subcategory:multi-grips-100-x-35,MULTI GRIPS 100 X 35,EACH,,COUPLINGS,estimating-item,estimating:couplings:multi-grips-100-x-35:multi-grips-100-x-35,false,,quote-771,,derived-runtime,estimating:couplings:multi-grips-100-x-35:multi-grips-100-x-35,,existing-derived-estimating-row,"Labour, plant, service, fee, or construction resource candidate."
quote-772,772,stage:unassigned,category:couplings,subcategory:hoop-iron-strap-20-x-30mm,HOOP IRON STRAP 20 X 30MM,ROLL,,COUPLINGS,estimating-item,estimating:couplings:hoop-iron-strap-20-x-30mm:hoop-iron-strap-20-x-30mm,false,,quote-772,,derived-runtime,estimating:couplings:hoop-iron-strap-20-x-30mm:hoop-iron-strap-20-x-30mm,,existing-derived-estimating-row,"Labour, plant, service, fee, or construction resource candidate."
quote-773,773,stage:unassigned,category:couplings,subcategory:cyclone-straps,CYCLONE STRAPS,EACH,,COUPLINGS,estimating-item,estimating:couplings:cyclone-straps:cyclone-straps,false,,quote-773,,derived-runtime,estimating:couplings:cyclone-straps:cyclone-straps,,existing-derived-estimating-row,"Labour, plant, service, fee, or construction resource candidate."
quote-774,774,stage:unassigned,category:couplings,subcategory:plate-joiners,PLATE JOINERS,BOX,,COUPLINGS,unresolved,,false,,,,unresolved,,ambiguous labour/material item,requires-review,"No reliable product, trade, category, or formula signal."
quote-775,775,stage:unassigned,category:couplings,subcategory:post-stirrups,POST STIRRUPS,EACH,,COUPLINGS,estimating-item,estimating:couplings:post-stirrups:post-stirrups,false,,quote-775,,derived-runtime,estimating:couplings:post-stirrups:post-stirrups,,existing-derived-estimating-row,"Labour, plant, service, fee, or construction resource candidate."
quote-776,776,stage:unassigned,category:couplings,subcategory:l-h-triple-grips,L/H TRIPLE GRIPS,EACH,,COUPLINGS,unresolved,,false,,,,unresolved,,ambiguous labour/material item,requires-review,"No reliable product, trade, category, or formula signal."
quote-777,777,stage:unassigned,category:couplings,subcategory:r-h-triple-grips,R/H TRIPLE GRIPS,EACH,,COUPLINGS,unresolved,,false,,,,unresolved,,ambiguous labour/material item,requires-review,"No reliable product, trade, category, or formula signal."
quote-780,780,stage:unassigned,category:nails,subcategory:75mm-gun-nails,75mm GUN NAILS,BOX,,NAILS,informational,,false,,,,rule,,,not-a-catalogue-record,Informational or confirmation-only row.
quote-781,781,stage:unassigned,category:nails,subcategory:coil-nails,COIL NAILS,ROLL,,NAILS,informational,,false,,,,rule,,,not-a-catalogue-record,Informational or confirmation-only row.
quote-782,782,stage:fix-out,category:flooring-tiling,subcategory:50mm-gun-nails-flooring,50mm GUN NAILS (FLOORING),BOX,,NAILS,informational,,false,,,,rule,,,not-a-catalogue-record,Informational or confirmation-only row.
quote-783,783,stage:unassigned,category:nails,subcategory:32mm-fixing-nails,32mm FIXING NAILS,BOX,,NAILS,informational,,false,,,,rule,,,not-a-catalogue-record,Informational or confirmation-only row.
quote-784,784,stage:unassigned,category:nails,subcategory:50mm-fixing-nails,50mm FIXING NAILS,BOX,,NAILS,informational,,false,,,,rule,,,not-a-catalogue-record,Informational or confirmation-only row.
quote-785,785,stage:unassigned,category:nails,subcategory:65mm-fixing-nails,65mm FIXING NAILS,BOX,,NAILS,informational,,false,,,,rule,,,not-a-catalogue-record,Informational or confirmation-only row.
quote-786,786,stage:unassigned,category:nails,subcategory:30mm-clouts,30mm CLOUTS,KG,,NAILS,informational,,false,,,,rule,,,not-a-catalogue-record,Informational or confirmation-only row.
quote-789,789,stage:unassigned,category:adhesives,subcategory:fast-grip-max-bond-tube,FAST GRIP MAX BOND TUBE,TUBE,,ADHESIVES,estimating-item,estimating:adhesives:fast-grip-max-bond-tube:fast-grip-max-bond-tube,false,,quote-789,,derived-runtime,estimating:adhesives:fast-grip-max-bond-tube:fast-grip-max-bond-tube,,existing-derived-estimating-row,"Labour, plant, service, fee, or construction resource candidate."
quote-790,790,stage:unassigned,category:adhesives,subcategory:gap-filler,GAP FILLER,TUBE,,ADHESIVES,estimating-item,estimating:adhesives:gap-filler:gap-filler,false,,quote-790,,derived-runtime,estimating:adhesives:gap-filler:gap-filler,,existing-derived-estimating-row,"Labour, plant, service, fee, or construction resource candidate."
quote-793,793,stage:unassigned,category:misc,subcategory:misc-hardware,MISC HARDWARE,,,MISC,heading,,false,,,,rule,,,not-a-catalogue-record,Section-like row with no useful pricing unit or quantity.
quote-794,794,stage:unassigned,category:misc,subcategory:230mm-x-30m-dpc,230mm X 30m DPC,ROLL,,MISC,estimating-item,estimating:misc:230mm-x-30m-dpc:230mm-x-30m-dpc,false,,quote-794,,derived-runtime,estimating:misc:230mm-x-30m-dpc:230mm-x-30m-dpc,,existing-derived-estimating-row,"Labour, plant, service, fee, or construction resource candidate."
quote-837,837,stage:unassigned,category:roofing,subcategory:box-guttering,BOX GUTTERING,LM,,MISC,product,product:roofing:box-guttering:box-guttering,true,,,,rule,product:roofing:box-guttering:box-guttering,,missing-product-library-candidate,Physical product/material candidate.
quote-838,838,stage:unassigned,category:misc,subcategory:barges,BARGES,LM,,MISC,unresolved,,false,,,,unresolved,,legacy row,requires-review,"No reliable product, trade, category, or formula signal."
quote-839,839,stage:unassigned,category:misc,subcategory:apron-flashing,APRON FLASHING,LM,,MISC,estimating-item,estimating:misc:apron-flashing:apron-flashing,false,,quote-839,,derived-runtime,estimating:misc:apron-flashing:apron-flashing,,existing-derived-estimating-row,"Labour, plant, service, fee, or construction resource candidate."
quote-840,840,stage:lock-up,category:roofing,subcategory:roofing-iron-supply-and-fix-gable-ended,ROOFING IRON SUPPLY & FIX - GABLE ENDED,M2,,MISC,assembly,assembly:roofing:roofing-iron-supply-and-fix-gable-ended:roofing-iron-supply-and-fix-gable-ended,false,,quote-840,,derived-runtime,assembly:roofing:roofing-iron-supply-and-fix-gable-ended:roofing-iron-supply-and-fix-gable-ended,,requires-assembly-model,Product/resource bundle; needs assembly template rather than single catalogue row.
quote-841,841,stage:lock-up,category:roofing,subcategory:roofing-iron-supply-and-fix-hip-valley,ROOFING IRON SUPPLY & FIX - HIP/VALLEY,M2,,MISC,assembly,assembly:roofing:roofing-iron-supply-and-fix-hip-valley:roofing-iron-supply-and-fix-hip-valley,false,,quote-841,,derived-runtime,assembly:roofing:roofing-iron-supply-and-fix-hip-valley:roofing-iron-supply-and-fix-hip-valley,,requires-assembly-model,Product/resource bundle; needs assembly template rather than single catalogue row.
quote-842,842,stage:unassigned,category:misc,subcategory:valley-iron,VALLEY IRON,LM,,MISC,unresolved,,false,,,,unresolved,,legacy row,requires-review,"No reliable product, trade, category, or formula signal."
quote-843,843,stage:unassigned,category:misc,subcategory:ridge-capping,RIDGE CAPPING,LM,,MISC,estimating-item,estimating:misc:ridge-capping:ridge-capping,false,,quote-843,,derived-runtime,estimating:misc:ridge-capping:ridge-capping,,existing-derived-estimating-row,"Labour, plant, service, fee, or construction resource candidate."
quote-844,844,stage:unassigned,category:misc,subcategory:barge-capping-barge-roll,BARGE CAPPING (BARGE ROLL),LM,,MISC,estimating-item,estimating:misc:barge-capping-barge-roll:barge-capping-barge-roll,false,,quote-844,,derived-runtime,estimating:misc:barge-capping-barge-roll:barge-capping-barge-roll,,existing-derived-estimating-row,"Labour, plant, service, fee, or construction resource candidate."
quote-845,845,stage:lock-up,category:roofing,subcategory:sarking-to-roof-area,SARKING TO ROOF AREA,M2,,MISC,estimating-item,estimating:roofing:sarking-to-roof-area:sarking-to-roof-area,false,,quote-845,,derived-runtime,estimating:roofing:sarking-to-roof-area:sarking-to-roof-area,,existing-derived-estimating-row,"Labour, plant, service, fee, or construction resource candidate."
quote-846,846,stage:unassigned,category:misc,subcategory:blanket-insulation,BLANKET INSULATION,M2,,MISC,estimating-item,estimating:misc:blanket-insulation:blanket-insulation,false,,quote-846,,derived-runtime,estimating:misc:blanket-insulation:blanket-insulation,,existing-derived-estimating-row,"Labour, plant, service, fee, or construction resource candidate."
quote-847,847,stage:lock-up,category:plumbing-fixtures,subcategory:labour,ROOFING PLUMBER,HR,,MISC,product,product:plumbing-fixtures:labour:roofing-plumber,true,,,,rule,product:plumbing-fixtures:labour:roofing-plumber,,missing-product-library-candidate,Physical product/material candidate.
quote-848,848,stage:unassigned,category:roofing,subcategory:concealed-guttering,CONCEALED GUTTERING,QUOTE,,MISC,product,product:roofing:concealed-guttering:concealed-guttering,true,,,,rule,product:roofing:concealed-guttering:concealed-guttering,,missing-product-library-candidate,Physical product/material candidate.
quote-849,849,stage:unassigned,category:misc,subcategory:access-guard-edge-protection-10lm-min,ACCESS GUARD/EDGE PROTECTION 10LM MIN,ITEM,,MISC,estimating-item,estimating:misc:access-guard-edge-protection-10lm-min:access-guard-edge-protection-10lm-min,false,,quote-849,,derived-runtime,estimating:misc:access-guard-edge-protection-10lm-min:access-guard-edge-protection-10lm-min,,existing-derived-estimating-row,"Labour, plant, service, fee, or construction resource candidate."
quote-850,850,stage:unassigned,category:misc,subcategory:edge-protection,EDGE PROTECTION,ITEM,,MISC,estimating-item,estimating:misc:edge-protection:edge-protection,false,,quote-850,,derived-runtime,estimating:misc:edge-protection:edge-protection,,existing-derived-estimating-row,"Labour, plant, service, fee, or construction resource candidate."
quote-802,802,stage:lock-up,category:roofing,subcategory:roofing-iron,ROOFING IRON,QUOTE,,ROOFING MATERIALS,formula,,false,,,,rule,,,not-a-catalogue-record,Formula-driven row; keep out of master catalogues.
quote-803,803,stage:lock-up,category:roofing,subcategory:m2-rate-battens-fascia-gutter-roof-and-ins,"M2 RATE (BATTENS, FASCIA, GUTTER, ROOF & INS)",M2,,ROOFING MATERIALS,product,product:roofing:m2-rate-battens-fascia-gutter-roof-and-ins:m2-rate-battens-fascia-gutter-roof-and-ins,true,,,,rule,product:roofing:m2-rate-battens-fascia-gutter-roof-and-ins:m2-rate-battens-fascia-gutter-roof-and-ins,,missing-product-library-candidate,Physical product/material candidate.
quote-804,804,stage:lock-up,category:roofing,subcategory:fascias,FASCIAS,LM,,ROOFING MATERIALS,product,product:roofing:fascias:fascias,true,,,,rule,product:roofing:fascias:fascias,,missing-product-library-candidate,Physical product/material candidate.
quote-805,805,stage:lock-up,category:roofing,subcategory:guttering,GUTTERING,LM,,ROOFING MATERIALS,product,product:roofing:guttering:guttering,true,,,,rule,product:roofing:guttering:guttering,,missing-product-library-candidate,Physical product/material candidate.
quote-806,806,stage:lock-up,category:roofing,subcategory:barge-capping,BARGE CAPPING,LM,,ROOFING MATERIALS,assembly,assembly:roofing:barge-capping:barge-capping,false,,quote-806,,derived-runtime,assembly:roofing:barge-capping:barge-capping,,requires-assembly-model,Product/resource bundle; needs assembly template rather than single catalogue row.
quote-807,807,stage:lock-up,category:roofing,subcategory:roof-battens,ROOF BATTENS,LM,,ROOFING MATERIALS,product,product:roofing:roof-battens:roof-battens,true,,,,rule,product:roofing:roof-battens:roof-battens,,missing-product-library-candidate,Physical product/material candidate.
quote-808,808,stage:lock-up,category:roofing,subcategory:safety-battens,SAFETY BATTENS,LM,,ROOFING MATERIALS,product,product:roofing:safety-battens:safety-battens,true,,,,rule,product:roofing:safety-battens:safety-battens,,missing-product-library-candidate,Physical product/material candidate.
quote-809,809,stage:lock-up,category:roofing,subcategory:ridge-capping,RIDGE CAPPING,LM,,ROOFING MATERIALS,assembly,assembly:roofing:ridge-capping:ridge-capping,false,,quote-809,,derived-runtime,assembly:roofing:ridge-capping:ridge-capping,,requires-assembly-model,Product/resource bundle; needs assembly template rather than single catalogue row.
quote-810,810,stage:lock-up,category:roofing,subcategory:apron-flashing,APRON FLASHING,LM,,ROOFING MATERIALS,assembly,assembly:roofing:apron-flashing:apron-flashing,false,,quote-810,,derived-runtime,assembly:roofing:apron-flashing:apron-flashing,,requires-assembly-model,Product/resource bundle; needs assembly template rather than single catalogue row.
quote-811,811,stage:lock-up,category:roofing,subcategory:step-flashing,STEP FLASHING,LM,,ROOFING MATERIALS,assembly,assembly:roofing:step-flashing:step-flashing,false,,quote-811,,derived-runtime,assembly:roofing:step-flashing:step-flashing,,requires-assembly-model,Product/resource bundle; needs assembly template rather than single catalogue row.
quote-812,812,stage:lock-up,category:roofing,subcategory:wall-cladding,WALL CLADDING,LM,,ROOFING MATERIALS,product,product:roofing:wall-cladding:wall-cladding,true,,,,rule,product:roofing:wall-cladding:wall-cladding,,missing-product-library-candidate,Physical product/material candidate.
quote-813,813,stage:lock-up,category:roofing,subcategory:general-flashings,GENERAL FLASHINGS,LM,,ROOFING MATERIALS,assembly,assembly:roofing:general-flashings:general-flashings,false,,quote-813,,derived-runtime,assembly:roofing:general-flashings:general-flashings,,requires-assembly-model,Product/resource bundle; needs assembly template rather than single catalogue row.
quote-814,814,stage:lock-up,category:roofing,subcategory:valley-iron,VALLEY IRON,LM,,ROOFING MATERIALS,product,product:roofing:valley-iron:valley-iron,true,,,,rule,product:roofing:valley-iron:valley-iron,,missing-product-library-candidate,Physical product/material candidate.
quote-815,815,stage:lock-up,category:roofing,subcategory:screws,SCREWS,1000,,ROOFING MATERIALS,assembly,assembly:roofing:screws:screws,false,,quote-815,,derived-runtime,assembly:roofing:screws:screws,,requires-assembly-model,Product/resource bundle; needs assembly template rather than single catalogue row.
quote-816,816,stage:lock-up,category:roofing,subcategory:down-pipe-pops,DOWN PIPE POPS,EACH,,ROOFING MATERIALS,product,product:roofing:down-pipe-pops:down-pipe-pops,true,,,,rule,product:roofing:down-pipe-pops:down-pipe-pops,,missing-product-library-candidate,Physical product/material candidate.
quote-817,817,stage:lock-up,category:roofing,subcategory:accessories,ACCESSORIES,EACH,,ROOFING MATERIALS,product,product:roofing:accessories:accessories,true,,,,rule,product:roofing:accessories:accessories,,missing-product-library-candidate,Physical product/material candidate.
quote-818,818,stage:lock-up,category:roofing,subcategory:gutter-and-fascia-brackets,GUTTER & FASCIA BRACKETS,EACH,,ROOFING MATERIALS,product,product:roofing:gutter-and-fascia-brackets:gutter-and-fascia-brackets,true,,,,rule,product:roofing:gutter-and-fascia-brackets:gutter-and-fascia-brackets,,missing-product-library-candidate,Physical product/material candidate.
quote-819,819,stage:lock-up,category:roofing,subcategory:anticon,ANTICON,ROLL,,ROOFING MATERIALS,product,product:roofing:anticon:anticon,true,,,,rule,product:roofing:anticon:anticon,,missing-product-library-candidate,Physical product/material candidate.
quote-1130,1130,stage:lock-up,category:roofing,subcategory:quick-render-brickwork,QUICK RENDER (BRICKWORK),M2,,ROOFING MATERIALS,formula,,false,,,,rule,,,not-a-catalogue-record,Formula-driven row; keep out of master catalogues.
quote-1131,1131,stage:lock-up,category:roofing,subcategory:pm-100-render-polystyrene,PM 100 RENDER (POLYSTYRENE),M2,,ROOFING MATERIALS,product,product:roofing:pm-100-render-polystyrene:pm-100-render-polystyrene,true,,,,rule,product:roofing:pm-100-render-polystyrene:pm-100-render-polystyrene,,missing-product-library-candidate,Physical product/material candidate.
quote-1132,1132,stage:lock-up,category:roofing,subcategory:sandcoat-primer,SANDCOAT PRIMER,M2,,ROOFING MATERIALS,product,product:roofing:sandcoat-primer:sandcoat-primer,true,,,,rule,product:roofing:sandcoat-primer:sandcoat-primer,,missing-product-library-candidate,Physical product/material candidate.
quote-1133,1133,stage:lock-up,category:roofing,subcategory:sandcoat,SANDCOAT,M2,,ROOFING MATERIALS,formula,,false,,,,rule,,,not-a-catalogue-record,Formula-driven row; keep out of master catalogues.
quote-1134,1134,stage:lock-up,category:roofing,subcategory:mesh,MESH,M2,,ROOFING MATERIALS,product,product:roofing:mesh:mesh,true,,,,rule,product:roofing:mesh:mesh,,missing-product-library-candidate,Physical product/material candidate.
quote-1135,1135,stage:lock-up,category:roofing,subcategory:polymer-render-blueboard,POLYMER RENDER (BLUEBOARD),M2,,ROOFING MATERIALS,product,product:roofing:polymer-render-blueboard:polymer-render-blueboard,true,,,,rule,product:roofing:polymer-render-blueboard:polymer-render-blueboard,,missing-product-library-candidate,Physical product/material candidate.
quote-1136,1136,stage:lock-up,category:roofing,subcategory:armour-coat,ARMOUR COAT,M2,,ROOFING MATERIALS,formula,,false,,,,rule,,,not-a-catalogue-record,Formula-driven row; keep out of master catalogues.
quote-1137,1137,stage:lock-up,category:roofing,subcategory:clearcoat,CLEARCOAT,M2,,ROOFING MATERIALS,formula,,false,,,,rule,,,not-a-catalogue-record,Formula-driven row; keep out of master catalogues.
quote-1253,1253,stage:lock-up,category:roofing,subcategory:plastering,PLASTERING,QUOTE,,ROOFING MATERIALS,product,product:roofing:plastering:plastering,true,,,,rule,product:roofing:plastering:plastering,,missing-product-library-candidate,Physical product/material candidate.
quote-1254,1254,stage:lock-up,category:roofing,subcategory:10mm-wr-gyprock,10mm WR GYPROCK,M2,,ROOFING MATERIALS,formula,,false,,,,rule,,,not-a-catalogue-record,Formula-driven row; keep out of master catalogues.
quote-1255,1255,stage:lock-up,category:roofing,subcategory:villa-board,VILLA BOARD,M2,,ROOFING MATERIALS,product,product:roofing:villa-board:villa-board,true,,,,rule,product:roofing:villa-board:villa-board,,missing-product-library-candidate,Physical product/material candidate.
quote-1256,1256,stage:lock-up,category:plumbing-fixtures,subcategory:tapware,JOINT TAPE,ROLL,,ROOFING MATERIALS,formula,,false,,,,rule,,,not-a-catalogue-record,Formula-driven row; keep out of master catalogues.
quote-1257,1257,stage:lock-up,category:plumbing-fixtures,subcategory:tapware,CORNER TAPE,ROLL,,ROOFING MATERIALS,product,product:plumbing-fixtures:tapware:corner-tape,true,,,,rule,product:plumbing-fixtures:tapware:corner-tape,,missing-product-library-candidate,Physical product/material candidate.
quote-1258,1258,stage:lock-up,category:roofing,subcategory:base-coat,BASE COAT,20 KG,,ROOFING MATERIALS,formula,,false,,,,rule,,,not-a-catalogue-record,Formula-driven row; keep out of master catalogues.
quote-1259,1259,stage:lock-up,category:roofing,subcategory:top-coat,TOP COAT,20 KG,,ROOFING MATERIALS,product,product:roofing:top-coat:top-coat,true,,,,rule,product:roofing:top-coat:top-coat,,missing-product-library-candidate,Physical product/material candidate.
quote-1260,1260,stage:lock-up,category:roofing,subcategory:cornice-cement,CORNICE CEMENT,20 KG,,ROOFING MATERIALS,product,product:roofing:cornice-cement:cornice-cement,true,,,,rule,product:roofing:cornice-cement:cornice-cement,,missing-product-library-candidate,Physical product/material candidate.
quote-1261,1261,stage:lock-up,category:roofing,subcategory:stud-adhesive,STUD ADHESIVE,TUB,,ROOFING MATERIALS,assembly,assembly:roofing:stud-adhesive:stud-adhesive,false,,quote-1261,,derived-runtime,assembly:roofing:stud-adhesive:stud-adhesive,,requires-assembly-model,Product/resource bundle; needs assembly template rather than single catalogue row.
quote-1262,1262,stage:lock-up,category:roofing,subcategory:external-engles,EXTERNAL ENGLES,EACH,,ROOFING MATERIALS,informational,,false,,,,rule,,,not-a-catalogue-record,Informational or confirmation-only row.
quote-1264,1264,stage:lock-up,category:roofing,subcategory:cost,COST,,,ROOFING MATERIALS,formula,,false,,,,rule,,,not-a-catalogue-record,Formula-driven row; keep out of master catalogues.
quote-1265,1265,stage:lock-up,category:roofing,subcategory:material-handling-cost,MATERIAL HANDLING COST,,,ROOFING MATERIALS,formula,,false,,,,rule,,,not-a-catalogue-record,Formula-driven row; keep out of master catalogues.
quote-1266,1266,stage:lock-up,category:roofing,subcategory:total-materials-cost,TOTAL MATERIALS COST,,,ROOFING MATERIALS,formula,,false,,,,rule,,,not-a-catalogue-record,Subtotal/total/section row; not a catalogue record.
quote-822,822,stage:lock-up,category:roofing,subcategory:labour,INSTALL FASCIAS,LM,,ROOFING LABOUR,estimating-item,estimating:roofing:labour:install-fascias,false,,quote-822,,derived-runtime,estimating:roofing:labour:install-fascias,,existing-derived-estimating-row,"Labour, plant, service, fee, or construction resource candidate."
quote-823,823,stage:lock-up,category:roofing,subcategory:labour,INSTALL GUTTERING,LM,,ROOFING LABOUR,estimating-item,estimating:roofing:labour:install-guttering,false,,quote-823,,derived-runtime,estimating:roofing:labour:install-guttering,,existing-derived-estimating-row,"Labour, plant, service, fee, or construction resource candidate."
quote-824,824,stage:lock-up,category:roofing,subcategory:labour,INSTALL BARGE CAPPING,LM,,ROOFING LABOUR,estimating-item,estimating:roofing:labour:install-barge-capping,false,,quote-824,,derived-runtime,estimating:roofing:labour:install-barge-capping,,existing-derived-estimating-row,"Labour, plant, service, fee, or construction resource candidate."
quote-825,825,stage:lock-up,category:roofing,subcategory:labour,INSTALL ROOFING,M2,,ROOFING LABOUR,estimating-item,estimating:roofing:labour:install-roofing,false,,quote-825,,derived-runtime,estimating:roofing:labour:install-roofing,,existing-derived-estimating-row,"Labour, plant, service, fee, or construction resource candidate."
quote-826,826,stage:lock-up,category:roofing,subcategory:labour,INSTALL BATTENS,LM,,ROOFING LABOUR,estimating-item,estimating:roofing:labour:install-battens,false,,quote-826,,derived-runtime,estimating:roofing:labour:install-battens,,existing-derived-estimating-row,"Labour, plant, service, fee, or construction resource candidate."
quote-827,827,stage:lock-up,category:roofing,subcategory:labour,INSTALL VALLEYS,LM,,ROOFING LABOUR,estimating-item,estimating:roofing:labour:install-valleys,false,,quote-827,,derived-runtime,estimating:roofing:labour:install-valleys,,existing-derived-estimating-row,"Labour, plant, service, fee, or construction resource candidate."
quote-828,828,stage:lock-up,category:roofing,subcategory:labour,INSTALL RIDGE CAPPING,LM,,ROOFING LABOUR,estimating-item,estimating:roofing:labour:install-ridge-capping,false,,quote-828,,derived-runtime,estimating:roofing:labour:install-ridge-capping,,existing-derived-estimating-row,"Labour, plant, service, fee, or construction resource candidate."
quote-829,829,stage:lock-up,category:roofing,subcategory:labour,APRON FLASHING,LM,,ROOFING LABOUR,assembly,assembly:roofing:labour:apron-flashing,false,,quote-829,,derived-runtime,assembly:roofing:labour:apron-flashing,,requires-assembly-model,Product/resource bundle; needs assembly template rather than single catalogue row.
quote-830,830,stage:lock-up,category:roofing,subcategory:labour,STEP FLASHING,LM,,ROOFING LABOUR,assembly,assembly:roofing:labour:step-flashing,false,,quote-830,,derived-runtime,assembly:roofing:labour:step-flashing,,requires-assembly-model,Product/resource bundle; needs assembly template rather than single catalogue row.
quote-831,831,stage:lock-up,category:roofing,subcategory:labour,WALL CLADDING,LM,,ROOFING LABOUR,assembly,assembly:roofing:labour:wall-cladding,false,,quote-831,,derived-runtime,assembly:roofing:labour:wall-cladding,,requires-assembly-model,Product/resource bundle; needs assembly template rather than single catalogue row.
quote-832,832,stage:lock-up,category:roofing,subcategory:labour,GENERAL FLASHINGS,LM,,ROOFING LABOUR,assembly,assembly:roofing:labour:general-flashings,false,,quote-832,,derived-runtime,assembly:roofing:labour:general-flashings,,requires-assembly-model,Product/resource bundle; needs assembly template rather than single catalogue row.
quote-833,833,stage:lock-up,category:roofing,subcategory:labour,INSTALL ANTICON,M2,,ROOFING LABOUR,estimating-item,estimating:roofing:labour:install-anticon,false,,quote-833,,derived-runtime,estimating:roofing:labour:install-anticon,,existing-derived-estimating-row,"Labour, plant, service, fee, or construction resource candidate."
quote-834,834,stage:lock-up,category:roofing,subcategory:labour,ADD FOR SECOND STOREY,ITEM,,ROOFING LABOUR,assembly,assembly:roofing:labour:add-for-second-storey,false,,quote-834,,derived-runtime,assembly:roofing:labour:add-for-second-storey,,requires-assembly-model,Product/resource bundle; needs assembly template rather than single catalogue row.
quote-854,854,stage:lock-up,category:lock-up-materials,subcategory:item,ITEM,UNIT,QTY,LOCK UP MATERIALS,informational,,false,,,,rule,,,not-a-catalogue-record,Repeated imported column header row; not a catalogue record.
quote-1026,1026,stage:lock-up,category:external-cladding,subcategory:150mm-linea-board,150mm LINEA BOARD,M2,,EXTERNAL CLADDING,informational,,false,,,,rule,,,not-a-catalogue-record,Informational or confirmation-only row.
quote-1027,1027,stage:lock-up,category:external-cladding,subcategory:180mm-linea-board,180mm LINEA BOARD,M2,,EXTERNAL CLADDING,informational,,false,,,,rule,,,not-a-catalogue-record,Informational or confirmation-only row.
quote-1028,1028,stage:lock-up,category:external-cladding,subcategory:matrix,MATRIX,M2,,EXTERNAL CLADDING,informational,,false,,,,rule,,,not-a-catalogue-record,Informational or confirmation-only row.
quote-1029,1029,stage:lock-up,category:external-cladding,subcategory:stria,STRIA,M2,,EXTERNAL CLADDING,informational,,false,,,,rule,,,not-a-catalogue-record,Informational or confirmation-only row.
quote-1030,1030,stage:lock-up,category:external-cladding,subcategory:weathertex,WEATHERTEX,M2,,EXTERNAL CLADDING,formula,,false,,,,rule,,,not-a-catalogue-record,Formula-driven row; keep out of master catalogues.
quote-1031,1031,stage:lock-up,category:external-cladding,subcategory:shadow-clad,SHADOW CLAD,LM,,EXTERNAL CLADDING,formula,,false,,,,rule,,,not-a-catalogue-record,Formula-driven row; keep out of master catalogues.
quote-1032,1032,stage:lock-up,category:external-cladding,subcategory:step-flashing,STEP FLASHING,LM,,EXTERNAL CLADDING,informational,,false,,,,rule,,,not-a-catalogue-record,Informational or confirmation-only row.
quote-1033,1033,stage:lock-up,category:external-cladding,subcategory:zincalume-custom-orb-sheeting,ZINCALUME CUSTOM ORB SHEETING,M2,,EXTERNAL CLADDING,formula,,false,,,,rule,,,not-a-catalogue-record,Formula-driven row; keep out of master catalogues.
quote-1034,1034,stage:lock-up,category:external-cladding,subcategory:feature-timber-screen,FEATURE TIMBER SCREEN,M2,,EXTERNAL CLADDING,informational,,false,,,,rule,,,not-a-catalogue-record,Informational or confirmation-only row.
quote-992,992,stage:lock-up,category:external-cladding,subcategory:item,ITEM,UNIT,QTY,EXTERIOR CLADDING,informational,,false,,,,rule,,,not-a-catalogue-record,Repeated imported column header row; not a catalogue record.
quote-995,995,stage:unassigned,category:blue-board,subcategory:2700-x-1200,2700 X 1200,M2,,BLUE BOARD,formula,,false,,,,rule,,,not-a-catalogue-record,Formula-driven row; keep out of master catalogues.
quote-996,996,stage:unassigned,category:blue-board,subcategory:2400-x-1200,2400 X 1200,M2,,BLUE BOARD,formula,,false,,,,rule,,,not-a-catalogue-record,Formula-driven row; keep out of master catalogues.
quote-999,999,stage:unassigned,category:hardiflex,subcategory:900-x-1800-x-4-5,900 x 1800 x 4.5,M2,,HARDIFLEX,formula,,false,,,,rule,,,not-a-catalogue-record,Formula-driven row; keep out of master catalogues.
quote-1000,1000,stage:unassigned,category:hardiflex,subcategory:900-x-2400-x-4-5,900 x 2400 x 4.5,M2,,HARDIFLEX,formula,,false,,,,rule,,,not-a-catalogue-record,Formula-driven row; keep out of master catalogues.
quote-1001,1001,stage:unassigned,category:hardiflex,subcategory:1200-x-1800-x-4-5,1200 x 1800 x 4.5,M2,,HARDIFLEX,formula,,false,,,,rule,,,not-a-catalogue-record,Formula-driven row; keep out of master catalogues.
quote-1002,1002,stage:unassigned,category:hardiflex,subcategory:1200-x-2400-x-4-5,1200 x 2400 x 4.5,M2,,HARDIFLEX,formula,,false,,,,rule,,,not-a-catalogue-record,Formula-driven row; keep out of master catalogues.
quote-1003,1003,stage:unassigned,category:hardiflex,subcategory:1200-x-2700-x-6-0,1200 x 2700 x 6.0,M2,,HARDIFLEX,formula,,false,,,,rule,,,not-a-catalogue-record,Formula-driven row; keep out of master catalogues.
quote-1004,1004,stage:unassigned,category:hardiflex,subcategory:timber-cover-straps,TIMBER COVER STRAPS,ITEM,,HARDIFLEX,estimating-item,estimating:hardiflex:timber-cover-straps:timber-cover-straps,false,,quote-1004,,derived-runtime,estimating:hardiflex:timber-cover-straps:timber-cover-straps,,existing-derived-estimating-row,"Labour, plant, service, fee, or construction resource candidate."
quote-1007,1007,stage:lock-up,category:external-cladding,subcategory:quote,QUOTE,QUOTE,,STYROFOAM EXTERIOR CLADDING,formula,,false,,,,rule,,,not-a-catalogue-record,Formula-driven row; keep out of master catalogues.
quote-1008,1008,stage:lock-up,category:external-cladding,subcategory:40mm-wall-cladding-2400-x-1200,40MM WALL CLADDING -2400 X 1200,SHEET,,STYROFOAM EXTERIOR CLADDING,product,product:external-cladding:40mm-wall-cladding-2400-x-1200:40mm-wall-cladding-2400-x-1200,true,,,,rule,product:external-cladding:40mm-wall-cladding-2400-x-1200:40mm-wall-cladding-2400-x-1200,,missing-product-library-candidate,Physical product/material candidate.
quote-1009,1009,stage:lock-up,category:external-cladding,subcategory:wall-screws,WALL SCREWS,,,STYROFOAM EXTERIOR CLADDING,heading,,false,,,,rule,,,not-a-catalogue-record,Section-like row with no useful pricing unit or quantity.
quote-1010,1010,stage:lock-up,category:external-cladding,subcategory:washers,WASHERS,,,STYROFOAM EXTERIOR CLADDING,heading,,false,,,,rule,,,not-a-catalogue-record,Section-like row with no useful pricing unit or quantity.
quote-1011,1011,stage:lock-up,category:external-cladding,subcategory:starter-strip,STARTER STRIP,,,STYROFOAM EXTERIOR CLADDING,heading,,false,,,,rule,,,not-a-catalogue-record,Section-like row with no useful pricing unit or quantity.
quote-1013,1013,stage:unassigned,category:j-beads,subcategory:sunhoods,SUNHOODS,QUOTE,,J BEADS,formula,,false,,,,rule,,,not-a-catalogue-record,Formula-driven row; keep out of master catalogues.
quote-1016,1016,stage:unassigned,category:weather-boards,subcategory:newport,NEWPORT,LM,,WEATHER BOARDS,unresolved,,false,,,,unresolved,,ambiguous labour/material item,requires-review,"No reliable product, trade, category, or formula signal."
quote-1017,1017,stage:unassigned,category:weather-boards,subcategory:linea-board,linea board,m2,,WEATHER BOARDS,unresolved,,false,,,,unresolved,,ambiguous labour/material item,requires-review,"No reliable product, trade, category, or formula signal."
quote-1018,1018,stage:unassigned,category:weather-boards,subcategory:fibro-sheeting-with-timber-straps,FIBRO SHEETING WITH TIMBER STRAPS,M2,,WEATHER BOARDS,estimating-item,estimating:weather-boards:fibro-sheeting-with-timber-straps:fibro-sheeting-with-timber-straps,false,,quote-1018,,derived-runtime,estimating:weather-boards:fibro-sheeting-with-timber-straps:fibro-sheeting-with-timber-straps,,existing-derived-estimating-row,"Labour, plant, service, fee, or construction resource candidate."
quote-1019,1019,stage:unassigned,category:weather-boards,subcategory:internal-stops,INTERNAL STOPS,EACH,,WEATHER BOARDS,informational,,false,,,,rule,,,not-a-catalogue-record,Informational or confirmation-only row.
quote-1020,1020,stage:external,category:weather-boards,subcategory:external-stops,EXTERNAL STOPS,EACH,,WEATHER BOARDS,informational,,false,,,,rule,,,not-a-catalogue-record,Informational or confirmation-only row.
quote-1021,1021,stage:unassigned,category:weather-boards,subcategory:weatherboard-stops,WEATHERBOARD STOPS,EACH,,WEATHER BOARDS,unresolved,,false,,,,unresolved,,ambiguous labour/material item,requires-review,"No reliable product, trade, category, or formula signal."
quote-1022,1022,stage:unassigned,category:weather-boards,subcategory:230mm-hardiplank-weatherboards,230mm HARDIPLANK WEATHERBOARDS,EACH,,WEATHER BOARDS,unresolved,,false,,,,unresolved,,ambiguous labour/material item,requires-review,"No reliable product, trade, category, or formula signal."
quote-1023,1023,stage:unassigned,category:weather-boards,subcategory:flashing,FLASHING,LM,,WEATHER BOARDS,estimating-item,estimating:weather-boards:flashing:flashing,false,,quote-1023,,derived-runtime,estimating:weather-boards:flashing:flashing,,existing-derived-estimating-row,"Labour, plant, service, fee, or construction resource candidate."
quote-1024,1024,stage:unassigned,category:weather-boards,subcategory:300mm-hardiplank-weatherboards,300mm HARDIPLANK WEATHERBOARDS,EACH,,WEATHER BOARDS,unresolved,,false,,,,unresolved,,ambiguous labour/material item,requires-review,"No reliable product, trade, category, or formula signal."
quote-1025,1025,stage:unassigned,category:weather-boards,subcategory:hardiplank-off-stud-joiners,HARDIPLANK OFF-STUD JOINERS,EACH,,WEATHER BOARDS,unresolved,,false,,,,unresolved,,ambiguous labour/material item,requires-review,"No reliable product, trade, category, or formula signal."
quote-1038,1038,stage:external,category:external-works,subcategory:item,ITEM,UNIT,QTY,TIMBER DECKS,informational,,false,,,,rule,,,not-a-catalogue-record,Repeated imported column header row; not a catalogue record.
quote-1040,1040,stage:external,category:external-works,subcategory:85mm-grooved-timber-decking,85mm GROOVED TIMBER DECKING,LM,,TIMBER DECKS,formula,,false,,,,rule,,,not-a-catalogue-record,Formula-driven row; keep out of master catalogues.
quote-1041,1041,stage:external,category:external-works,subcategory:15mm-compressed-sheet,15mm COMPRESSED SHEET,M2,,TIMBER DECKS,formula,,false,,,,rule,,,not-a-catalogue-record,Formula-driven row; keep out of master catalogues.
quote-1042,1042,stage:base,category:external-works,subcategory:metal-stumps-in-concrete,METAL STUMPS IN CONCRETE,EACH,,TIMBER DECKS,estimating-item,estimating:external-works:metal-stumps-in-concrete:metal-stumps-in-concrete,false,,quote-1042,,derived-runtime,estimating:external-works:metal-stumps-in-concrete:metal-stumps-in-concrete,,existing-derived-estimating-row,"Labour, plant, service, fee, or construction resource candidate."
quote-1043,1043,stage:external,category:external-works,subcategory:ant-caps,ANT CAPS,EACH,,TIMBER DECKS,estimating-item,estimating:external-works:ant-caps:ant-caps,false,,quote-1043,,derived-runtime,estimating:external-works:ant-caps:ant-caps,,existing-derived-estimating-row,"Labour, plant, service, fee, or construction resource candidate."
quote-1044,1044,stage:external,category:external-works,subcategory:bearer-tie-down-bolts,BEARER TIE DOWN BOLTS,EACH,,TIMBER DECKS,estimating-item,estimating:external-works:bearer-tie-down-bolts:bearer-tie-down-bolts,false,,quote-1044,,derived-runtime,estimating:external-works:bearer-tie-down-bolts:bearer-tie-down-bolts,,existing-derived-estimating-row,"Labour, plant, service, fee, or construction resource candidate."
quote-1045,1045,stage:frame,category:external-works,subcategory:hj240-deck-joists,HJ240 DECK JOISTS,LM,,TIMBER DECKS,formula,,false,,,,rule,,,not-a-catalogue-record,Formula-driven row; keep out of master catalogues.
quote-1046,1046,stage:external,category:external-works,subcategory:jhj300-deck-bearers,JHJ300 DECK BEARERS,LM,,TIMBER DECKS,formula,,false,,,,rule,,,not-a-catalogue-record,Formula-driven row; keep out of master catalogues.
quote-1047,1047,stage:frame,category:external-works,subcategory:joists-125-x-38-f14,JOISTS 125 X 38 F14,LM,,TIMBER DECKS,formula,,false,,,,rule,,,not-a-catalogue-record,Formula-driven row; keep out of master catalogues.
quote-1048,1048,stage:external,category:external-works,subcategory:150-x-50-cca-pine,150 X 50 CCA PINE,LM,,TIMBER DECKS,formula,,false,,,,rule,,,not-a-catalogue-record,Formula-driven row; keep out of master catalogues.
quote-1049,1049,stage:external,category:external-works,subcategory:150-x-50-cca-pine,150 X 50 CCA PINE,LM,,TIMBER DECKS,formula,,false,,,,rule,,,not-a-catalogue-record,Formula-driven row; keep out of master catalogues.
quote-1050,1050,stage:external,category:external-works,subcategory:150-x-50-cca-pine,150 X 50 CCA PINE,LM,,TIMBER DECKS,formula,,false,,,,rule,,,not-a-catalogue-record,Formula-driven row; keep out of master catalogues.
quote-1051,1051,stage:external,category:external-works,subcategory:150-x-50-cca-pine,150 X 50 CCA PINE,LM,,TIMBER DECKS,formula,,false,,,,rule,,,not-a-catalogue-record,Formula-driven row; keep out of master catalogues.
quote-1052,1052,stage:external,category:external-works,subcategory:150-x-50-cca-pine,150 X 50 CCA PINE,LM,,TIMBER DECKS,formula,,false,,,,rule,,,not-a-catalogue-record,Formula-driven row; keep out of master catalogues.
quote-1053,1053,stage:external,category:external-works,subcategory:240-x-45-f17,240 X 45 F17,LM,,TIMBER DECKS,formula,,false,,,,rule,,,not-a-catalogue-record,Formula-driven row; keep out of master catalogues.
quote-1054,1054,stage:external,category:external-works,subcategory:metal-wall-bracket,METAL WALL BRACKET,EACH,,TIMBER DECKS,formula,,false,,,,rule,,,not-a-catalogue-record,Formula-driven row; keep out of master catalogues.
quote-1055,1055,stage:external,category:external-works,subcategory:100-x-100-cca-pine,100 X 100 CCA PINE,LM,,TIMBER DECKS,formula,,false,,,,rule,,,not-a-catalogue-record,Formula-driven row; keep out of master catalogues.
quote-1056,1056,stage:external,category:external-works,subcategory:100-x-100-cca-pine,100 X 100 CCA PINE,LM,,TIMBER DECKS,formula,,false,,,,rule,,,not-a-catalogue-record,Formula-driven row; keep out of master catalogues.
quote-1057,1057,stage:external,category:external-works,subcategory:stirrups,STIRRUPS,EACH,,TIMBER DECKS,formula,,false,,,,rule,,,not-a-catalogue-record,Formula-driven row; keep out of master catalogues.
quote-1058,1058,stage:external,category:external-works,subcategory:aluminium-handrail,ALUMINIUM HANDRAIL,LM,,TIMBER DECKS,unresolved,,false,,,,unresolved,,ambiguous labour/material item,requires-review,"No reliable product, trade, category, or formula signal."
quote-1059,1059,stage:external,category:external-works,subcategory:5-m-cable-balustrade,5 M CABLE BALUSTRADE,LM,,TIMBER DECKS,unresolved,,false,,,,unresolved,,ambiguous labour/material item,requires-review,"No reliable product, trade, category, or formula signal."
quote-1060,1060,stage:external,category:external-works,subcategory:glass-balustrade,GLASS BALUSTRADE,LM,,TIMBER DECKS,unresolved,,false,,,,unresolved,,ambiguous labour/material item,requires-review,"No reliable product, trade, category, or formula signal."
quote-1061,1061,stage:external,category:external-works,subcategory:metal-stringers,METAL STRINGERS,ITEM,,TIMBER DECKS,unresolved,,false,,,,unresolved,,genuinely unresolved,requires-review,"No reliable product, trade, category, or formula signal."
quote-1062,1062,stage:external,category:external-works,subcategory:stair-landing,STAIR LANDING,ITEM,,TIMBER DECKS,unresolved,,false,,,,unresolved,,genuinely unresolved,requires-review,"No reliable product, trade, category, or formula signal."
quote-1063,1063,stage:external,category:external-works,subcategory:250-x-50-cca-treated-treds,250 X 50 CCA TREATED TREDS,EACH,,TIMBER DECKS,unresolved,,false,,,,unresolved,,ambiguous labour/material item,requires-review,"No reliable product, trade, category, or formula signal."
quote-1064,1064,stage:external,category:external-works,subcategory:stainless-posts,STAINLESS POSTS,EACH,,TIMBER DECKS,unresolved,,false,,,,unresolved,,ambiguous labour/material item,requires-review,"No reliable product, trade, category, or formula signal."
quote-1065,1065,stage:external,category:external-works,subcategory:timber-handrail-and-balustrade,TIMBER HANDRAIL AND BALUSTRADE,LM,,TIMBER DECKS,unresolved,,false,,,,unresolved,,ambiguous labour/material item,requires-review,"No reliable product, trade, category, or formula signal."
quote-863,863,stage:unassigned,category:soffits,subcategory:50-x-38-g-o-s-pine,50 X 38 G.O.S. PINE,LM,,SOFFITS,formula,,false,,,,rule,,,not-a-catalogue-record,Formula-driven row; keep out of master catalogues.
quote-864,864,stage:unassigned,category:soffits,subcategory:2400-x-450-x-4-5-hardiflex,2400 X 450 X 4.5 HARDIFLEX,M2,,SOFFITS,formula,,false,,,,rule,,,not-a-catalogue-record,Formula-driven row; keep out of master catalogues.
quote-865,865,stage:unassigned,category:soffits,subcategory:2400-x-600-x-4-5-hardiflex,2400 X 600 X 4.5 HARDIFLEX,M2,,SOFFITS,formula,,false,,,,rule,,,not-a-catalogue-record,Formula-driven row; keep out of master catalogues.
quote-866,866,stage:unassigned,category:soffits,subcategory:2400-x-750-x-4-5-hardiflex,2400 X 750 X 4.5 HARDIFLEX,M2,,SOFFITS,formula,,false,,,,rule,,,not-a-catalogue-record,Formula-driven row; keep out of master catalogues.
quote-867,867,stage:unassigned,category:soffits,subcategory:2400-x-1200-4-5-hardiflex,2400 X 1200 4.5 HARDIFLEX,M2,,SOFFITS,formula,,false,,,,rule,,,not-a-catalogue-record,Formula-driven row; keep out of master catalogues.
quote-868,868,stage:unassigned,category:soffits,subcategory:2700-x-1200-x-4-5-hardiflex,2700 X 1200 X 4.5 HARDIFLEX,M2,,SOFFITS,formula,,false,,,,rule,,,not-a-catalogue-record,Formula-driven row; keep out of master catalogues.
quote-869,869,stage:unassigned,category:soffits,subcategory:pvc-joint-strip,PVC JOINT STRIP,EACH,,SOFFITS,formula,,false,,,,rule,,,not-a-catalogue-record,Formula-driven row; keep out of master catalogues.
quote-870,870,stage:unassigned,category:soffits,subcategory:eaves-outriggers,EAVES OUTRIGGERS,EACH,,SOFFITS,formula,,false,,,,rule,,,not-a-catalogue-record,Formula-driven row; keep out of master catalogues.
quote-871,871,stage:unassigned,category:soffits,subcategory:19-x-19-quad-bead,19 X 19 QUAD BEAD,LM,,SOFFITS,formula,,false,,,,rule,,,not-a-catalogue-record,Formula-driven row; keep out of master catalogues.
quote-872,872,stage:unassigned,category:cabinetry,subcategory:cabinet-units-components,MATERIALS FOR PATIO BULKHEADS,EACH,,SOFFITS,unresolved,,false,,,,unresolved,,ambiguous labour/material item,requires-review,"No reliable product, trade, category, or formula signal."
quote-875,875,stage:unassigned,category:soffits-lineal,subcategory:soffits-450-wide,SOFFITS - 450 WIDE,LM,,SOFFITS - LINEAL,formula,,false,,,,rule,,,not-a-catalogue-record,Formula-driven row; keep out of master catalogues.
quote-876,876,stage:unassigned,category:soffits-lineal,subcategory:soffits-600-wide,SOFFITS - 600 WIDE,LM,,SOFFITS - LINEAL,formula,,false,,,,rule,,,not-a-catalogue-record,Formula-driven row; keep out of master catalogues.
quote-877,877,stage:unassigned,category:soffits-lineal,subcategory:patio-ceilings,PATIO CEILINGS,LM,,SOFFITS - LINEAL,formula,,false,,,,rule,,,not-a-catalogue-record,Formula-driven row; keep out of master catalogues.
quote-20002,20002,stage:unassigned,category:timber-and-trims,subcategory:66-x-42-treated-pine,66 x 42 Treated Pine,LM,,TIMBER AND TRIMS,estimating-item,estimating:timber-and-trims:66-x-42-treated-pine:66-x-42-treated-pine,false,,quote-20002,,derived-runtime,estimating:timber-and-trims:66-x-42-treated-pine:66-x-42-treated-pine,,existing-derived-estimating-row,"Labour, plant, service, fee, or construction resource candidate."
quote-20003,20003,stage:unassigned,category:timber-and-trims,subcategory:42-x-35-treated-pine,42 x 35 Treated Pine,LM,,TIMBER AND TRIMS,estimating-item,estimating:timber-and-trims:42-x-35-treated-pine:42-x-35-treated-pine,false,,quote-20003,,derived-runtime,estimating:timber-and-trims:42-x-35-treated-pine:42-x-35-treated-pine,,existing-derived-estimating-row,"Labour, plant, service, fee, or construction resource candidate."
quote-20004,20004,stage:unassigned,category:timber-and-trims,subcategory:66-x-42-weatherboard-stops,66 x 42 Weatherboard Stops,EACH,,TIMBER AND TRIMS,unresolved,,false,,,,unresolved,,ambiguous labour/material item,requires-review,"No reliable product, trade, category, or formula signal."
quote-20005,20005,stage:lock-up,category:windows-doors,subcategory:1-8m-rolled-window-flashing,1.8m Rolled Window Flashing,EACH,,TIMBER AND TRIMS,assembly,assembly:windows-doors:1-8m-rolled-window-flashing:1-8m-rolled-window-flashing,false,,quote-20005,,derived-runtime,assembly:windows-doors:1-8m-rolled-window-flashing:1-8m-rolled-window-flashing,,requires-assembly-model,Product/resource bundle; needs assembly template rather than single catalogue row.
quote-880,880,stage:unassigned,category:timber-and-trims,subcategory:timber-scotia,TIMBER SCOTIA,LM,,TIMBER AND TRIMS,formula,,false,,,,rule,,,not-a-catalogue-record,Formula-driven row; keep out of master catalogues.
quote-881,881,stage:unassigned,category:timber-and-trims,subcategory:116-x-19-timber-trim,116 X 19 TIMBER TRIM,LM,,TIMBER AND TRIMS,formula,,false,,,,rule,,,not-a-catalogue-record,Formula-driven row; keep out of master catalogues.
quote-882,882,stage:unassigned,category:timber-and-trims,subcategory:gable-features,GABLE FEATURES,ITEM,,TIMBER AND TRIMS,unresolved,,false,,,,unresolved,,genuinely unresolved,requires-review,"No reliable product, trade, category, or formula signal."
quote-883,883,stage:unassigned,category:timber-and-trims,subcategory:fixings-and-hardware,FIXINGS & HARDWARE,ITEM,,TIMBER AND TRIMS,formula,,false,,,,rule,,,not-a-catalogue-record,Formula-driven row; keep out of master catalogues.
quote-887,887,stage:lock-up,category:windows-doors,subcategory:item,ITEM,UNIT,,ENTRY DOORS,informational,,false,,,,rule,,,not-a-catalogue-record,Repeated imported column header row; not a catalogue record.
quote-892,892,stage:lock-up,category:windows-doors,subcategory:door-builders-range-hume-xn-7,DOOR - BUILDERS RANGE (HUME XN 7),EACH,,STANDARD 820 ENTRACE DOOR,formula,,false,,,,rule,,,not-a-catalogue-record,Formula-driven row; keep out of master catalogues.
quote-893,893,stage:lock-up,category:painting,subcategory:door-jamb-paint-grade,DOOR JAMB (PAINT GRADE),EACH,-,STANDARD 820 ENTRACE DOOR,formula,,false,,,,rule,,,not-a-catalogue-record,Formula-driven row; keep out of master catalogues.
quote-894,894,stage:lock-up,category:cabinetry,subcategory:handles,HANDLE (KEY IN KNOB),EACH,-,STANDARD 820 ENTRACE DOOR,formula,,false,,,,rule,,,not-a-catalogue-record,Formula-driven row; keep out of master catalogues.
quote-895,895,stage:lock-up,category:windows-doors,subcategory:hinges-3,HINGES (3),EACH,-,STANDARD 820 ENTRACE DOOR,formula,,false,,,,rule,,,not-a-catalogue-record,Formula-driven row; keep out of master catalogues.
quote-896,896,stage:lock-up,category:windows-doors,subcategory:weather-seal,WEATHER SEAL,EACH,-,STANDARD 820 ENTRACE DOOR,formula,,false,,,,rule,,,not-a-catalogue-record,Formula-driven row; keep out of master catalogues.
quote-897,897,stage:lock-up,category:windows-doors,subcategory:total-for-door-asembly,TOTAL FOR DOOR ASEMBLY,,,STANDARD 820 ENTRACE DOOR,formula,,false,,,,rule,,,not-a-catalogue-record,Subtotal/total/section row; not a catalogue record.
quote-900,900,stage:lock-up,category:windows-doors,subcategory:door-builders-range-hume-xs-24-1200,DOOR - BUILDERS RANGE (HUME XS 24 1200),EACH,,STANDARD 820 ENTRACE DOOR,formula,,false,,,,rule,,,not-a-catalogue-record,Formula-driven row; keep out of master catalogues.
quote-901,901,stage:lock-up,category:painting,subcategory:door-jamb-paint-grade,DOOR JAMB (PAINT GRADE),EACH,-,STANDARD 820 ENTRACE DOOR,formula,,false,,,,rule,,,not-a-catalogue-record,Formula-driven row; keep out of master catalogues.
quote-902,902,stage:lock-up,category:windows-doors,subcategory:hinges-4,HINGES (4),EACH,-,STANDARD 820 ENTRACE DOOR,formula,,false,,,,rule,,,not-a-catalogue-record,Formula-driven row; keep out of master catalogues.
quote-903,903,stage:lock-up,category:windows-doors,subcategory:weather-seal,WEATHER SEAL,EACH,-,STANDARD 820 ENTRACE DOOR,formula,,false,,,,rule,,,not-a-catalogue-record,Formula-driven row; keep out of master catalogues.
quote-904,904,stage:lock-up,category:windows-doors,subcategory:total-for-door-asembly,TOTAL FOR DOOR ASEMBLY,,,STANDARD 820 ENTRACE DOOR,formula,,false,,,,rule,,,not-a-catalogue-record,Subtotal/total/section row; not a catalogue record.
quote-907,907,stage:lock-up,category:windows-doors,subcategory:doors-builders-range-hume-xn-7-x-2,DOORS - BUILDERS RANGE (HUME XN 7 x 2),EACH,,DOUBLE ENTRY DOORS,formula,,false,,,,rule,,,not-a-catalogue-record,Formula-driven row; keep out of master catalogues.
quote-908,908,stage:lock-up,category:painting,subcategory:door-jamb-paint-grade,DOOR JAMB (PAINT GRADE),EACH,,DOUBLE ENTRY DOORS,formula,,false,,,,rule,,,not-a-catalogue-record,Formula-driven row; keep out of master catalogues.
quote-909,909,stage:lock-up,category:cabinetry,subcategory:handles,HANDLE (KEY IN KNOB),EACH,,DOUBLE ENTRY DOORS,formula,,false,,,,rule,,,not-a-catalogue-record,Formula-driven row; keep out of master catalogues.
quote-910,910,stage:lock-up,category:windows-doors,subcategory:slide-bolts-for-fixed-wing,SLIDE BOLTS FOR FIXED WING,EACH,,DOUBLE ENTRY DOORS,formula,,false,,,,rule,,,not-a-catalogue-record,Formula-driven row; keep out of master catalogues.
quote-911,911,stage:lock-up,category:windows-doors,subcategory:mushroom-stop,MUSHROOM STOP,EACH,,DOUBLE ENTRY DOORS,formula,,false,,,,rule,,,not-a-catalogue-record,Formula-driven row; keep out of master catalogues.
quote-912,912,stage:lock-up,category:windows-doors,subcategory:hinges-6,HINGES (6),EACH,,DOUBLE ENTRY DOORS,formula,,false,,,,rule,,,not-a-catalogue-record,Formula-driven row; keep out of master catalogues.
quote-913,913,stage:lock-up,category:windows-doors,subcategory:weather-seal,WEATHER SEAL,EACH,,DOUBLE ENTRY DOORS,formula,,false,,,,rule,,,not-a-catalogue-record,Formula-driven row; keep out of master catalogues.
quote-914,914,stage:lock-up,category:windows-doors,subcategory:total-for-door-asembly,TOTAL FOR DOOR ASEMBLY,,,DOUBLE ENTRY DOORS,formula,,false,,,,rule,,,not-a-catalogue-record,Subtotal/total/section row; not a catalogue record.
quote-917,917,stage:lock-up,category:windows-doors,subcategory:1200-pivot-door-pc-sum,1200 PIVOT DOOR PC SUM,PC,,PIVOT DOOR,product,product:windows-doors:1200-pivot-door-pc-sum:1200-pivot-door-pc-sum,true,,,,rule,product:windows-doors:1200-pivot-door-pc-sum:1200-pivot-door-pc-sum,,missing-product-library-candidate,Physical product/material candidate.
quote-920,920,stage:lock-up,category:windows-doors,subcategory:door-builders-range-1-3-panel-glass-rc,DOOR - BUILDERS RANGE (1/3 PANEL GLASS RC),EACH,,LAUNDRY/GARAGE 820 1/3 PANEL GLASS DOOR,formula,,false,,,,rule,,,not-a-catalogue-record,Formula-driven row; keep out of master catalogues.
quote-921,921,stage:lock-up,category:painting,subcategory:door-jamb-paint-grade,DOOR JAMB (PAINT GRADE),EACH,,LAUNDRY/GARAGE 820 1/3 PANEL GLASS DOOR,formula,,false,,,,rule,,,not-a-catalogue-record,Formula-driven row; keep out of master catalogues.
quote-922,922,stage:lock-up,category:cabinetry,subcategory:handles,HANDLE (KEY IN KNOB),EACH,,LAUNDRY/GARAGE 820 1/3 PANEL GLASS DOOR,formula,,false,,,,rule,,,not-a-catalogue-record,Formula-driven row; keep out of master catalogues.
quote-923,923,stage:lock-up,category:windows-doors,subcategory:hinges-3,HINGES (3),EACH,-,LAUNDRY/GARAGE 820 1/3 PANEL GLASS DOOR,formula,,false,,,,rule,,,not-a-catalogue-record,Formula-driven row; keep out of master catalogues.
quote-924,924,stage:lock-up,category:windows-doors,subcategory:weather-seal,WEATHER SEAL,EACH,-,LAUNDRY/GARAGE 820 1/3 PANEL GLASS DOOR,formula,,false,,,,rule,,,not-a-catalogue-record,Formula-driven row; keep out of master catalogues.
quote-925,925,stage:lock-up,category:windows-doors,subcategory:doggy-flap,DOGGY FLAP,EACH,,LAUNDRY/GARAGE 820 1/3 PANEL GLASS DOOR,formula,,false,,,,rule,,,not-a-catalogue-record,Formula-driven row; keep out of master catalogues.
quote-926,926,stage:lock-up,category:windows-doors,subcategory:total-for-door-asembly,TOTAL FOR DOOR ASEMBLY,,,LAUNDRY/GARAGE 820 1/3 PANEL GLASS DOOR,formula,,false,,,,rule,,,not-a-catalogue-record,Subtotal/total/section row; not a catalogue record.
quote-931,931,stage:lock-up,category:windows-doors,subcategory:exterior-door-jambs,EXTERIOR DOOR JAMBS,EACH,,DOOR JAMBS,product,product:windows-doors:exterior-door-jambs:exterior-door-jambs,true,,,,rule,product:windows-doors:exterior-door-jambs:exterior-door-jambs,,missing-product-library-candidate,Physical product/material candidate.
quote-932,932,stage:lock-up,category:windows-doors,subcategory:double-front-door-jamb,DOUBLE FRONT DOOR JAMB,EACH,,DOOR JAMBS,product,product:windows-doors:double-front-door-jamb:double-front-door-jamb,true,,,,rule,product:windows-doors:double-front-door-jamb:double-front-door-jamb,,missing-product-library-candidate,Physical product/material candidate.
quote-1350,1350,stage:lock-up,category:windows-doors,subcategory:92-x-19-fj-pine-door-jambs-2100-high,92 X 19 FJ PINE DOOR JAMBS (2100 HIGH),EACH,-,DOOR JAMBS,formula,,false,,,,rule,,,not-a-catalogue-record,Formula-driven row; keep out of master catalogues.
quote-1351,1351,stage:lock-up,category:windows-doors,subcategory:92-x-19-fj-pine-door-jambs-2400-high,92 X 19 FJ PINE DOOR JAMBS (2400 HIGH),,-,DOOR JAMBS,formula,,false,,,,rule,,,not-a-catalogue-record,Formula-driven row; keep out of master catalogues.
quote-1352,1352,stage:lock-up,category:windows-doors,subcategory:92-x-19-fj-pine-robe-jambs-2400-wide,92 X 19 FJ PINE ROBE JAMBS (2400 WIDE),EACH,,DOOR JAMBS,assembly,assembly:windows-doors:92-x-19-fj-pine-robe-jambs-2400-wide:92-x-19-fj-pine-robe-jambs-2400-wide,false,,quote-1352,,derived-runtime,assembly:windows-doors:92-x-19-fj-pine-robe-jambs-2400-wide:92-x-19-fj-pine-robe-jambs-2400-wide,,requires-assembly-model,Product/resource bundle; needs assembly template rather than single catalogue row.
quote-1353,1353,stage:lock-up,category:windows-doors,subcategory:93-x-19-fj-pine-robe-jambs-3000-wide,93 X 19 FJ PINE ROBE JAMBS (3000 WIDE),EACH,,DOOR JAMBS,assembly,assembly:windows-doors:93-x-19-fj-pine-robe-jambs-3000-wide:93-x-19-fj-pine-robe-jambs-3000-wide,false,,quote-1353,,derived-runtime,assembly:windows-doors:93-x-19-fj-pine-robe-jambs-3000-wide:93-x-19-fj-pine-robe-jambs-3000-wide,,requires-assembly-model,Product/resource bundle; needs assembly template rather than single catalogue row.
quote-935,935,stage:lock-up,category:electrical,subcategory:light-fittings,DOOR JAMB WITH 1 SIDE LIGHT,EACH,,SIDE LIGHTS,product,product:electrical:light-fittings:door-jamb-with-1-side-light,true,,,,rule,product:electrical:light-fittings:door-jamb-with-1-side-light,,missing-product-library-candidate,Physical product/material candidate.
quote-936,936,stage:lock-up,category:electrical,subcategory:light-fittings,DOOR JAMB WITH 2 SIDE LIGHTS,EACH,,SIDE LIGHTS,product,product:electrical:light-fittings:door-jamb-with-2-side-lights,true,,,,rule,product:electrical:light-fittings:door-jamb-with-2-side-lights,,missing-product-library-candidate,Physical product/material candidate.
quote-937,937,stage:lock-up,category:electrical,subcategory:light-fittings,DOUBLE DOOR JAMB WITH 2 SIDE LIGHTS,EACH,,SIDE LIGHTS,product,product:electrical:light-fittings:double-door-jamb-with-2-side-lights,true,,,,rule,product:electrical:light-fittings:double-door-jamb-with-2-side-lights,,missing-product-library-candidate,Physical product/material candidate.
quote-940,940,stage:lock-up,category:windows-doors,subcategory:hume-illusion-2040-x-1200-xil-21-22-23-24-25-26,"HUME ILLUSION 2040 x 1200 (XIL 21,22,23,24,25,26)",EACH,,ENTRANCE DOORS,product,product:windows-doors:hume-illusion-2040-x-1200-xil-21-22-23-24-25-26:hume-illusion-2040-x-1200-xil-21-22-23-24-25-26,true,,,,rule,product:windows-doors:hume-illusion-2040-x-1200-xil-21-22-23-24-25-26:hume-illusion-2040-x-1200-xil-21-22-23-24-25-26,,missing-product-library-candidate,Physical product/material candidate.
quote-941,941,stage:lock-up,category:windows-doors,subcategory:hume-illusion-2040-x-820-xil-1-2-3-4-5-6,"HUME ILLUSION 2040 x 820 (XIL 1,2,3,4,5,6)",EACH,,ENTRANCE DOORS,product,product:windows-doors:hume-illusion-2040-x-820-xil-1-2-3-4-5-6:hume-illusion-2040-x-820-xil-1-2-3-4-5-6,true,,,,rule,product:windows-doors:hume-illusion-2040-x-820-xil-1-2-3-4-5-6:hume-illusion-2040-x-820-xil-1-2-3-4-5-6,,missing-product-library-candidate,Physical product/material candidate.
quote-942,942,stage:lock-up,category:windows-doors,subcategory:hume-newington-2040-x-820-xn-16-clear-glaze,HUME NEWINGTON 2040 x 820 (XN 16) CLEAR GLAZE,EACH,,ENTRANCE DOORS,product,product:windows-doors:hume-newington-2040-x-820-xn-16-clear-glaze:hume-newington-2040-x-820-xn-16-clear-glaze,true,,,,rule,product:windows-doors:hume-newington-2040-x-820-xn-16-clear-glaze:hume-newington-2040-x-820-xn-16-clear-glaze,,missing-product-library-candidate,Physical product/material candidate.
quote-943,943,stage:lock-up,category:windows-doors,subcategory:hume-newington-2040-x-820-xn-18-clear-glaze,HUME NEWINGTON 2040 x 820 (XN 18) CLEAR GLAZE,EACH,,ENTRANCE DOORS,product,product:windows-doors:hume-newington-2040-x-820-xn-18-clear-glaze:hume-newington-2040-x-820-xn-18-clear-glaze,true,,,,rule,product:windows-doors:hume-newington-2040-x-820-xn-18-clear-glaze:hume-newington-2040-x-820-xn-18-clear-glaze,,missing-product-library-candidate,Physical product/material candidate.
quote-944,944,stage:lock-up,category:windows-doors,subcategory:hume-newington-2040-x-820-xn-6-clear-glaze,HUME NEWINGTON 2040 x 820 (XN 6) CLEAR GLAZE,EACH,,ENTRANCE DOORS,product,product:windows-doors:hume-newington-2040-x-820-xn-6-clear-glaze:hume-newington-2040-x-820-xn-6-clear-glaze,true,,,,rule,product:windows-doors:hume-newington-2040-x-820-xn-6-clear-glaze:hume-newington-2040-x-820-xn-6-clear-glaze,,missing-product-library-candidate,Physical product/material candidate.
quote-945,945,stage:lock-up,category:windows-doors,subcategory:hume-newington-2040-x-820-xn1-clear-glaze,HUME NEWINGTON 2040 x 820 (XN1) CLEAR GLAZE,EACH,,ENTRANCE DOORS,product,product:windows-doors:hume-newington-2040-x-820-xn1-clear-glaze:hume-newington-2040-x-820-xn1-clear-glaze,true,,,,rule,product:windows-doors:hume-newington-2040-x-820-xn1-clear-glaze:hume-newington-2040-x-820-xn1-clear-glaze,,missing-product-library-candidate,Physical product/material candidate.
quote-946,946,stage:lock-up,category:windows-doors,subcategory:hume-newington-2040-x-820-xn2-17-clear-gl,"HUME NEWINGTON 2040 x 820 (XN2, 17) CLEAR GL",EACH,,ENTRANCE DOORS,product,product:windows-doors:hume-newington-2040-x-820-xn2-17-clear-gl:hume-newington-2040-x-820-xn2-17-clear-gl,true,,,,rule,product:windows-doors:hume-newington-2040-x-820-xn2-17-clear-gl:hume-newington-2040-x-820-xn2-17-clear-gl,,missing-product-library-candidate,Physical product/material candidate.
quote-947,947,stage:lock-up,category:windows-doors,subcategory:hume-newington-2040-x-820-xn5-7-13-clear,"HUME NEWINGTON 2040 x 820 (XN5, 7, 13) CLEAR",EACH,,ENTRANCE DOORS,product,product:windows-doors:hume-newington-2040-x-820-xn5-7-13-clear:hume-newington-2040-x-820-xn5-7-13-clear,true,,,,rule,product:windows-doors:hume-newington-2040-x-820-xn5-7-13-clear:hume-newington-2040-x-820-xn5-7-13-clear,,missing-product-library-candidate,Physical product/material candidate.
quote-948,948,stage:lock-up,category:windows-doors,subcategory:hume-savoy-2040-x-1200-xs-26-clear-glaze,HUME SAVOY 2040 x 1200 (XS 26) CLEAR GLAZE,EACH,,ENTRANCE DOORS,product,product:windows-doors:hume-savoy-2040-x-1200-xs-26-clear-glaze:hume-savoy-2040-x-1200-xs-26-clear-glaze,true,,,,rule,product:windows-doors:hume-savoy-2040-x-1200-xs-26-clear-glaze:hume-savoy-2040-x-1200-xs-26-clear-glaze,,missing-product-library-candidate,Physical product/material candidate.
quote-949,949,stage:lock-up,category:windows-doors,subcategory:hume-savoy-2040-x-1200-xs24-clear-glaze,HUME SAVOY 2040 x 1200 (XS24) CLEAR GLAZE,EACH,,ENTRANCE DOORS,product,product:windows-doors:hume-savoy-2040-x-1200-xs24-clear-glaze:hume-savoy-2040-x-1200-xs24-clear-glaze,true,,,,rule,product:windows-doors:hume-savoy-2040-x-1200-xs24-clear-glaze:hume-savoy-2040-x-1200-xs24-clear-glaze,,missing-product-library-candidate,Physical product/material candidate.
quote-950,950,stage:lock-up,category:windows-doors,subcategory:hume-savoy-2040-x-820-xs11-12-clear-glaze,"HUME SAVOY 2040 x 820 (XS11,12) CLEAR GLAZE",EACH,,ENTRANCE DOORS,product,product:windows-doors:hume-savoy-2040-x-820-xs11-12-clear-glaze:hume-savoy-2040-x-820-xs11-12-clear-glaze,true,,,,rule,product:windows-doors:hume-savoy-2040-x-820-xs11-12-clear-glaze:hume-savoy-2040-x-820-xs11-12-clear-glaze,,missing-product-library-candidate,Physical product/material candidate.
quote-951,951,stage:lock-up,category:windows-doors,subcategory:hume-savoy-2040-x-820-xs2,HUME SAVOY 2040 x 820 (XS2),EACH,,ENTRANCE DOORS,product,product:windows-doors:hume-savoy-2040-x-820-xs2:hume-savoy-2040-x-820-xs2,true,,,,rule,product:windows-doors:hume-savoy-2040-x-820-xs2:hume-savoy-2040-x-820-xs2,,missing-product-library-candidate,Physical product/material candidate.
quote-952,952,stage:lock-up,category:windows-doors,subcategory:hume-savoy-2040-x-820-xs24-26-clear-glaze,"HUME SAVOY 2040 x 820 (XS24,26) CLEAR GLAZE",EACH,,ENTRANCE DOORS,product,product:windows-doors:hume-savoy-2040-x-820-xs24-26-clear-glaze:hume-savoy-2040-x-820-xs24-26-clear-glaze,true,,,,rule,product:windows-doors:hume-savoy-2040-x-820-xs24-26-clear-glaze:hume-savoy-2040-x-820-xs24-26-clear-glaze,,missing-product-library-candidate,Physical product/material candidate.
quote-953,953,stage:lock-up,category:windows-doors,subcategory:hume-savoy-2040-x-820-xs3-clear-glaze,HUME SAVOY 2040 x 820 (XS3) CLEAR GLAZE,EACH,,ENTRANCE DOORS,product,product:windows-doors:hume-savoy-2040-x-820-xs3-clear-glaze:hume-savoy-2040-x-820-xs3-clear-glaze,true,,,,rule,product:windows-doors:hume-savoy-2040-x-820-xs3-clear-glaze:hume-savoy-2040-x-820-xs3-clear-glaze,,missing-product-library-candidate,Physical product/material candidate.
quote-954,954,stage:lock-up,category:windows-doors,subcategory:hume-savoy-2340-x-1200-xs-26-clear-glaze,HUME SAVOY 2340 x 1200 (XS 26) CLEAR GLAZE,EACH,,ENTRANCE DOORS,product,product:windows-doors:hume-savoy-2340-x-1200-xs-26-clear-glaze:hume-savoy-2340-x-1200-xs-26-clear-glaze,true,,,,rule,product:windows-doors:hume-savoy-2340-x-1200-xs-26-clear-glaze:hume-savoy-2340-x-1200-xs-26-clear-glaze,,missing-product-library-candidate,Physical product/material candidate.
quote-955,955,stage:lock-up,category:windows-doors,subcategory:hume-savoy-2340-x-1200-xs24-clear-glaze,HUME SAVOY 2340 X 1200 (XS24) CLEAR GLAZE,EACH,,ENTRANCE DOORS,product,product:windows-doors:hume-savoy-2340-x-1200-xs24-clear-glaze:hume-savoy-2340-x-1200-xs24-clear-glaze,true,,,,rule,product:windows-doors:hume-savoy-2340-x-1200-xs24-clear-glaze:hume-savoy-2340-x-1200-xs24-clear-glaze,,missing-product-library-candidate,Physical product/material candidate.
quote-956,956,stage:lock-up,category:windows-doors,subcategory:hume-vaucluse-2040-x-820-xv1-10-14,"HUME VAUCLUSE 2040 x 820 (XV1, 10, 14)",EACH,,ENTRANCE DOORS,product,product:windows-doors:hume-vaucluse-2040-x-820-xv1-10-14:hume-vaucluse-2040-x-820-xv1-10-14,true,,,,rule,product:windows-doors:hume-vaucluse-2040-x-820-xv1-10-14:hume-vaucluse-2040-x-820-xv1-10-14,,missing-product-library-candidate,Physical product/material candidate.
quote-958,958,stage:lock-up,category:windows-doors,subcategory:hume-820-x-35-exterior-flush-panel,HUME 820 x 35 EXTERIOR FLUSH PANEL,EACH,,ENTRANCE DOORS,product,product:windows-doors:hume-820-x-35-exterior-flush-panel:hume-820-x-35-exterior-flush-panel,true,,,,rule,product:windows-doors:hume-820-x-35-exterior-flush-panel:hume-820-x-35-exterior-flush-panel,,missing-product-library-candidate,Physical product/material candidate.
quote-959,959,stage:lock-up,category:windows-doors,subcategory:hume-rc-door-with-1-3-glass-opening,HUME RC DOOR WITH 1/3 GLASS OPENING,EACH,,ENTRANCE DOORS,product,product:windows-doors:hume-rc-door-with-1-3-glass-opening:hume-rc-door-with-1-3-glass-opening,true,,,,rule,product:windows-doors:hume-rc-door-with-1-3-glass-opening:hume-rc-door-with-1-3-glass-opening,,missing-product-library-candidate,Physical product/material candidate.
quote-962,962,stage:lock-up,category:windows-doors,subcategory:100mm-hirline-hinges,100mm HIRLINE HINGES,EACH,,DOOR FURNITURE,product,product:windows-doors:100mm-hirline-hinges:100mm-hirline-hinges,true,,,,rule,product:windows-doors:100mm-hirline-hinges:100mm-hirline-hinges,,missing-product-library-candidate,Physical product/material candidate.
quote-963,963,stage:lock-up,category:windows-doors,subcategory:gainsborough-sc-key-in-knob-entrace-set,GAINSBOROUGH SC KEY IN KNOB ENTRACE SET,EACH,,DOOR FURNITURE,product,product:windows-doors:gainsborough-sc-key-in-knob-entrace-set:gainsborough-sc-key-in-knob-entrace-set,true,,,,rule,product:windows-doors:gainsborough-sc-key-in-knob-entrace-set:gainsborough-sc-key-in-knob-entrace-set,,missing-product-library-candidate,Physical product/material candidate.
quote-964,964,stage:lock-up,category:windows-doors,subcategory:gainsborough-trilock,GAINSBOROUGH TRILOCK,EACH,,DOOR FURNITURE,product,product:windows-doors:gainsborough-trilock:gainsborough-trilock,true,,,,rule,product:windows-doors:gainsborough-trilock:gainsborough-trilock,,missing-product-library-candidate,Physical product/material candidate.
quote-965,965,stage:lock-up,category:cabinetry,subcategory:handles,600mm CHROME PULL HANDLES,PAIR,,DOOR FURNITURE,product,product:cabinetry:handles:600mm-chrome-pull-handles,true,,,,rule,product:cabinetry:handles:600mm-chrome-pull-handles,,missing-product-library-candidate,Physical product/material candidate.
quote-966,966,stage:lock-up,category:windows-doors,subcategory:deadlock-and-spring-catch,DEADLOCK AND SPRING CATCH,EACH,,DOOR FURNITURE,product,product:windows-doors:deadlock-and-spring-catch:deadlock-and-spring-catch,true,,,,rule,product:windows-doors:deadlock-and-spring-catch:deadlock-and-spring-catch,,missing-product-library-candidate,Physical product/material candidate.
quote-967,967,stage:lock-up,category:windows-doors,subcategory:rp4-weather-seal,RP4 WEATHER SEAL,EACH,,DOOR FURNITURE,product,product:windows-doors:rp4-weather-seal:rp4-weather-seal,true,,,,rule,product:windows-doors:rp4-weather-seal:rp4-weather-seal,,missing-product-library-candidate,Physical product/material candidate.
quote-968,968,stage:lock-up,category:windows-doors,subcategory:double-rp4-weather-seal,DOUBLE RP4 WEATHER SEAL,EACH,,DOOR FURNITURE,product,product:windows-doors:double-rp4-weather-seal:double-rp4-weather-seal,true,,,,rule,product:windows-doors:double-rp4-weather-seal:double-rp4-weather-seal,,missing-product-library-candidate,Physical product/material candidate.
quote-1341,1341,stage:lock-up,category:windows-doors,subcategory:100mm-hirline-hinges,100mm HIRLINE HINGES,EACH,-,DOOR FURNITURE,formula,,false,,,,rule,,,not-a-catalogue-record,Formula-driven row; keep out of master catalogues.
quote-1342,1342,stage:lock-up,category:windows-doors,subcategory:25mm-x-6g-hinge-screws,25mm X 6g HINGE SCREWS,PKT,,DOOR FURNITURE,assembly,assembly:windows-doors:25mm-x-6g-hinge-screws:25mm-x-6g-hinge-screws,false,,quote-1342,,derived-runtime,assembly:windows-doors:25mm-x-6g-hinge-screws:25mm-x-6g-hinge-screws,,requires-assembly-model,Product/resource bundle; needs assembly template rather than single catalogue row.
quote-1343,1343,stage:lock-up,category:windows-doors,subcategory:fow-sliding-door-unit,FOW SLIDING DOOR UNIT,EACH,,DOOR FURNITURE,product,product:windows-doors:fow-sliding-door-unit:fow-sliding-door-unit,true,,,,rule,product:windows-doors:fow-sliding-door-unit:fow-sliding-door-unit,,missing-product-library-candidate,Physical product/material candidate.
quote-1344,1344,stage:lock-up,category:windows-doors,subcategory:cavity-sliding-door-unit,CAVITY SLIDING DOOR UNIT,EACH,,DOOR FURNITURE,product,product:windows-doors:cavity-sliding-door-unit:cavity-sliding-door-unit,true,,,,rule,product:windows-doors:cavity-sliding-door-unit:cavity-sliding-door-unit,,missing-product-library-candidate,Physical product/material candidate.
quote-1345,1345,stage:lock-up,category:windows-doors,subcategory:gainsborough-contractor-series-furniture,GAINSBOROUGH CONTRACTOR SERIES FURNITURE,SET,,DOOR FURNITURE,product,product:windows-doors:gainsborough-contractor-series-furniture:gainsborough-contractor-series-furniture,true,,,,rule,product:windows-doors:gainsborough-contractor-series-furniture:gainsborough-contractor-series-furniture,,missing-product-library-candidate,Physical product/material candidate.
quote-1346,1346,stage:lock-up,category:windows-doors,subcategory:add-for-privacy-set,ADD FOR PRIVACY SET,EACH,,DOOR FURNITURE,product,product:windows-doors:add-for-privacy-set:add-for-privacy-set,true,,,,rule,product:windows-doors:add-for-privacy-set:add-for-privacy-set,,missing-product-library-candidate,Physical product/material candidate.
quote-1347,1347,stage:lock-up,category:cabinetry,subcategory:handles,SLIDING DOOR HANDLES,EACH,,DOOR FURNITURE,product,product:cabinetry:handles:sliding-door-handles,true,,,,rule,product:cabinetry:handles:sliding-door-handles,,missing-product-library-candidate,Physical product/material candidate.
quote-971,971,stage:lock-up,category:windows-doors,subcategory:garage-door-jamb-163-x-31-primied,GARAGE DOOR JAMB 163 X 31 PRIMIED,EACH,,GARAGE DOOR JAMBS,formula,,false,,,,rule,,,not-a-catalogue-record,Formula-driven row; keep out of master catalogues.
quote-975,975,stage:lock-up,category:windows-doors,subcategory:quote,QUOTE,ITEM,,GARAGE DOORS - SECTIONAL PANEL LIFT,informational,,false,,,,rule,,,not-a-catalogue-record,Informational or confirmation-only row.
quote-976,976,stage:lock-up,category:windows-doors,subcategory:colourbond-garage-door-2100-x-4800w,COLOURBOND GARAGE DOOR - 2100 X 4800w,ITEM,,GARAGE DOORS - SECTIONAL PANEL LIFT,informational,,false,,,,rule,,,not-a-catalogue-record,Informational or confirmation-only row.
quote-977,977,stage:lock-up,category:windows-doors,subcategory:colourbond-garage-door-2400-x-4800w,COLOURBOND GARAGE DOOR - 2400 X 4800w,ITEM,,GARAGE DOORS - SECTIONAL PANEL LIFT,informational,,false,,,,rule,,,not-a-catalogue-record,Informational or confirmation-only row.
quote-978,978,stage:lock-up,category:windows-doors,subcategory:colourbond-garage-door-2100-x-up-to-5450w,COLOURBOND GARAGE DOOR - 2100 X UP TO 5450w,ITEM,,GARAGE DOORS - SECTIONAL PANEL LIFT,informational,,false,,,,rule,,,not-a-catalogue-record,Informational or confirmation-only row.
quote-979,979,stage:lock-up,category:windows-doors,subcategory:colourbond-garage-door-2400-x-up-to-5450w,COLOURBOND GARAGE DOOR - 2400 X UP TO 5450w,ITEM,,GARAGE DOORS - SECTIONAL PANEL LIFT,informational,,false,,,,rule,,,not-a-catalogue-record,Informational or confirmation-only row.
quote-980,980,stage:lock-up,category:windows-doors,subcategory:colourbond-garage-door-2100-x-2400w,COLOURBOND GARAGE DOOR - 2100 X 2400w,ITEM,,GARAGE DOORS - SECTIONAL PANEL LIFT,informational,,false,,,,rule,,,not-a-catalogue-record,Informational or confirmation-only row.
quote-981,981,stage:lock-up,category:windows-doors,subcategory:colourbond-garage-door-2400-x-2400w,COLOURBOND GARAGE DOOR - 2400 X 2400w,ITEM,,GARAGE DOORS - SECTIONAL PANEL LIFT,informational,,false,,,,rule,,,not-a-catalogue-record,Informational or confirmation-only row.
quote-982,982,stage:lock-up,category:windows-doors,subcategory:colourbond-garage-door-2100-x-3000w,COLOURBOND GARAGE DOOR - 2100 X 3000w,ITEM,,GARAGE DOORS - SECTIONAL PANEL LIFT,informational,,false,,,,rule,,,not-a-catalogue-record,Informational or confirmation-only row.
quote-983,983,stage:lock-up,category:windows-doors,subcategory:colourbond-garage-door-2400-x-3000w,COLOURBOND GARAGE DOOR - 2400 X 3000w,ITEM,,GARAGE DOORS - SECTIONAL PANEL LIFT,informational,,false,,,,rule,,,not-a-catalogue-record,Informational or confirmation-only row.
quote-984,984,stage:lock-up,category:windows-doors,subcategory:garage-door-timber-look-upgrade,GARAGE DOOR - TIMBER LOOK UPGRADE,ITEM,,GARAGE DOORS - SECTIONAL PANEL LIFT,informational,,false,,,,rule,,,not-a-catalogue-record,Informational or confirmation-only row.
quote-987,987,stage:lock-up,category:windows-doors,subcategory:colourbond-garage-door-2100-x-2500w,COLOURBOND GARAGE DOOR - 2100 X 2500w,ITEM,,GARAGE DOORS - MANUAL ROLL-A-DOOR,custom,custom:windows-doors:colourbond-garage-door-2100-x-2500w:colourbond-garage-door-2100-x-2500w,false,,,,rule,estimating:windows-doors:colourbond-garage-door-2100-x-2500w:colourbond-garage-door-2100-x-2500w,,requires-review,Custom/manual/supplied-by-others row.
quote-988,988,stage:lock-up,category:windows-doors,subcategory:add-for-remote-opener,ADD FOR REMOTE OPENER,ITEM,,GARAGE DOORS - MANUAL ROLL-A-DOOR,custom,custom:windows-doors:add-for-remote-opener:add-for-remote-opener,false,,,,rule,estimating:windows-doors:add-for-remote-opener:add-for-remote-opener,,requires-review,Custom/manual/supplied-by-others row.
quote-1069,1069,stage:unassigned,category:equipment-hire,subcategory:plant-hire,ITEM,UNIT,QTY,EQUIPMENT HIRE,informational,,false,,,,rule,,,not-a-catalogue-record,Repeated imported column header row; not a catalogue record.
quote-1071,1071,stage:base,category:slab,subcategory:plant-hire,CONCRETE SCREED,DAY,,EQUIPMENT HIRE,estimating-item,estimating:slab:plant-hire:concrete-screed,false,,quote-1071,,derived-runtime,estimating:slab:plant-hire:concrete-screed,,existing-derived-estimating-row,"Labour, plant, service, fee, or construction resource candidate."
quote-1072,1072,stage:unassigned,category:equipment-hire,subcategory:plant-hire,HELICOPTER TROWELL,DAY,,EQUIPMENT HIRE,estimating-item,estimating:equipment-hire:plant-hire:helicopter-trowell,false,,quote-1072,,derived-runtime,estimating:equipment-hire:plant-hire:helicopter-trowell,,existing-derived-estimating-row,"Labour, plant, service, fee, or construction resource candidate."
quote-1073,1073,stage:unassigned,category:equipment-hire,subcategory:plant-hire,ACROW PROPS,WEEK,,EQUIPMENT HIRE,formula,,false,,,,rule,,,not-a-catalogue-record,Formula-driven row; keep out of master catalogues.
quote-1074,1074,stage:unassigned,category:equipment-hire,subcategory:plant-hire,JACK HAMMER,DAY,,EQUIPMENT HIRE,estimating-item,estimating:equipment-hire:plant-hire:jack-hammer,false,,quote-1074,,derived-runtime,estimating:equipment-hire:plant-hire:jack-hammer,,existing-derived-estimating-row,"Labour, plant, service, fee, or construction resource candidate."
quote-1075,1075,stage:unassigned,category:equipment-hire,subcategory:plant-hire,BOBCAT - DRILL PIER HOLES,HOUR,,EQUIPMENT HIRE,estimating-item,estimating:equipment-hire:plant-hire:bobcat-drill-pier-holes,false,,quote-1075,,derived-runtime,estimating:equipment-hire:plant-hire:bobcat-drill-pier-holes,,existing-derived-estimating-row,"Labour, plant, service, fee, or construction resource candidate."
quote-1076,1076,stage:base,category:slab,subcategory:plant-hire,CONCRETE PUMP,DAY,,EQUIPMENT HIRE,estimating-item,estimating:slab:plant-hire:concrete-pump,false,,quote-1076,,derived-runtime,estimating:slab:plant-hire:concrete-pump,,existing-derived-estimating-row,"Labour, plant, service, fee, or construction resource candidate."
quote-1077,1077,stage:unassigned,category:equipment-hire,subcategory:plant-hire,WET SAW,DAY,,EQUIPMENT HIRE,estimating-item,estimating:equipment-hire:plant-hire:wet-saw,false,,quote-1077,,derived-runtime,estimating:equipment-hire:plant-hire:wet-saw,,existing-derived-estimating-row,"Labour, plant, service, fee, or construction resource candidate."
quote-1078,1078,stage:unassigned,category:equipment-hire,subcategory:plant-hire,SCAFFOLDING,ITEM,,EQUIPMENT HIRE,estimating-item,estimating:equipment-hire:plant-hire:scaffolding,false,,quote-1078,,derived-runtime,estimating:equipment-hire:plant-hire:scaffolding,,existing-derived-estimating-row,"Labour, plant, service, fee, or construction resource candidate."
quote-1079,1079,stage:unassigned,category:equipment-hire,subcategory:plant-hire,SCAFFOLDING DELIVERY,ITEM,,EQUIPMENT HIRE,estimating-item,estimating:equipment-hire:plant-hire:scaffolding-delivery,false,,quote-1079,,derived-runtime,estimating:equipment-hire:plant-hire:scaffolding-delivery,,existing-derived-estimating-row,"Labour, plant, service, fee, or construction resource candidate."
quote-1080,1080,stage:unassigned,category:equipment-hire,subcategory:plant-hire,SCAFFOLDING ERECTION,ITEM,,EQUIPMENT HIRE,estimating-item,estimating:equipment-hire:plant-hire:scaffolding-erection,false,,quote-1080,,derived-runtime,estimating:equipment-hire:plant-hire:scaffolding-erection,,existing-derived-estimating-row,"Labour, plant, service, fee, or construction resource candidate."
quote-1081,1081,stage:unassigned,category:equipment-hire,subcategory:labour,GUARD RAILS SUPPLY AND INSTALL,ITEM,,EQUIPMENT HIRE,estimating-item,estimating:equipment-hire:labour:guard-rails-supply-and-install,false,,quote-1081,,derived-runtime,estimating:equipment-hire:labour:guard-rails-supply-and-install,,existing-derived-estimating-row,"Labour, plant, service, fee, or construction resource candidate."
quote-1082,1082,stage:base,category:slab,subcategory:plant-hire,CONCRETE VIBRATOR,DAY,,EQUIPMENT HIRE,estimating-item,estimating:slab:plant-hire:concrete-vibrator,false,,quote-1082,,derived-runtime,estimating:slab:plant-hire:concrete-vibrator,,existing-derived-estimating-row,"Labour, plant, service, fee, or construction resource candidate."
quote-1083,1083,stage:unassigned,category:electrical,subcategory:labour,POWER POLE INSTALL,ITEM,,EQUIPMENT HIRE,estimating-item,estimating:electrical:labour:power-pole-install,false,,quote-1083,,derived-runtime,estimating:electrical:labour:power-pole-install,,existing-derived-estimating-row,"Labour, plant, service, fee, or construction resource candidate."
quote-1084,1084,stage:unassigned,category:electrical,subcategory:plant-hire,POWER POLE,WEEK,,EQUIPMENT HIRE,estimating-item,estimating:electrical:plant-hire:power-pole,false,,quote-1084,,derived-runtime,estimating:electrical:plant-hire:power-pole,,existing-derived-estimating-row,"Labour, plant, service, fee, or construction resource candidate."
quote-1085,1085,stage:unassigned,category:plumbing-fixtures,subcategory:toilets,CHEMICAL TOILET TRANSPORT BOTH WAYS,ITEM,,EQUIPMENT HIRE,assembly,assembly:plumbing-fixtures:toilets:chemical-toilet-transport-both-ways,false,,quote-1085,,derived-runtime,assembly:plumbing-fixtures:toilets:chemical-toilet-transport-both-ways,,requires-assembly-model,Product/resource bundle; needs assembly template rather than single catalogue row.
quote-1086,1086,stage:unassigned,category:plumbing-fixtures,subcategory:toilets,CHEMICAL TOILET,WEEK,,EQUIPMENT HIRE,assembly,assembly:plumbing-fixtures:toilets:chemical-toilet,false,,quote-1086,,derived-runtime,assembly:plumbing-fixtures:toilets:chemical-toilet,,requires-assembly-model,Product/resource bundle; needs assembly template rather than single catalogue row.
quote-1087,1087,stage:unassigned,category:equipment-hire,subcategory:plant-hire,SKIP BINS,ITEM,,EQUIPMENT HIRE,estimating-item,estimating:equipment-hire:plant-hire:skip-bins,false,,quote-1087,,derived-runtime,estimating:equipment-hire:plant-hire:skip-bins,,existing-derived-estimating-row,"Labour, plant, service, fee, or construction resource candidate."
quote-1091,1091,stage:lock-up,category:external-cladding,subcategory:item,ITEM,UNIT,,FACE BRICKWORK,informational,,false,,,,rule,,,not-a-catalogue-record,Repeated imported column header row; not a catalogue record.
quote-1093,1093,stage:lock-up,category:external-cladding,subcategory:face-bricks-base-range,FACE BRICKS - BASE RANGE,1000,,FACE BRICKWORK,product,product:external-cladding:face-bricks-base-range:face-bricks-base-range,true,,,,rule,product:external-cladding:face-bricks-base-range:face-bricks-base-range,,missing-product-library-candidate,Physical product/material candidate.
quote-1094,1094,stage:lock-up,category:external-cladding,subcategory:face-bricks-mid-range,FACE BRICKS - MID RANGE,1000,,FACE BRICKWORK,product,product:external-cladding:face-bricks-mid-range:face-bricks-mid-range,true,,,,rule,product:external-cladding:face-bricks-mid-range:face-bricks-mid-range,,missing-product-library-candidate,Physical product/material candidate.
quote-1095,1095,stage:lock-up,category:external-cladding,subcategory:common-bricks-for-rendering,COMMON BRICKS FOR RENDERING,1000,,FACE BRICKWORK,formula,,false,,,,rule,,,not-a-catalogue-record,Formula-driven row; keep out of master catalogues.
quote-1096,1096,stage:lock-up,category:external-cladding,subcategory:common-single-heights,COMMON SINGLE HEIGHTS,1000,,FACE BRICKWORK,product,product:external-cladding:common-single-heights:common-single-heights,true,,,,rule,product:external-cladding:common-single-heights:common-single-heights,,missing-product-library-candidate,Physical product/material candidate.
quote-1097,1097,stage:lock-up,category:external-cladding,subcategory:common-twin-heights,COMMON TWIN HEIGHTS,1000,,FACE BRICKWORK,product,product:external-cladding:common-twin-heights:common-twin-heights,true,,,,rule,product:external-cladding:common-twin-heights:common-twin-heights,,missing-product-library-candidate,Physical product/material candidate.
quote-1098,1098,stage:lock-up,category:external-cladding,subcategory:add-bricks-for-piers-etc,ADD BRICKS FOR PIERS ETC,1000,,FACE BRICKWORK,product,product:external-cladding:add-bricks-for-piers-etc:add-bricks-for-piers-etc,true,,,,rule,product:external-cladding:add-bricks-for-piers-etc:add-bricks-for-piers-etc,,missing-product-library-candidate,Physical product/material candidate.
quote-1099,1099,stage:lock-up,category:external-cladding,subcategory:add-bricks-for-sills,ADD BRICKS FOR SILLS,1000,,FACE BRICKWORK,product,product:external-cladding:add-bricks-for-sills:add-bricks-for-sills,true,,,,rule,product:external-cladding:add-bricks-for-sills:add-bricks-for-sills,,missing-product-library-candidate,Physical product/material candidate.
quote-1100,1100,stage:lock-up,category:external-cladding,subcategory:200-series-blocks,200 SERIES BLOCKS,EACH,,FACE BRICKWORK,product,product:external-cladding:200-series-blocks:200-series-blocks,true,,,,rule,product:external-cladding:200-series-blocks:200-series-blocks,,missing-product-library-candidate,Physical product/material candidate.
quote-1101,1101,stage:lock-up,category:external-cladding,subcategory:200-series-blocks-3-4-blocks,200 SERIES BLOCKS 3/4 BLOCKS,EACH,,FACE BRICKWORK,product,product:external-cladding:200-series-blocks-3-4-blocks:200-series-blocks-3-4-blocks,true,,,,rule,product:external-cladding:200-series-blocks-3-4-blocks:200-series-blocks-3-4-blocks,,missing-product-library-candidate,Physical product/material candidate.
quote-1102,1102,stage:lock-up,category:external-cladding,subcategory:200-series-blocks-halve-blocks,200 SERIES BLOCKS - HALVE BLOCKS,EACH,,FACE BRICKWORK,product,product:external-cladding:200-series-blocks-halve-blocks:200-series-blocks-halve-blocks,true,,,,rule,product:external-cladding:200-series-blocks-halve-blocks:200-series-blocks-halve-blocks,,missing-product-library-candidate,Physical product/material candidate.
quote-1103,1103,stage:lock-up,category:external-cladding,subcategory:mortar-mix-sand-cement-etc,"MORTAR MIX (SAND, CEMENT ETC.)",M3,,FACE BRICKWORK,product,product:external-cladding:mortar-mix-sand-cement-etc:mortar-mix-sand-cement-etc,true,,,,rule,product:external-cladding:mortar-mix-sand-cement-etc:mortar-mix-sand-cement-etc,,missing-product-library-candidate,Physical product/material candidate.
quote-1104,1104,stage:lock-up,category:external-cladding,subcategory:m12-rod,M12 ROD,EACH,,FACE BRICKWORK,product,product:external-cladding:m12-rod:m12-rod,true,,,,rule,product:external-cladding:m12-rod:m12-rod,,missing-product-library-candidate,Physical product/material candidate.
quote-1105,1105,stage:base,category:external-cladding,subcategory:blockwork-core-fill-concrete,BLOCKWORK CORE FILL CONCRETE,BLOCKS,,FACE BRICKWORK,formula,,false,,,,rule,,,not-a-catalogue-record,Formula-driven row; keep out of master catalogues.
quote-1106,1106,stage:lock-up,category:external-cladding,subcategory:bricky-hardware,BRICKY HARDWARE,ITEM,,FACE BRICKWORK,product,product:external-cladding:bricky-hardware:bricky-hardware,true,,,,rule,product:external-cladding:bricky-hardware:bricky-hardware,,missing-product-library-candidate,Physical product/material candidate.
quote-307,307,stage:lock-up,category:external-cladding,subcategory:labour,BRICKLAYER,1000,,BRICKLAYER'S LABOUR,assembly,assembly:external-cladding:labour:bricklayer,false,,quote-307,,derived-runtime,assembly:external-cladding:labour:bricklayer,,requires-assembly-model,Product/resource bundle; needs assembly template rather than single catalogue row.
quote-308,308,stage:lock-up,category:external-cladding,subcategory:labour,BLOCKLAYER - LABOUR,EACH,,BRICKLAYER'S LABOUR,estimating-item,estimating:external-cladding:labour:blocklayer-labour,false,,quote-308,,derived-runtime,estimating:external-cladding:labour:blocklayer-labour,,existing-derived-estimating-row,"Labour, plant, service, fee, or construction resource candidate."
quote-309,309,stage:lock-up,category:external-cladding,subcategory:labour,PIERS,COURSE,,BRICKLAYER'S LABOUR,assembly,assembly:external-cladding:labour:piers,false,,quote-309,,derived-runtime,assembly:external-cladding:labour:piers,,requires-assembly-model,Product/resource bundle; needs assembly template rather than single catalogue row.
quote-310,310,stage:base,category:external-cladding,subcategory:labour,CONCRETE PUMP,ITEM,,BRICKLAYER'S LABOUR,assembly,assembly:external-cladding:labour:concrete-pump,false,,quote-310,,derived-runtime,assembly:external-cladding:labour:concrete-pump,,requires-assembly-model,Product/resource bundle; needs assembly template rather than single catalogue row.
quote-311,311,stage:lock-up,category:external-cladding,subcategory:labour,CORE FILLING BLOCKWORK,EACH,,BRICKLAYER'S LABOUR,assembly,assembly:external-cladding:labour:core-filling-blockwork,false,,quote-311,,derived-runtime,assembly:external-cladding:labour:core-filling-blockwork,,requires-assembly-model,Product/resource bundle; needs assembly template rather than single catalogue row.
quote-1110,1110,stage:lock-up,category:external-cladding,subcategory:labour,BRICKLAYER SINGLE HEIGHT,1000,,BRICKLAYER'S LABOUR,assembly,assembly:external-cladding:labour:bricklayer-single-height,false,,quote-1110,,derived-runtime,assembly:external-cladding:labour:bricklayer-single-height,,requires-assembly-model,Product/resource bundle; needs assembly template rather than single catalogue row.
quote-1111,1111,stage:lock-up,category:external-cladding,subcategory:labour,BRICKLAYER DOUBLE HEIGHTS,1000,,BRICKLAYER'S LABOUR,assembly,assembly:external-cladding:labour:bricklayer-double-heights,false,,quote-1111,,derived-runtime,assembly:external-cladding:labour:bricklayer-double-heights,,requires-assembly-model,Product/resource bundle; needs assembly template rather than single catalogue row.
quote-1112,1112,stage:lock-up,category:external-cladding,subcategory:labour,BRICK SILLS,LM,,BRICKLAYER'S LABOUR,formula,,false,,,,rule,,,not-a-catalogue-record,Formula-driven row; keep out of master catalogues.
quote-1113,1113,stage:lock-up,category:external-cladding,subcategory:labour,BLOCKLAYER - LABOUR,EACH,,BRICKLAYER'S LABOUR,estimating-item,estimating:external-cladding:labour:blocklayer-labour,false,,quote-1113,,derived-runtime,estimating:external-cladding:labour:blocklayer-labour,,existing-derived-estimating-row,"Labour, plant, service, fee, or construction resource candidate."
quote-1114,1114,stage:lock-up,category:external-cladding,subcategory:labour,PIERS,LM,,BRICKLAYER'S LABOUR,assembly,assembly:external-cladding:labour:piers,false,,quote-1114,,derived-runtime,assembly:external-cladding:labour:piers,,requires-assembly-model,Product/resource bundle; needs assembly template rather than single catalogue row.
quote-1115,1115,stage:base,category:external-cladding,subcategory:labour,CONCRETE PUMP,ITEM,,BRICKLAYER'S LABOUR,assembly,assembly:external-cladding:labour:concrete-pump,false,,quote-1115,,derived-runtime,assembly:external-cladding:labour:concrete-pump,,requires-assembly-model,Product/resource bundle; needs assembly template rather than single catalogue row.
quote-1116,1116,stage:lock-up,category:external-cladding,subcategory:labour,CORE FILLING BLOCKWORK,EACH,,BRICKLAYER'S LABOUR,assembly,assembly:external-cladding:labour:core-filling-blockwork,false,,quote-1116,,derived-runtime,assembly:external-cladding:labour:core-filling-blockwork,,requires-assembly-model,Product/resource bundle; needs assembly template rather than single catalogue row.
quote-1120,1120,stage:unassigned,category:external-cladding,subcategory:item,ITEM,UNIT,QTY,RENDERING,informational,,false,,,,rule,,,not-a-catalogue-record,Repeated imported column header row; not a catalogue record.
quote-1122,1122,stage:unassigned,category:external-cladding,subcategory:render-quoted-price,RENDER QUOTED PRICE,QUOTE,,RENDERING,estimating-item,estimating:external-cladding:render-quoted-price:render-quoted-price,false,,quote-1122,,derived-runtime,estimating:external-cladding:render-quoted-price:render-quoted-price,,existing-derived-estimating-row,"Labour, plant, service, fee, or construction resource candidate."
quote-1126,1126,stage:unassigned,category:external-cladding,subcategory:add-extra-area-for-piers-etc,ADD EXTRA AREA FOR PIERS ETC,M3,,RENDERING,unresolved,,false,,,,unresolved,,ambiguous labour/material item,requires-review,"No reliable product, trade, category, or formula signal."
quote-1127,1127,stage:unassigned,category:external-cladding,subcategory:add-for-sills,ADD FOR SILLS,LM,,RENDERING,formula,,false,,,,rule,,,not-a-catalogue-record,Formula-driven row; keep out of master catalogues.
quote-1141,1141,stage:lock-up,category:external-cladding,subcategory:labour,INSTALL SANDCOAT SYSTEM OVER BRICK,M2,,RENDERER'S LABOUR,estimating-item,estimating:external-cladding:labour:install-sandcoat-system-over-brick,false,,quote-1141,,derived-runtime,estimating:external-cladding:labour:install-sandcoat-system-over-brick,,existing-derived-estimating-row,"Labour, plant, service, fee, or construction resource candidate."
quote-1142,1142,stage:unassigned,category:external-cladding,subcategory:labour,INSTALL SANDCOAT SYSTEM OVER FOAM,M2,,RENDERER'S LABOUR,estimating-item,estimating:external-cladding:labour:install-sandcoat-system-over-foam,false,,quote-1142,,derived-runtime,estimating:external-cladding:labour:install-sandcoat-system-over-foam,,existing-derived-estimating-row,"Labour, plant, service, fee, or construction resource candidate."
quote-1143,1143,stage:lock-up,category:external-cladding,subcategory:labour,INSTALL SPONGE FINISH OVER BRICK,M2,,RENDERER'S LABOUR,estimating-item,estimating:external-cladding:labour:install-sponge-finish-over-brick,false,,quote-1143,,derived-runtime,estimating:external-cladding:labour:install-sponge-finish-over-brick,,existing-derived-estimating-row,"Labour, plant, service, fee, or construction resource candidate."
quote-1144,1144,stage:unassigned,category:external-cladding,subcategory:labour,INSTALL ARMOURCOAT,M2,,RENDERER'S LABOUR,estimating-item,estimating:external-cladding:labour:install-armourcoat,false,,quote-1144,,derived-runtime,estimating:external-cladding:labour:install-armourcoat,,existing-derived-estimating-row,"Labour, plant, service, fee, or construction resource candidate."
quote-1145,1145,stage:unassigned,category:external-cladding,subcategory:labour,INSTALL SPONGE FINISH OVER BLUEBOARD,M2,,RENDERER'S LABOUR,estimating-item,estimating:external-cladding:labour:install-sponge-finish-over-blueboard,false,,quote-1145,,derived-runtime,estimating:external-cladding:labour:install-sponge-finish-over-blueboard,,existing-derived-estimating-row,"Labour, plant, service, fee, or construction resource candidate."
quote-1146,1146,stage:unassigned,category:external-cladding,subcategory:labour,INSTALL Q/RENDER BASE COAT,M2,,RENDERER'S LABOUR,estimating-item,estimating:external-cladding:labour:install-q-render-base-coat,false,,quote-1146,,derived-runtime,estimating:external-cladding:labour:install-q-render-base-coat,,existing-derived-estimating-row,"Labour, plant, service, fee, or construction resource candidate."
quote-1147,1147,stage:unassigned,category:external-cladding,subcategory:labour,APPLY SANDCOAT PRIMER,M2,,RENDERER'S LABOUR,estimating-item,estimating:external-cladding:labour:apply-sandcoat-primer,false,,quote-1147,,derived-runtime,estimating:external-cladding:labour:apply-sandcoat-primer,,existing-derived-estimating-row,"Labour, plant, service, fee, or construction resource candidate."
quote-1148,1148,stage:unassigned,category:external-cladding,subcategory:labour,APPLY SANDCOAT TOP COAT,M2,,RENDERER'S LABOUR,estimating-item,estimating:external-cladding:labour:apply-sandcoat-top-coat,false,,quote-1148,,derived-runtime,estimating:external-cladding:labour:apply-sandcoat-top-coat,,existing-derived-estimating-row,"Labour, plant, service, fee, or construction resource candidate."
quote-1149,1149,stage:unassigned,category:external-cladding,subcategory:labour,APPLY CLEARCOAT OVER SANDCOAT RENDER,M2,,RENDERER'S LABOUR,estimating-item,estimating:external-cladding:labour:apply-clearcoat-over-sandcoat-render,false,,quote-1149,,derived-runtime,estimating:external-cladding:labour:apply-clearcoat-over-sandcoat-render,,existing-derived-estimating-row,"Labour, plant, service, fee, or construction resource candidate."
quote-1150,1150,stage:unassigned,category:external-cladding,subcategory:labour,APPLY BEADS AND SET JOINS ON BLUEBOARD,M2,,RENDERER'S LABOUR,estimating-item,estimating:external-cladding:labour:apply-beads-and-set-joins-on-blueboard,false,,quote-1150,,derived-runtime,estimating:external-cladding:labour:apply-beads-and-set-joins-on-blueboard,,existing-derived-estimating-row,"Labour, plant, service, fee, or construction resource candidate."
quote-1151,1151,stage:unassigned,category:external-cladding,subcategory:labour,SPONGE FINISH POLYMER ON BLUEBOARD,M2,,RENDERER'S LABOUR,estimating-item,estimating:external-cladding:labour:sponge-finish-polymer-on-blueboard,false,,quote-1151,,derived-runtime,estimating:external-cladding:labour:sponge-finish-polymer-on-blueboard,,existing-derived-estimating-row,"Labour, plant, service, fee, or construction resource candidate."
quote-1152,1152,stage:lock-up,category:external-cladding,subcategory:labour,BASE COAT & MESH TO FOAM CLADDING,M2,,RENDERER'S LABOUR,assembly,assembly:external-cladding:labour:base-coat-and-mesh-to-foam-cladding,false,,quote-1152,,derived-runtime,assembly:external-cladding:labour:base-coat-and-mesh-to-foam-cladding,,requires-assembly-model,Product/resource bundle; needs assembly template rather than single catalogue row.
quote-1153,1153,stage:lock-up,category:external-cladding,subcategory:labour,SPONGE FINISH FOAM CLADDING,M2,,RENDERER'S LABOUR,assembly,assembly:external-cladding:labour:sponge-finish-foam-cladding,false,,quote-1153,,derived-runtime,assembly:external-cladding:labour:sponge-finish-foam-cladding,,requires-assembly-model,Product/resource bundle; needs assembly template rather than single catalogue row.
quote-1154,1154,stage:unassigned,category:external-cladding,subcategory:labour,APPLY ARMOURCOAT,M2,,RENDERER'S LABOUR,estimating-item,estimating:external-cladding:labour:apply-armourcoat,false,,quote-1154,,derived-runtime,estimating:external-cladding:labour:apply-armourcoat,,existing-derived-estimating-row,"Labour, plant, service, fee, or construction resource candidate."
quote-1157,1157,stage:lock-up,category:external-cladding,subcategory:lineal-blockwork,LINEAL BLOCKWORK,LM,,MISC RENDERING,product,product:external-cladding:lineal-blockwork:lineal-blockwork,true,,,,rule,product:external-cladding:lineal-blockwork:lineal-blockwork,,missing-product-library-candidate,Physical product/material candidate.
quote-1158,1158,stage:unassigned,category:external-cladding,subcategory:render-blueboard,RENDER BLUEBOARD,M2,,MISC RENDERING,unresolved,,false,,,,unresolved,,legacy row,requires-review,"No reliable product, trade, category, or formula signal."
quote-1159,1159,stage:unassigned,category:external-cladding,subcategory:bag-rendering,BAG RENDERING,LM,,MISC RENDERING,unresolved,,false,,,,unresolved,,legacy row,requires-review,"No reliable product, trade, category, or formula signal."
quote-1160,1160,stage:lock-up,category:external-cladding,subcategory:render-brickwork,RENDER BRICKWORK,M2,-,MISC RENDERING,product,product:external-cladding:render-brickwork:render-brickwork,true,,,,rule,product:external-cladding:render-brickwork:render-brickwork,,missing-product-library-candidate,Physical product/material candidate.
quote-1161,1161,stage:lock-up,category:external-cladding,subcategory:lineal-brickwork,LINEAL BRICKWORK,LM,-,MISC RENDERING,product,product:external-cladding:lineal-brickwork:lineal-brickwork,true,,,,rule,product:external-cladding:lineal-brickwork:lineal-brickwork,,missing-product-library-candidate,Physical product/material candidate.
quote-1162,1162,stage:unassigned,category:external-cladding,subcategory:render-exin-panel,RENDER EXIN PANEL,M2,,MISC RENDERING,unresolved,,false,,,,unresolved,,legacy row,requires-review,"No reliable product, trade, category, or formula signal."
quote-1163,1163,stage:unassigned,category:external-cladding,subcategory:exin-set-joins-only,EXIN - SET JOINS ONLY,LM,,MISC RENDERING,unresolved,,false,,,,unresolved,,legacy row,requires-review,"No reliable product, trade, category, or formula signal."
quote-1164,1164,stage:unassigned,category:external-cladding,subcategory:lineal-exin-panel,LINEAL EXIN PANEL,LM,,MISC RENDERING,unresolved,,false,,,,unresolved,,legacy row,requires-review,"No reliable product, trade, category, or formula signal."
quote-1165,1165,stage:unassigned,category:external-cladding,subcategory:hourly-rate,HOURLY RATE,HR,,MISC RENDERING,unresolved,,false,,,,unresolved,,legacy row,requires-review,"No reliable product, trade, category, or formula signal."
quote-30010,30010,stage:unassigned,category:insulation,subcategory:r-1-5-batts-to-ceilings,R 1.5 Batts to Ceilings,M2,,INSULATION,estimating-item,estimating:insulation:r-1-5-batts-to-ceilings:r-1-5-batts-to-ceilings,false,,quote-30010,,derived-runtime,estimating:insulation:r-1-5-batts-to-ceilings:r-1-5-batts-to-ceilings,,existing-derived-estimating-row,"Labour, plant, service, fee, or construction resource candidate."
quote-30011,30011,stage:unassigned,category:insulation,subcategory:r-2-5-batts-to-ceilings,R 2.5 Batts to Ceilings,M2,,INSULATION,estimating-item,estimating:insulation:r-2-5-batts-to-ceilings:r-2-5-batts-to-ceilings,false,,quote-30011,,derived-runtime,estimating:insulation:r-2-5-batts-to-ceilings:r-2-5-batts-to-ceilings,,existing-derived-estimating-row,"Labour, plant, service, fee, or construction resource candidate."
quote-30012,30012,stage:unassigned,category:insulation,subcategory:r4-8-batts-to-ceilings,R4.8 Batts to Ceilings,M2,,INSULATION,estimating-item,estimating:insulation:r4-8-batts-to-ceilings:r4-8-batts-to-ceilings,false,,quote-30012,,derived-runtime,estimating:insulation:r4-8-batts-to-ceilings:r4-8-batts-to-ceilings,,existing-derived-estimating-row,"Labour, plant, service, fee, or construction resource candidate."
quote-30013,30013,stage:unassigned,category:insulation,subcategory:r-1-5-batts-to-walls,R 1.5 Batts to Walls,M2,,INSULATION,estimating-item,estimating:insulation:r-1-5-batts-to-walls:r-1-5-batts-to-walls,false,,quote-30013,,derived-runtime,estimating:insulation:r-1-5-batts-to-walls:r-1-5-batts-to-walls,,existing-derived-estimating-row,"Labour, plant, service, fee, or construction resource candidate."
quote-30014,30014,stage:unassigned,category:insulation,subcategory:r-2-5-batts-to-walls,R 2.5 Batts to Walls,M2,,INSULATION,estimating-item,estimating:insulation:r-2-5-batts-to-walls:r-2-5-batts-to-walls,false,,quote-30014,,derived-runtime,estimating:insulation:r-2-5-batts-to-walls:r-2-5-batts-to-walls,,existing-derived-estimating-row,"Labour, plant, service, fee, or construction resource candidate."
quote-30015,30015,stage:unassigned,category:insulation,subcategory:sisalation-60m-roll,Sisalation 60m Roll,ROLL,,INSULATION,estimating-item,estimating:insulation:sisalation-60m-roll:sisalation-60m-roll,false,,quote-30015,,derived-runtime,estimating:insulation:sisalation-60m-roll:sisalation-60m-roll,,existing-derived-estimating-row,"Labour, plant, service, fee, or construction resource candidate."
quote-30016,30016,stage:unassigned,category:insulation,subcategory:breather-sialation-60m-roll,Breather Sialation 60m Roll,ROLL,,INSULATION,estimating-item,estimating:insulation:breather-sialation-60m-roll:breather-sialation-60m-roll,false,,quote-30016,,derived-runtime,estimating:insulation:breather-sialation-60m-roll:breather-sialation-60m-roll,,existing-derived-estimating-row,"Labour, plant, service, fee, or construction resource candidate."
quote-30017,30017,stage:unassigned,category:insulation,subcategory:labour,Sialation Installed price,M2,,INSULATION,estimating-item,estimating:insulation:labour:sialation-installed-price,false,,quote-30017,,derived-runtime,estimating:insulation:labour:sialation-installed-price,,existing-derived-estimating-row,"Labour, plant, service, fee, or construction resource candidate."
quote-30018,30018,stage:unassigned,category:insulation,subcategory:labour,Breather Sisaltion Installed Price,M2,,INSULATION,estimating-item,estimating:insulation:labour:breather-sisaltion-installed-price,false,,quote-30018,,derived-runtime,estimating:insulation:labour:breather-sisaltion-installed-price,,existing-derived-estimating-row,"Labour, plant, service, fee, or construction resource candidate."
quote-30025,30025,stage:unassigned,category:insulation,subcategory:labour,Sialation Installed price - Ground Level,M2,,INSULATION,estimating-item,estimating:insulation:labour:sialation-installed-price-ground-level,false,,quote-30025,,derived-runtime,estimating:insulation:labour:sialation-installed-price-ground-level,,existing-derived-estimating-row,"Labour, plant, service, fee, or construction resource candidate."
quote-30026,30026,stage:unassigned,category:insulation,subcategory:labour,Sialation Installed price - Second Level,M2,,INSULATION,estimating-item,estimating:insulation:labour:sialation-installed-price-second-level,false,,quote-30026,,derived-runtime,estimating:insulation:labour:sialation-installed-price-second-level,,existing-derived-estimating-row,"Labour, plant, service, fee, or construction resource candidate."
quote-30027,30027,stage:unassigned,category:insulation,subcategory:labour,Sialation Installed price - Third Level,M2,,INSULATION,estimating-item,estimating:insulation:labour:sialation-installed-price-third-level,false,,quote-30027,,derived-runtime,estimating:insulation:labour:sialation-installed-price-third-level,,existing-derived-estimating-row,"Labour, plant, service, fee, or construction resource candidate."
quote-30028,30028,stage:unassigned,category:insulation,subcategory:labour,Breather Sisaltion Installed Price - Ground Level,M2,,INSULATION,estimating-item,estimating:insulation:labour:breather-sisaltion-installed-price-ground-level,false,,quote-30028,,derived-runtime,estimating:insulation:labour:breather-sisaltion-installed-price-ground-level,,existing-derived-estimating-row,"Labour, plant, service, fee, or construction resource candidate."
quote-30029,30029,stage:unassigned,category:insulation,subcategory:labour,Breather Sisaltion Installed Price - Second Level,M2,,INSULATION,estimating-item,estimating:insulation:labour:breather-sisaltion-installed-price-second-level,false,,quote-30029,,derived-runtime,estimating:insulation:labour:breather-sisaltion-installed-price-second-level,,existing-derived-estimating-row,"Labour, plant, service, fee, or construction resource candidate."
quote-30030,30030,stage:unassigned,category:insulation,subcategory:labour,Breather Sisaltion Installed Price - Third Level,M2,,INSULATION,estimating-item,estimating:insulation:labour:breather-sisaltion-installed-price-third-level,false,,quote-30030,,derived-runtime,estimating:insulation:labour:breather-sisaltion-installed-price-third-level,,existing-derived-estimating-row,"Labour, plant, service, fee, or construction resource candidate."
quote-30031,30031,stage:unassigned,category:insulation,subcategory:labour,Install Wall Batts - Ground Level,M2,,INSULATION,estimating-item,estimating:insulation:labour:install-wall-batts-ground-level,false,,quote-30031,,derived-runtime,estimating:insulation:labour:install-wall-batts-ground-level,,existing-derived-estimating-row,"Labour, plant, service, fee, or construction resource candidate."
quote-30032,30032,stage:unassigned,category:insulation,subcategory:labour,Install Wall Batts - Second Level,M2,,INSULATION,estimating-item,estimating:insulation:labour:install-wall-batts-second-level,false,,quote-30032,,derived-runtime,estimating:insulation:labour:install-wall-batts-second-level,,existing-derived-estimating-row,"Labour, plant, service, fee, or construction resource candidate."
quote-30033,30033,stage:unassigned,category:insulation,subcategory:labour,Install Wall Batts - Third Level,M2,,INSULATION,estimating-item,estimating:insulation:labour:install-wall-batts-third-level,false,,quote-30033,,derived-runtime,estimating:insulation:labour:install-wall-batts-third-level,,existing-derived-estimating-row,"Labour, plant, service, fee, or construction resource candidate."
quote-1168,1168,stage:unassigned,category:insulation,subcategory:item,ITEM,UNIT,QTY,INSULATION,informational,,false,,,,rule,,,not-a-catalogue-record,Repeated imported column header row; not a catalogue record.
quote-1170,1170,stage:unassigned,category:insulation,subcategory:insulation-quote,INSULATION QUOTE,QUOTE,,INSULATION,formula,,false,,,,rule,,,not-a-catalogue-record,Formula-driven row; keep out of master catalogues.
quote-1172,1172,stage:unassigned,category:insulation,subcategory:r1-5-insulco-fat-batts-9-0m2-bag,R1.5 INSULCO FAT BATTS (9.0m2 Bag),BAG,,INSULATION,estimating-item,estimating:insulation:r1-5-insulco-fat-batts-9-0m2-bag:r1-5-insulco-fat-batts-9-0m2-bag,false,,quote-1172,,derived-runtime,estimating:insulation:r1-5-insulco-fat-batts-9-0m2-bag:r1-5-insulco-fat-batts-9-0m2-bag,,existing-derived-estimating-row,"Labour, plant, service, fee, or construction resource candidate."
quote-1173,1173,stage:unassigned,category:insulation,subcategory:sisalation-med-weight-60m,SISALATION - MED WEIGHT - 60m,ROLL,,INSULATION,estimating-item,estimating:insulation:sisalation-med-weight-60m:sisalation-med-weight-60m,false,,quote-1173,,derived-runtime,estimating:insulation:sisalation-med-weight-60m:sisalation-med-weight-60m,,existing-derived-estimating-row,"Labour, plant, service, fee, or construction resource candidate."
quote-1174,1174,stage:unassigned,category:insulation,subcategory:delivery,DELIVERY,ITEM,,INSULATION,estimating-item,estimating:insulation:delivery:delivery,false,,quote-1174,,derived-runtime,estimating:insulation:delivery:delivery,,existing-derived-estimating-row,"Labour, plant, service, fee, or construction resource candidate."
quote-1178,1178,stage:fix-out,category:plumbing-fixtures,subcategory:item,ITEM,UNIT,QTY,PLUMBING,informational,,false,,,,rule,,,not-a-catalogue-record,Repeated imported column header row; not a catalogue record.
quote-1180,1180,stage:fix-out,category:plumbing-fixtures,subcategory:plumbing-and-drainage-quote,PLUMBING & DRAINAGE - QUOTE,ITEM,,PLUMBING,informational,,false,,,,rule,,,not-a-catalogue-record,Informational or confirmation-only row.
quote-1181,1181,stage:fix-out,category:plumbing-fixtures,subcategory:general-plumbing,GENERAL PLUMBING,POINT,,PLUMBING,estimating-item,estimating:plumbing-fixtures:general-plumbing:general-plumbing,false,,quote-1181,,derived-runtime,estimating:plumbing-fixtures:general-plumbing:general-plumbing,,existing-derived-estimating-row,"Labour, plant, service, fee, or construction resource candidate."
quote-1182,1182,stage:fix-out,category:plumbing-fixtures,subcategory:toilets,TOILET,ITEM,,PLUMBING,assembly,assembly:plumbing-fixtures:toilets:toilet,false,,quote-1182,,derived-runtime,assembly:plumbing-fixtures:toilets:toilet,,requires-assembly-model,Product/resource bundle; needs assembly template rather than single catalogue row.
quote-1183,1183,stage:fix-out,category:plumbing-fixtures,subcategory:showers,SHOWER,ITEM,,PLUMBING,assembly,assembly:plumbing-fixtures:showers:shower,false,,quote-1183,,derived-runtime,assembly:plumbing-fixtures:showers:shower,,requires-assembly-model,Product/resource bundle; needs assembly template rather than single catalogue row.
quote-1184,1184,stage:fix-out,category:plumbing-fixtures,subcategory:basins,BASIN,ITEM,,PLUMBING,assembly,assembly:plumbing-fixtures:basins:basin,false,,quote-1184,,derived-runtime,assembly:plumbing-fixtures:basins:basin,,requires-assembly-model,Product/resource bundle; needs assembly template rather than single catalogue row.
quote-1185,1185,stage:fix-out,category:plumbing-fixtures,subcategory:kitchen-sink,KITCHEN SINK,ITEM,,PLUMBING,assembly,assembly:plumbing-fixtures:kitchen-sink:kitchen-sink,false,,quote-1185,,derived-runtime,assembly:plumbing-fixtures:kitchen-sink:kitchen-sink,,requires-assembly-model,Product/resource bundle; needs assembly template rather than single catalogue row.
quote-1186,1186,stage:fix-out,category:plumbing-fixtures,subcategory:baths,BATH,ITEM,,PLUMBING,assembly,assembly:plumbing-fixtures:baths:bath,false,,quote-1186,,derived-runtime,assembly:plumbing-fixtures:baths:bath,,requires-assembly-model,Product/resource bundle; needs assembly template rather than single catalogue row.
quote-1187,1187,stage:fix-out,category:plumbing-fixtures,subcategory:laundry-trough,LAUNDRY TROUGH,ITEM,,PLUMBING,estimating-item,estimating:plumbing-fixtures:laundry-trough:laundry-trough,false,,quote-1187,,derived-runtime,estimating:plumbing-fixtures:laundry-trough:laundry-trough,,existing-derived-estimating-row,"Labour, plant, service, fee, or construction resource candidate."
quote-1188,1188,stage:fix-out,category:plumbing-fixtures,subcategory:gas-hws,GAS HWS,ITEM,,PLUMBING,estimating-item,estimating:plumbing-fixtures:gas-hws:gas-hws,false,,quote-1188,,derived-runtime,estimating:plumbing-fixtures:gas-hws:gas-hws,,existing-derived-estimating-row,"Labour, plant, service, fee, or construction resource candidate."
quote-1189,1189,stage:fix-out,category:plumbing-fixtures,subcategory:washing-machine,WASHING MACHINE,ITEM,,PLUMBING,estimating-item,estimating:plumbing-fixtures:washing-machine:washing-machine,false,,quote-1189,,derived-runtime,estimating:plumbing-fixtures:washing-machine:washing-machine,,existing-derived-estimating-row,"Labour, plant, service, fee, or construction resource candidate."
quote-1190,1190,stage:fix-out,category:plumbing-fixtures,subcategory:tapware,GARDEN TAPS,ITEM,,PLUMBING,assembly,assembly:plumbing-fixtures:tapware:garden-taps,false,,quote-1190,,derived-runtime,assembly:plumbing-fixtures:tapware:garden-taps,,requires-assembly-model,Product/resource bundle; needs assembly template rather than single catalogue row.
quote-1191,1191,stage:fix-out,category:plumbing-fixtures,subcategory:down-pipes,DOWN PIPES,ITEM,,PLUMBING,estimating-item,estimating:plumbing-fixtures:down-pipes:down-pipes,false,,quote-1191,,derived-runtime,estimating:plumbing-fixtures:down-pipes:down-pipes,,existing-derived-estimating-row,"Labour, plant, service, fee, or construction resource candidate."
quote-1192,1192,stage:fix-out,category:plumbing-fixtures,subcategory:pressure-and-temper-valves,PRESSURE & TEMPER VALVES,ITEM,,PLUMBING,estimating-item,estimating:plumbing-fixtures:pressure-and-temper-valves:pressure-and-temper-valves,false,,quote-1192,,derived-runtime,estimating:plumbing-fixtures:pressure-and-temper-valves:pressure-and-temper-valves,,existing-derived-estimating-row,"Labour, plant, service, fee, or construction resource candidate."
quote-1193,1193,stage:fix-out,category:plumbing-fixtures,subcategory:2-storey-downpipes,2 STOREY DOWNPIPES,ITEM,,PLUMBING,assembly,assembly:plumbing-fixtures:2-storey-downpipes:2-storey-downpipes,false,,quote-1193,,derived-runtime,assembly:plumbing-fixtures:2-storey-downpipes:2-storey-downpipes,,requires-assembly-model,Product/resource bundle; needs assembly template rather than single catalogue row.
quote-1194,1194,stage:fix-out,category:plumbing-fixtures,subcategory:stackwork-drainage,STACKWORK DRAINAGE,ITEM,,PLUMBING,informational,,false,,,,rule,,,not-a-catalogue-record,Informational or confirmation-only row.
quote-1195,1195,stage:fix-out,category:plumbing-fixtures,subcategory:stormwater-drainage-allowance,STORMWATER DRAINAGE ALLOWANCE,ITEM,,PLUMBING,allowance,allowance:plumbing-fixtures:stormwater-drainage-allowance:stormwater-drainage-allowance,false,,quote-1195,,derived-runtime,estimating:plumbing-fixtures:stormwater-drainage-allowance:stormwater-drainage-allowance,,requires-review,Allowance or provisional row; not an actual product model.
quote-1196,1196,stage:fix-out,category:plumbing-fixtures,subcategory:sewerage-drainage-allowance,SEWERAGE DRAINAGE ALLOWANCE,ITEM,,PLUMBING,allowance,allowance:plumbing-fixtures:sewerage-drainage-allowance:sewerage-drainage-allowance,false,,quote-1196,,derived-runtime,estimating:plumbing-fixtures:sewerage-drainage-allowance:sewerage-drainage-allowance,,requires-review,Allowance or provisional row; not an actual product model.
quote-1200,1200,stage:fix-out,category:electrical,subcategory:item,ITEM,UNIT,QTY,ELECTRICAL,informational,,false,,,,rule,,,not-a-catalogue-record,Repeated imported column header row; not a catalogue record.
quote-1202,1202,stage:fix-out,category:electrical,subcategory:electrical,ELECTRICAL,QUOTE,,ELECTRICAL,formula,,false,,,,rule,,,not-a-catalogue-record,Formula-driven row; keep out of master catalogues.
quote-1203,1203,stage:fix-out,category:electrical,subcategory:provision-for-telstra-cable-to-house,provision for telstra cable to house,ITEM,,ELECTRICAL,estimating-item,estimating:electrical:provision-for-telstra-cable-to-house:provision-for-telstra-cable-to-house,false,,quote-1203,,derived-runtime,estimating:electrical:provision-for-telstra-cable-to-house:provision-for-telstra-cable-to-house,,existing-derived-estimating-row,"Labour, plant, service, fee, or construction resource candidate."
quote-1204,1204,stage:fix-out,category:electrical,subcategory:light-fittings,ADDITIONAL LIGHT POINT ONLY,ITEM,,ELECTRICAL,informational,,false,,,,rule,,,not-a-catalogue-record,Informational or confirmation-only row.
quote-1205,1205,stage:fix-out,category:electrical,subcategory:light-fittings,INSTALL LIGHT FITTINGS,EACH,,ELECTRICAL,estimating-item,estimating:electrical:light-fittings:install-light-fittings,false,,quote-1205,,derived-runtime,estimating:electrical:light-fittings:install-light-fittings,,existing-derived-estimating-row,"Labour, plant, service, fee, or construction resource candidate."
quote-1206,1206,stage:fix-out,category:electrical,subcategory:two-way-switch,TWO WAY SWITCH,ITEM,,ELECTRICAL,estimating-item,estimating:electrical:two-way-switch:two-way-switch,false,,quote-1206,,derived-runtime,estimating:electrical:two-way-switch:two-way-switch,,existing-derived-estimating-row,"Labour, plant, service, fee, or construction resource candidate."
quote-1207,1207,stage:fix-out,category:electrical,subcategory:dimmer-switch,DIMMER SWITCH,ITEM,,ELECTRICAL,estimating-item,estimating:electrical:dimmer-switch:dimmer-switch,false,,quote-1207,,derived-runtime,estimating:electrical:dimmer-switch:dimmer-switch,,existing-derived-estimating-row,"Labour, plant, service, fee, or construction resource candidate."
quote-1208,1208,stage:fix-out,category:electrical,subcategory:single-power-point,SINGLE POWER POINT,ITEM,,ELECTRICAL,estimating-item,estimating:electrical:single-power-point:single-power-point,false,,quote-1208,,derived-runtime,estimating:electrical:single-power-point:single-power-point,,existing-derived-estimating-row,"Labour, plant, service, fee, or construction resource candidate."
quote-1209,1209,stage:fix-out,category:electrical,subcategory:double-power-point,DOUBLE POWER POINT,ITEM,,ELECTRICAL,estimating-item,estimating:electrical:double-power-point:double-power-point,false,,quote-1209,,derived-runtime,estimating:electrical:double-power-point:double-power-point,,existing-derived-estimating-row,"Labour, plant, service, fee, or construction resource candidate."
quote-1210,1210,stage:lock-up,category:electrical,subcategory:double-weatherproof-power-point,DOUBLE WEATHERPROOF POWER POINT,ITEM,,ELECTRICAL,estimating-item,estimating:electrical:double-weatherproof-power-point:double-weatherproof-power-point,false,,quote-1210,,derived-runtime,estimating:electrical:double-weatherproof-power-point:double-weatherproof-power-point,,existing-derived-estimating-row,"Labour, plant, service, fee, or construction resource candidate."
quote-1211,1211,stage:fix-out,category:electrical,subcategory:rangehoods,RANGE HOOD INC FITTING OF SLIDE OUT UNIT,ITEM,,ELECTRICAL,assembly,assembly:electrical:rangehoods:range-hood-inc-fitting-of-slide-out-unit,false,,quote-1211,,derived-runtime,assembly:electrical:rangehoods:range-hood-inc-fitting-of-slide-out-unit,,requires-assembly-model,Product/resource bundle; needs assembly template rather than single catalogue row.
quote-1212,1212,stage:fix-out,category:electrical,subcategory:rangehoods,RANGE HOOD INC FITTING OF CANOPY HOOD,ITEM,,ELECTRICAL,assembly,assembly:electrical:rangehoods:range-hood-inc-fitting-of-canopy-hood,false,,quote-1212,,derived-runtime,assembly:electrical:rangehoods:range-hood-inc-fitting-of-canopy-hood,,requires-assembly-model,Product/resource bundle; needs assembly template rather than single catalogue row.
quote-1213,1213,stage:fix-out,category:electrical,subcategory:garbage-disposal-unit,GARBAGE DISPOSAL UNIT,ITEM,,ELECTRICAL,estimating-item,estimating:electrical:garbage-disposal-unit:garbage-disposal-unit,false,,quote-1213,,derived-runtime,estimating:electrical:garbage-disposal-unit:garbage-disposal-unit,,existing-derived-estimating-row,"Labour, plant, service, fee, or construction resource candidate."
quote-1214,1214,stage:fix-out,category:electrical,subcategory:tv-point-to-ceiling-only,TV POINT TO CEILING ONLY,ITEM,,ELECTRICAL,estimating-item,estimating:electrical:tv-point-to-ceiling-only:tv-point-to-ceiling-only,false,,quote-1214,,derived-runtime,estimating:electrical:tv-point-to-ceiling-only:tv-point-to-ceiling-only,,existing-derived-estimating-row,"Labour, plant, service, fee, or construction resource candidate."
quote-1215,1215,stage:fix-out,category:electrical,subcategory:telephone-point,TELEPHONE POINT,ITEM,,ELECTRICAL,estimating-item,estimating:electrical:telephone-point:telephone-point,false,,quote-1215,,derived-runtime,estimating:electrical:telephone-point:telephone-point,,existing-derived-estimating-row,"Labour, plant, service, fee, or construction resource candidate."
quote-1216,1216,stage:fix-out,category:electrical,subcategory:labour,EXHAUST FAN AND INSTALL,ITEM,,ELECTRICAL,assembly,assembly:electrical:labour:exhaust-fan-and-install,false,,quote-1216,,derived-runtime,assembly:electrical:labour:exhaust-fan-and-install,,requires-assembly-model,Product/resource bundle; needs assembly template rather than single catalogue row.
quote-1217,1217,stage:fix-out,category:electrical,subcategory:mechanical-ventilation,MECHANICAL VENTILATION,ITEM,,ELECTRICAL,estimating-item,estimating:electrical:mechanical-ventilation:mechanical-ventilation,false,,quote-1217,,derived-runtime,estimating:electrical:mechanical-ventilation:mechanical-ventilation,,existing-derived-estimating-row,"Labour, plant, service, fee, or construction resource candidate."
quote-1218,1218,stage:fix-out,category:electrical,subcategory:labour,CEILING FAN AND INSTALL,ITEM,,ELECTRICAL,assembly,assembly:electrical:labour:ceiling-fan-and-install,false,,quote-1218,,derived-runtime,assembly:electrical:labour:ceiling-fan-and-install,,requires-assembly-model,Product/resource bundle; needs assembly template rather than single catalogue row.
quote-1219,1219,stage:fix-out,category:electrical,subcategory:light-fittings,CEILING FAN AND LIGHT AND INSTALL,ITEM,,ELECTRICAL,assembly,assembly:electrical:light-fittings:ceiling-fan-and-light-and-install,false,,quote-1219,,derived-runtime,assembly:electrical:light-fittings:ceiling-fan-and-light-and-install,,requires-assembly-model,Product/resource bundle; needs assembly template rather than single catalogue row.
quote-1220,1220,stage:fix-out,category:electrical,subcategory:light-fittings,HEAT FAN & LIGHT - WIRE AND INSTALL,ITEM,,ELECTRICAL,assembly,assembly:electrical:light-fittings:heat-fan-and-light-wire-and-install,false,,quote-1220,,derived-runtime,assembly:electrical:light-fittings:heat-fan-and-light-wire-and-install,,requires-assembly-model,Product/resource bundle; needs assembly template rather than single catalogue row.
quote-1221,1221,stage:fix-out,category:electrical,subcategory:electric-smoke-detector,ELECTRIC SMOKE DETECTOR,ITEM,,ELECTRICAL,estimating-item,estimating:electrical:electric-smoke-detector:electric-smoke-detector,false,,quote-1221,,derived-runtime,estimating:electrical:electric-smoke-detector:electric-smoke-detector,,existing-derived-estimating-row,"Labour, plant, service, fee, or construction resource candidate."
quote-1222,1222,stage:fix-out,category:electrical,subcategory:20-amp-circuit,20 AMP CIRCUIT,ITEM,,ELECTRICAL,estimating-item,estimating:electrical:20-amp-circuit:20-amp-circuit,false,,quote-1222,,derived-runtime,estimating:electrical:20-amp-circuit:20-amp-circuit,,existing-derived-estimating-row,"Labour, plant, service, fee, or construction resource candidate."
quote-1223,1223,stage:fix-out,category:appliances,subcategory:built-in-ovens,WALL OVEN,ITEM,,ELECTRICAL,assembly,assembly:appliances:built-in-ovens:wall-oven,false,,quote-1223,,derived-runtime,assembly:appliances:built-in-ovens:wall-oven,,requires-assembly-model,Product/resource bundle; needs assembly template rather than single catalogue row.
quote-1224,1224,stage:fix-out,category:electrical,subcategory:cooktops,HOT PLATE,ITEM,,ELECTRICAL,assembly,assembly:electrical:cooktops:hot-plate,false,,quote-1224,,derived-runtime,assembly:electrical:cooktops:hot-plate,,requires-assembly-model,Product/resource bundle; needs assembly template rather than single catalogue row.
quote-1225,1225,stage:fix-out,category:appliances,subcategory:built-in-ovens,OVEN & HOT PLATE,ITEM,,ELECTRICAL,assembly,assembly:appliances:built-in-ovens:oven-and-hot-plate,false,,quote-1225,,derived-runtime,assembly:appliances:built-in-ovens:oven-and-hot-plate,,requires-assembly-model,Product/resource bundle; needs assembly template rather than single catalogue row.
quote-1226,1226,stage:fix-out,category:electrical,subcategory:switch-board,SWITCH BOARD,ITEM,,ELECTRICAL,estimating-item,estimating:electrical:switch-board:switch-board,false,,quote-1226,,derived-runtime,estimating:electrical:switch-board:switch-board,,existing-derived-estimating-row,"Labour, plant, service, fee, or construction resource candidate."
quote-1227,1227,stage:fix-out,category:electrical,subcategory:underground-mains,UNDERGROUND MAINS,LM,,ELECTRICAL,estimating-item,estimating:electrical:underground-mains:underground-mains,false,,quote-1227,,derived-runtime,estimating:electrical:underground-mains:underground-mains,,existing-derived-estimating-row,"Labour, plant, service, fee, or construction resource candidate."
quote-1228,1228,stage:fix-out,category:electrical,subcategory:o-head-mains-inc-riser-and-box,O/HEAD MAINS INC RISER & BOX,ITEM,,ELECTRICAL,estimating-item,estimating:electrical:o-head-mains-inc-riser-and-box:o-head-mains-inc-riser-and-box,false,,quote-1228,,derived-runtime,estimating:electrical:o-head-mains-inc-riser-and-box:o-head-mains-inc-riser-and-box,,existing-derived-estimating-row,"Labour, plant, service, fee, or construction resource candidate."
quote-1229,1229,stage:fix-out,category:electrical,subcategory:hotwater,HOTWATER,ITEM,,ELECTRICAL,estimating-item,estimating:electrical:hotwater:hotwater,false,,quote-1229,,derived-runtime,estimating:electrical:hotwater:hotwater,,existing-derived-estimating-row,"Labour, plant, service, fee, or construction resource candidate."
quote-1230,1230,stage:fix-out,category:electrical,subcategory:solar-hot-water-system,SOLAR HOT WATER SYSTEM,ITEM,,ELECTRICAL,estimating-item,estimating:electrical:solar-hot-water-system:solar-hot-water-system,false,,quote-1230,,derived-runtime,estimating:electrical:solar-hot-water-system:solar-hot-water-system,,existing-derived-estimating-row,"Labour, plant, service, fee, or construction resource candidate."
quote-1231,1231,stage:fix-out,category:electrical,subcategory:24-pole-internal-sub-board,24 POLE INTERNAL SUB BOARD,ITEM,,ELECTRICAL,informational,,false,,,,rule,,,not-a-catalogue-record,Informational or confirmation-only row.
quote-1232,1232,stage:fix-out,category:electrical,subcategory:single-phase-sub-main-with-tarrif,SINGLE PHASE SUB MAIN WITH TARRIF,LM,,ELECTRICAL,estimating-item,estimating:electrical:single-phase-sub-main-with-tarrif:single-phase-sub-main-with-tarrif,false,,quote-1232,,derived-runtime,estimating:electrical:single-phase-sub-main-with-tarrif:single-phase-sub-main-with-tarrif,,existing-derived-estimating-row,"Labour, plant, service, fee, or construction resource candidate."
quote-1233,1233,stage:preliminaries,category:electrical,subcategory:statutory-fees,TESTING FEE,ITEM,,ELECTRICAL,estimating-item,estimating:electrical:statutory-fees:testing-fee,false,,quote-1233,,derived-runtime,estimating:electrical:statutory-fees:testing-fee,,existing-derived-estimating-row,"Labour, plant, service, fee, or construction resource candidate."
quote-1234,1234,stage:fix-out,category:electrical,subcategory:upright-stove,UPRIGHT STOVE,ITEM,,ELECTRICAL,estimating-item,estimating:electrical:upright-stove:upright-stove,false,,quote-1234,,derived-runtime,estimating:electrical:upright-stove:upright-stove,,existing-derived-estimating-row,"Labour, plant, service, fee, or construction resource candidate."
quote-1235,1235,stage:fix-out,category:electrical,subcategory:disconnect-and-re-hash-electrical,DISCONNECT & RE-HASH ELECTRICAL,ITEM,,ELECTRICAL,estimating-item,estimating:electrical:disconnect-and-re-hash-electrical:disconnect-and-re-hash-electrical,false,,quote-1235,,derived-runtime,estimating:electrical:disconnect-and-re-hash-electrical:disconnect-and-re-hash-electrical,,existing-derived-estimating-row,"Labour, plant, service, fee, or construction resource candidate."
quote-1236,1236,stage:lock-up,category:electrical,subcategory:pantry-door-switch,PANTRY DOOR SWITCH,ITEM,,ELECTRICAL,assembly,assembly:electrical:pantry-door-switch:pantry-door-switch,false,,quote-1236,,derived-runtime,assembly:electrical:pantry-door-switch:pantry-door-switch,,requires-assembly-model,Product/resource bundle; needs assembly template rather than single catalogue row.
quote-1237,1237,stage:fix-out,category:electrical,subcategory:underground-sub-mains,UNDERGROUND SUB-MAINS,LM,,ELECTRICAL,estimating-item,estimating:electrical:underground-sub-mains:underground-sub-mains,false,,quote-1237,,derived-runtime,estimating:electrical:underground-sub-mains:underground-sub-mains,,existing-derived-estimating-row,"Labour, plant, service, fee, or construction resource candidate."
quote-1238,1238,stage:fix-out,category:electrical,subcategory:power-to-electric-gate,POWER TO ELECTRIC GATE,ITEM,,ELECTRICAL,estimating-item,estimating:electrical:power-to-electric-gate:power-to-electric-gate,false,,quote-1238,,derived-runtime,estimating:electrical:power-to-electric-gate:power-to-electric-gate,,existing-derived-estimating-row,"Labour, plant, service, fee, or construction resource candidate."
quote-1239,1239,stage:fix-out,category:electrical,subcategory:20-amp-air-conditioner-inc-isolator,20 AMP AIR CONDITIONER INC ISOLATOR,ITEM,,ELECTRICAL,estimating-item,estimating:electrical:20-amp-air-conditioner-inc-isolator:20-amp-air-conditioner-inc-isolator,false,,quote-1239,,derived-runtime,estimating:electrical:20-amp-air-conditioner-inc-isolator:20-amp-air-conditioner-inc-isolator,,existing-derived-estimating-row,"Labour, plant, service, fee, or construction resource candidate."
quote-1240,1240,stage:fix-out,category:electrical,subcategory:light-fittings,LIGHT SENSOR,ITEM,,ELECTRICAL,estimating-item,estimating:electrical:light-fittings:light-sensor,false,,quote-1240,,derived-runtime,estimating:electrical:light-fittings:light-sensor,,existing-derived-estimating-row,"Labour, plant, service, fee, or construction resource candidate."
quote-1241,1241,stage:fix-out,category:electrical,subcategory:speaker-point,SPEAKER POINT,ITEM,,ELECTRICAL,estimating-item,estimating:electrical:speaker-point:speaker-point,false,,quote-1241,,derived-runtime,estimating:electrical:speaker-point:speaker-point,,existing-derived-estimating-row,"Labour, plant, service, fee, or construction resource candidate."
quote-1242,1242,stage:fix-out,category:electrical,subcategory:intercom-system-2-hand-set,INTERCOM SYSTEM - 2 HAND SET,ITEM,,ELECTRICAL,estimating-item,estimating:electrical:intercom-system-2-hand-set:intercom-system-2-hand-set,false,,quote-1242,,derived-runtime,estimating:electrical:intercom-system-2-hand-set:intercom-system-2-hand-set,,existing-derived-estimating-row,"Labour, plant, service, fee, or construction resource candidate."
quote-1243,1243,stage:fix-out,category:electrical,subcategory:security-system,SECURITY SYSTEM,ITEM,,ELECTRICAL,estimating-item,estimating:electrical:security-system:security-system,false,,quote-1243,,derived-runtime,estimating:electrical:security-system:security-system,,existing-derived-estimating-row,"Labour, plant, service, fee, or construction resource candidate."
quote-1244,1244,stage:lock-up,category:electrical,subcategory:door-chime,DOOR CHIME,ITEM,,ELECTRICAL,assembly,assembly:electrical:door-chime:door-chime,false,,quote-1244,,derived-runtime,assembly:electrical:door-chime:door-chime,,requires-assembly-model,Product/resource bundle; needs assembly template rather than single catalogue row.
quote-1245,1245,stage:fix-out,category:electrical,subcategory:electrical-extras-allowance,ELECTRICAL EXTRAS ALLOWANCE,ITEM,,ELECTRICAL,allowance,allowance:electrical:electrical-extras-allowance:electrical-extras-allowance,false,,quote-1245,,derived-runtime,estimating:electrical:electrical-extras-allowance:electrical-extras-allowance,,requires-review,Allowance or provisional row; not an actual product model.
quote-1248,1248,stage:fix-out,category:plasterer,subcategory:item,ITEM,UNIT,QTY,PLASTERER,informational,,false,,,,rule,,,not-a-catalogue-record,Repeated imported column header row; not a catalogue record.
quote-1250,1250,stage:fix-out,category:plasterer,subcategory:plasterer,PLASTERER,QUOTE,,PLASTERER,estimating-item,estimating:plasterer:plasterer:plasterer,false,,quote-1250,,derived-runtime,estimating:plasterer:plasterer:plasterer,,existing-derived-estimating-row,"Labour, plant, service, fee, or construction resource candidate."
quote-1251,1251,stage:fix-out,category:plasterer,subcategory:provision-for-ceilings,provision for ceilings,allowance,,PLASTERER,formula,,false,,,,rule,,,not-a-catalogue-record,Formula-driven row; keep out of master catalogues.
quote-1269,1269,stage:fix-out,category:plasterer-supply-and-install,subcategory:labour,GYPROCK SUPPLY & FIX - EXTERIOR WALLS,M2,,PLASTERER - SUPPLY AND INSTALL,estimating-item,estimating:plasterer-supply-and-install:labour:gyprock-supply-and-fix-exterior-walls,false,,quote-1269,,derived-runtime,estimating:plasterer-supply-and-install:labour:gyprock-supply-and-fix-exterior-walls,,existing-derived-estimating-row,"Labour, plant, service, fee, or construction resource candidate."
quote-1270,1270,stage:fix-out,category:plasterer-supply-and-install,subcategory:labour,GYPROCK SUPPLY & FIX - INTERNAL WALLS,M2,,PLASTERER - SUPPLY AND INSTALL,informational,,false,,,,rule,,,not-a-catalogue-record,Informational or confirmation-only row.
quote-1271,1271,stage:fix-out,category:plasterer-supply-and-install,subcategory:labour,GYPROCK SUPPLY & FIX - CEILINGS,M2,,PLASTERER - SUPPLY AND INSTALL,estimating-item,estimating:plasterer-supply-and-install:labour:gyprock-supply-and-fix-ceilings,false,,quote-1271,,derived-runtime,estimating:plasterer-supply-and-install:labour:gyprock-supply-and-fix-ceilings,,existing-derived-estimating-row,"Labour, plant, service, fee, or construction resource candidate."
quote-1272,1272,stage:fix-out,category:plasterer-supply-and-install,subcategory:labour,GYPROCK SUPPLY & FIX - OTHER,M2,,PLASTERER - SUPPLY AND INSTALL,estimating-item,estimating:plasterer-supply-and-install:labour:gyprock-supply-and-fix-other,false,,quote-1272,,derived-runtime,estimating:plasterer-supply-and-install:labour:gyprock-supply-and-fix-other,,existing-derived-estimating-row,"Labour, plant, service, fee, or construction resource candidate."
quote-1275,1275,stage:fix-out,category:plastering-extras,subcategory:provision-for-raised-ceilings,PROVISION FOR RAISED CEILINGS,M2,,PLASTERING EXTRAS,estimating-item,estimating:plastering-extras:provision-for-raised-ceilings:provision-for-raised-ceilings,false,,quote-1275,,derived-runtime,estimating:plastering-extras:provision-for-raised-ceilings:provision-for-raised-ceilings,,existing-derived-estimating-row,"Labour, plant, service, fee, or construction resource candidate."
quote-1276,1276,stage:fix-out,category:plastering-extras,subcategory:plant-hire,PROVISION FOR VOID CEILINGS WITH SCAFFOLD,ITEM,,PLASTERING EXTRAS,estimating-item,estimating:plastering-extras:plant-hire:provision-for-void-ceilings-with-scaffold,false,,quote-1276,,derived-runtime,estimating:plastering-extras:plant-hire:provision-for-void-ceilings-with-scaffold,,existing-derived-estimating-row,"Labour, plant, service, fee, or construction resource candidate."
quote-1277,1277,stage:external,category:plastering-extras,subcategory:external-corners,EXTERNAL CORNERS,EACH,,PLASTERING EXTRAS,informational,,false,,,,rule,,,not-a-catalogue-record,Informational or confirmation-only row.
quote-1278,1278,stage:fix-out,category:plastering-extras,subcategory:internal-corners,INTERNAL CORNERS,EACH,,PLASTERING EXTRAS,informational,,false,,,,rule,,,not-a-catalogue-record,Informational or confirmation-only row.
quote-1279,1279,stage:fix-out,category:plastering-extras,subcategory:55mm-cove-cornice,55mm COVE CORNICE,LM,,PLASTERING EXTRAS,formula,,false,,,,rule,,,not-a-catalogue-record,Formula-driven row; keep out of master catalogues.
quote-1280,1280,stage:fix-out,category:plastering-extras,subcategory:90mm-cove-cornice,90mm COVE CORNICE,LM,,PLASTERING EXTRAS,formula,,false,,,,rule,,,not-a-catalogue-record,Formula-driven row; keep out of master catalogues.
quote-1281,1281,stage:fix-out,category:plastering-extras,subcategory:square-set-ceilings,SQUARE SET CEILINGS,LM,,PLASTERING EXTRAS,estimating-item,estimating:plastering-extras:square-set-ceilings:square-set-ceilings,false,,quote-1281,,derived-runtime,estimating:plastering-extras:square-set-ceilings:square-set-ceilings,,existing-derived-estimating-row,"Labour, plant, service, fee, or construction resource candidate."
quote-1282,1282,stage:fix-out,category:plastering-extras,subcategory:coffered-ceilings,COFFERED CEILINGS,LM,,PLASTERING EXTRAS,estimating-item,estimating:plastering-extras:coffered-ceilings:coffered-ceilings,false,,quote-1282,,derived-runtime,estimating:plastering-extras:coffered-ceilings:coffered-ceilings,,existing-derived-estimating-row,"Labour, plant, service, fee, or construction resource candidate."
quote-1283,1283,stage:fix-out,category:plastering-extras,subcategory:plant-hire,BOOST-IT HIRE,ITEM,,PLASTERING EXTRAS,estimating-item,estimating:plastering-extras:plant-hire:boost-it-hire,false,,quote-1283,,derived-runtime,estimating:plastering-extras:plant-hire:boost-it-hire,,existing-derived-estimating-row,"Labour, plant, service, fee, or construction resource candidate."
quote-1287,1287,stage:unassigned,category:stairs,subcategory:item,ITEM,UNIT,QTY,STAIRS,informational,,false,,,,rule,,,not-a-catalogue-record,Repeated imported column header row; not a catalogue record.
quote-1289,1289,stage:unassigned,category:stairs,subcategory:stairs,STAIRS,QUOTE,,STAIRS,unresolved,,false,,,,unresolved,,ambiguous labour/material item,requires-review,"No reliable product, trade, category, or formula signal."
quote-1290,1290,stage:unassigned,category:stairs,subcategory:stair-void-balustrade,STAIR/VOID BALUSTRADE,QUOTE,,STAIRS,formula,,false,,,,rule,,,not-a-catalogue-record,Formula-driven row; keep out of master catalogues.
quote-1291,1291,stage:unassigned,category:stairs,subcategory:front-balcony-glass-balustrade,FRONT BALCONY GLASS BALUSTRADE,QUOTE,,STAIRS,formula,,false,,,,rule,,,not-a-catalogue-record,Formula-driven row; keep out of master catalogues.
quote-1292,1292,stage:unassigned,category:stairs,subcategory:sand-and-polish-stairs,SAND AND POLISH STAIRS,ITEM,,STAIRS,unresolved,,false,,,,unresolved,,genuinely unresolved,requires-review,"No reliable product, trade, category, or formula signal."
quote-1293,1293,stage:unassigned,category:stairs,subcategory:mono-stringer-stair-stringers,MONO STRINGER STAIR STRINGERS,ITEM,,STAIRS,unresolved,,false,,,,unresolved,,genuinely unresolved,requires-review,"No reliable product, trade, category, or formula signal."
quote-1294,1294,stage:unassigned,category:stairs,subcategory:stair-landing,STAIR LANDING,ITEM,,STAIRS,unresolved,,false,,,,unresolved,,genuinely unresolved,requires-review,"No reliable product, trade, category, or formula signal."
quote-1295,1295,stage:unassigned,category:stairs,subcategory:dressed-timber-stair-treads,DRESSED TIMBER STAIR TREADS,ITEM,,STAIRS,unresolved,,false,,,,unresolved,,genuinely unresolved,requires-review,"No reliable product, trade, category, or formula signal."
quote-1296,1296,stage:unassigned,category:stairs,subcategory:1m-balustrade,1M BALUSTRADE,ITEM,,STAIRS,unresolved,,false,,,,unresolved,,ambiguous product,requires-review,"No reliable product, trade, category, or formula signal."
quote-1297,1297,stage:unassigned,category:stairs,subcategory:2-5m-balustrade,2.5M BALUSTRADE,ITEM,,STAIRS,unresolved,,false,,,,unresolved,,genuinely unresolved,requires-review,"No reliable product, trade, category, or formula signal."
quote-1298,1298,stage:unassigned,category:stairs,subcategory:5m-balustrade,5M BALUSTRADE,ITEM,,STAIRS,unresolved,,false,,,,unresolved,,ambiguous product,requires-review,"No reliable product, trade, category, or formula signal."
quote-1299,1299,stage:unassigned,category:stairs,subcategory:6-5m-balustrade,6.5M BALUSTRADE,ITEM,-,STAIRS,unresolved,,false,,,,unresolved,,genuinely unresolved,requires-review,"No reliable product, trade, category, or formula signal."
quote-1300,1300,stage:unassigned,category:stairs,subcategory:10m-balustrade,10M BALUSTRADE,ITEM,,STAIRS,unresolved,,false,,,,unresolved,,ambiguous product,requires-review,"No reliable product, trade, category, or formula signal."
quote-1301,1301,stage:unassigned,category:stairs,subcategory:15m-balustrade,15M BALUSTRADE,ITEM,,STAIRS,unresolved,,false,,,,unresolved,,ambiguous product,requires-review,"No reliable product, trade, category, or formula signal."
quote-1302,1302,stage:unassigned,category:stairs,subcategory:handrails,HANDRAILS,LM,,STAIRS,unresolved,,false,,,,unresolved,,ambiguous labour/material item,requires-review,"No reliable product, trade, category, or formula signal."
quote-1306,1306,stage:unassigned,category:fixout,subcategory:item,ITEM,UNIT,QTY,FIXOUT,informational,,false,,,,rule,,,not-a-catalogue-record,Repeated imported column header row; not a catalogue record.
quote-1309,1309,stage:lock-up,category:windows-doors,subcategory:flush-internal-doors,FLUSH INTERNAL DOORS,EACH,,INTERNAL DOOR COMPLETE,formula,,false,,,,rule,,,not-a-catalogue-record,Formula-driven row; keep out of master catalogues.
quote-1310,1310,stage:lock-up,category:windows-doors,subcategory:door-jamb,DOOR JAMB,EACH,-,INTERNAL DOOR COMPLETE,formula,,false,,,,rule,,,not-a-catalogue-record,Formula-driven row; keep out of master catalogues.
quote-1311,1311,stage:lock-up,category:windows-doors,subcategory:hinges,HINGES,EACH,-,INTERNAL DOOR COMPLETE,formula,,false,,,,rule,,,not-a-catalogue-record,Formula-driven row; keep out of master catalogues.
quote-1312,1312,stage:lock-up,category:windows-doors,subcategory:door-furniture,DOOR FURNITURE,EACH,-,INTERNAL DOOR COMPLETE,formula,,false,,,,rule,,,not-a-catalogue-record,Formula-driven row; keep out of master catalogues.
quote-1313,1313,stage:lock-up,category:windows-doors,subcategory:architraves,ARCHITRAVES,EACH,-,INTERNAL DOOR COMPLETE,formula,,false,,,,rule,,,not-a-catalogue-record,Formula-driven row; keep out of master catalogues.
quote-1314,1314,stage:lock-up,category:windows-doors,subcategory:add-for-privacy-lock,ADD FOR PRIVACY LOCK,EACH,,INTERNAL DOOR COMPLETE,formula,,false,,,,rule,,,not-a-catalogue-record,Formula-driven row; keep out of master catalogues.
quote-1315,1315,stage:lock-up,category:windows-doors,subcategory:total-for-internal-hinge-doors,TOTAL FOR INTERNAL HINGE DOORS,,,INTERNAL DOOR COMPLETE,formula,,false,,,,rule,,,not-a-catalogue-record,Subtotal/total/section row; not a catalogue record.
quote-1318,1318,stage:lock-up,category:windows-doors,subcategory:flush-internal-doors,FLUSH INTERNAL DOORS,EACH,-,INTERNAL CAVITY SLIDING DOOR COMPLETE,formula,,false,,,,rule,,,not-a-catalogue-record,Formula-driven row; keep out of master catalogues.
quote-1319,1319,stage:lock-up,category:windows-doors,subcategory:cavity-door-cage,CAVITY DOOR CAGE,EACH,-,INTERNAL CAVITY SLIDING DOOR COMPLETE,formula,,false,,,,rule,,,not-a-catalogue-record,Formula-driven row; keep out of master catalogues.
quote-1320,1320,stage:lock-up,category:windows-doors,subcategory:door-furniture,DOOR FURNITURE,EACH,-,INTERNAL CAVITY SLIDING DOOR COMPLETE,formula,,false,,,,rule,,,not-a-catalogue-record,Formula-driven row; keep out of master catalogues.
quote-1321,1321,stage:lock-up,category:windows-doors,subcategory:architraves,ARCHITRAVES,EACH,-,INTERNAL CAVITY SLIDING DOOR COMPLETE,formula,,false,,,,rule,,,not-a-catalogue-record,Formula-driven row; keep out of master catalogues.
quote-1322,1322,stage:lock-up,category:windows-doors,subcategory:add-for-privacy-lock,ADD FOR PRIVACY LOCK,EACH,,INTERNAL CAVITY SLIDING DOOR COMPLETE,formula,,false,,,,rule,,,not-a-catalogue-record,Formula-driven row; keep out of master catalogues.
quote-1323,1323,stage:lock-up,category:windows-doors,subcategory:total-for-internal-cavity-doors,TOTAL FOR INTERNAL CAVITY DOORS,,,INTERNAL CAVITY SLIDING DOOR COMPLETE,formula,,false,,,,rule,,,not-a-catalogue-record,Subtotal/total/section row; not a catalogue record.
quote-1328,1328,stage:lock-up,category:windows-doors,subcategory:redicoat-internal-doors-2040-high,REDICOAT INTERNAL DOORS 2040 HIGH,EACH,,INTERNAL DOORS,informational,,false,,,,rule,,,not-a-catalogue-record,Informational or confirmation-only row.
quote-1329,1329,stage:lock-up,category:windows-doors,subcategory:redicoat-internal-doors-2040-high,REDICOAT INTERNAL DOORS 2040 HIGH,EACH,,INTERNAL DOORS,informational,,false,,,,rule,,,not-a-catalogue-record,Informational or confirmation-only row.
quote-1330,1330,stage:lock-up,category:windows-doors,subcategory:redicoat-internal-doors-2340-high,REDICOAT INTERNAL DOORS 2340 HIGH,EACH,,INTERNAL DOORS,informational,,false,,,,rule,,,not-a-catalogue-record,Informational or confirmation-only row.
quote-1331,1331,stage:lock-up,category:windows-doors,subcategory:hume-hag-9-11-2040-high,"HUME (HAG 9, 11) 2040 HIGH",EACH,,INTERNAL DOORS,informational,,false,,,,rule,,,not-a-catalogue-record,Informational or confirmation-only row.
quote-1332,1332,stage:lock-up,category:windows-doors,subcategory:hume-hag-9-11-2340-high,"HUME (HAG 9, 11) 2340 HIGH",EACH,,INTERNAL DOORS,informational,,false,,,,rule,,,not-a-catalogue-record,Informational or confirmation-only row.
quote-1333,1333,stage:lock-up,category:windows-doors,subcategory:hume-oakfield-caprice-2040-high,"HUME OAKFIELD, CAPRICE 2040 HIGH",EACH,,INTERNAL DOORS,informational,,false,,,,rule,,,not-a-catalogue-record,Informational or confirmation-only row.
quote-1334,1334,stage:lock-up,category:windows-doors,subcategory:hume-sorento-sor1-5-2040-high,"HUME SORENTO (SOR1, 5) 2040 HIGH",EACH,,INTERNAL DOORS,informational,,false,,,,rule,,,not-a-catalogue-record,Informational or confirmation-only row.
quote-1338,1338,stage:frame,category:electrical,subcategory:light-fittings,1 LIGHT TIMBER FRAME WITH OBSCURE GLASS,EACH,,SPECIALS,estimating-item,estimating:electrical:light-fittings:1-light-timber-frame-with-obscure-glass,false,,quote-1338,,derived-runtime,estimating:electrical:light-fittings:1-light-timber-frame-with-obscure-glass,,existing-derived-estimating-row,"Labour, plant, service, fee, or construction resource candidate."
quote-1356,1356,stage:unassigned,category:skirting-and-architraves,subcategory:42-x-11-fj-pine-architraves,42 x 11 FJ PINE ARCHITRAVES,LM,,SKIRTING & ARCHITRAVES,estimating-item,estimating:skirting-and-architraves:42-x-11-fj-pine-architraves:42-x-11-fj-pine-architraves,false,,quote-1356,,derived-runtime,estimating:skirting-and-architraves:42-x-11-fj-pine-architraves:42-x-11-fj-pine-architraves,,existing-derived-estimating-row,"Labour, plant, service, fee, or construction resource candidate."
quote-1357,1357,stage:lock-up,category:windows-doors,subcategory:42-x-11-fj-pine-internal-door-archs,42 x 11 FJ PINE INTERNAL DOOR ARCHS,EACH,-,SKIRTING & ARCHITRAVES,formula,,false,,,,rule,,,not-a-catalogue-record,Formula-driven row; keep out of master catalogues.
quote-1358,1358,stage:lock-up,category:windows-doors,subcategory:42-x-11-fj-pine-internal-double-door-archs,42 x 11 FJ PINE INTERNAL DOUBLE DOOR ARCHS,EACH,,SKIRTING & ARCHITRAVES,formula,,false,,,,rule,,,not-a-catalogue-record,Formula-driven row; keep out of master catalogues.
quote-1359,1359,stage:lock-up,category:windows-doors,subcategory:42-x-11-fj-pine-external-door-archs,42 x 11 FJ PINE EXTERNAL DOOR ARCHS,EACH,,SKIRTING & ARCHITRAVES,formula,,false,,,,rule,,,not-a-catalogue-record,Formula-driven row; keep out of master catalogues.
quote-1360,1360,stage:lock-up,category:windows-doors,subcategory:42-x-11-fj-pine-external-double-door-archs,42 x 11 FJ PINE EXTERNAL DOUBLE DOOR ARCHS,EACH,,SKIRTING & ARCHITRAVES,formula,,false,,,,rule,,,not-a-catalogue-record,Formula-driven row; keep out of master catalogues.
quote-1361,1361,stage:lock-up,category:windows-doors,subcategory:42-x-11-fj-pine-window-archs,42 x 11 FJ PINE WINDOW ARCHS,EACH,-,SKIRTING & ARCHITRAVES,formula,,false,,,,rule,,,not-a-catalogue-record,Formula-driven row; keep out of master catalogues.
quote-1362,1362,stage:unassigned,category:windows-doors,subcategory:42-x-11-fj-pine-robe-archs,42 x 11 FJ PINE ROBE ARCHS,EACH,-,SKIRTING & ARCHITRAVES,formula,,false,,,,rule,,,not-a-catalogue-record,Formula-driven row; keep out of master catalogues.
quote-1363,1363,stage:unassigned,category:skirting-and-architraves,subcategory:65-x-11-fj-pine-skirting-boards,65 x 11 FJ PINE SKIRTING BOARDS,LM,-,SKIRTING & ARCHITRAVES,formula,,false,,,,rule,,,not-a-catalogue-record,Formula-driven row; keep out of master catalogues.
quote-1366,1366,stage:unassigned,category:cabinetry,subcategory:shelving,LINEN SHELVING - 4 SHELVES,LM,,SHELVING,unresolved,,false,,,,unresolved,,ambiguous labour/material item,requires-review,"No reliable product, trade, category, or formula signal."
quote-1367,1367,stage:unassigned,category:cabinetry,subcategory:shelving,ROBE SHELVING - 1 SHELF & RAIL,LM,,SHELVING,product,product:cabinetry:shelving:robe-shelving-1-shelf-and-rail,true,,,,rule,product:cabinetry:shelving:robe-shelving-1-shelf-and-rail,,missing-product-library-candidate,Physical product/material candidate.
quote-1368,1368,stage:unassigned,category:cabinetry,subcategory:shelving,ROBE - 1 FULL SHELF & RAIL & BANK OF SHELVES,EACH,,SHELVING,product,product:cabinetry:shelving:robe-1-full-shelf-and-rail-and-bank-of-shelves,true,,,,rule,product:cabinetry:shelving:robe-1-full-shelf-and-rail-and-bank-of-shelves,,missing-product-library-candidate,Physical product/material candidate.
quote-1369,1369,stage:unassigned,category:cabinetry,subcategory:shelving,BANK OF SHELVES,EACH,,SHELVING,unresolved,,false,,,,unresolved,,ambiguous labour/material item,requires-review,"No reliable product, trade, category, or formula signal."
quote-1372,1372,stage:unassigned,category:windows-doors,subcategory:jamb,JAMB,EACH,-,STANDARD WARDROBES COMPLETE (2.4M WIDE),formula,,false,,,,rule,,,not-a-catalogue-record,Formula-driven row; keep out of master catalogues.
quote-1373,1373,stage:unassigned,category:windows-doors,subcategory:architraves,ARCHITRAVES,EACH,-,STANDARD WARDROBES COMPLETE (2.4M WIDE),formula,,false,,,,rule,,,not-a-catalogue-record,Formula-driven row; keep out of master catalogues.
quote-1374,1374,stage:unassigned,category:windows-doors,subcategory:shelving,1 SHELF @ 1700 WITH HANGING RAIL,EACH,-,STANDARD WARDROBES COMPLETE (2.4M WIDE),formula,,false,,,,rule,,,not-a-catalogue-record,Formula-driven row; keep out of master catalogues.
quote-1375,1375,stage:lock-up,category:windows-doors,subcategory:2-doors-space-saver-mirror-doors,2 DOORS SPACE SAVER MIRROR DOORS,EACH,,STANDARD WARDROBES COMPLETE (2.4M WIDE),formula,,false,,,,rule,,,not-a-catalogue-record,Formula-driven row; keep out of master catalogues.
quote-1376,1376,stage:unassigned,category:windows-doors,subcategory:total-for-robes,TOTAL FOR ROBES,,,STANDARD WARDROBES COMPLETE (2.4M WIDE),formula,,false,,,,rule,,,not-a-catalogue-record,Subtotal/total/section row; not a catalogue record.
quote-1379,1379,stage:unassigned,category:standard-linen-complete-2-4m-wide,subcategory:jamb,JAMB,EACH,-,STANDARD LINEN COMPLETE (2.4M WIDE),formula,,false,,,,rule,,,not-a-catalogue-record,Formula-driven row; keep out of master catalogues.
quote-1380,1380,stage:unassigned,category:standard-linen-complete-2-4m-wide,subcategory:architraves,ARCHITRAVES,EACH,-,STANDARD LINEN COMPLETE (2.4M WIDE),formula,,false,,,,rule,,,not-a-catalogue-record,Formula-driven row; keep out of master catalogues.
quote-1381,1381,stage:unassigned,category:standard-linen-complete-2-4m-wide,subcategory:shelving,1 SHELF @ 1700 WITH HANGING RAIL,EACH,-,STANDARD LINEN COMPLETE (2.4M WIDE),formula,,false,,,,rule,,,not-a-catalogue-record,Formula-driven row; keep out of master catalogues.
quote-1382,1382,stage:lock-up,category:flooring-tiling,subcategory:2-doors-space-saver-vinyl-doors,2 DOORS SPACE SAVER VINYL DOORS,EACH,-,STANDARD LINEN COMPLETE (2.4M WIDE),formula,,false,,,,rule,,,not-a-catalogue-record,Formula-driven row; keep out of master catalogues.
quote-1383,1383,stage:unassigned,category:windows-doors,subcategory:total-for-robes,TOTAL FOR ROBES,,,STANDARD LINEN COMPLETE (2.4M WIDE),formula,,false,,,,rule,,,not-a-catalogue-record,Subtotal/total/section row; not a catalogue record.
quote-1388,1388,stage:lock-up,category:windows-doors,subcategory:gyprock-doors,GYPROCK DOORS,EACH,,1800 WIDE 2 DOOR x 2100 HIGH,assembly,assembly:windows-doors:gyprock-doors:gyprock-doors,false,,quote-1388,,derived-runtime,assembly:windows-doors:gyprock-doors:gyprock-doors,,requires-assembly-model,Product/resource bundle; needs assembly template rather than single catalogue row.
quote-1389,1389,stage:frame,category:flooring-tiling,subcategory:framed-vinyl-sliding-robe-doors,FRAMED VINYL SLIDING ROBE DOORS,EACH,,1800 WIDE 2 DOOR x 2100 HIGH,assembly,assembly:flooring-tiling:framed-vinyl-sliding-robe-doors:framed-vinyl-sliding-robe-doors,false,,quote-1389,,derived-runtime,assembly:flooring-tiling:framed-vinyl-sliding-robe-doors:framed-vinyl-sliding-robe-doors,,requires-assembly-model,Product/resource bundle; needs assembly template rather than single catalogue row.
quote-1390,1390,stage:frame,category:flooring-tiling,subcategory:framed-vinyl-specialty-colours,FRAMED VINYL SPECIALTY COLOURS,EACH,,1800 WIDE 2 DOOR x 2100 HIGH,assembly,assembly:flooring-tiling:framed-vinyl-specialty-colours:framed-vinyl-specialty-colours,false,,quote-1390,,derived-runtime,assembly:flooring-tiling:framed-vinyl-specialty-colours:framed-vinyl-specialty-colours,,requires-assembly-model,Product/resource bundle; needs assembly template rather than single catalogue row.
quote-1391,1391,stage:lock-up,category:windows-doors,subcategory:mirror-doors,MIRROR DOORS,EACH,,1800 WIDE 2 DOOR x 2100 HIGH,product,product:windows-doors:mirror-doors:mirror-doors,true,,,,rule,product:windows-doors:mirror-doors:mirror-doors,,missing-product-library-candidate,Physical product/material candidate.
quote-1392,1392,stage:frame,category:windows-doors,subcategory:frameless-mirror,FRAMELESS MIRROR,EACH,,1800 WIDE 2 DOOR x 2100 HIGH,assembly,assembly:windows-doors:frameless-mirror:frameless-mirror,false,,quote-1392,,derived-runtime,assembly:windows-doors:frameless-mirror:frameless-mirror,,requires-assembly-model,Product/resource bundle; needs assembly template rather than single catalogue row.
quote-1393,1393,stage:lock-up,category:windows-doors,subcategory:superwhite-glass,SUPERWHITE GLASS,EACH,,1800 WIDE 2 DOOR x 2100 HIGH,product,product:windows-doors:superwhite-glass:superwhite-glass,true,,,,rule,product:windows-doors:superwhite-glass:superwhite-glass,,missing-product-library-candidate,Physical product/material candidate.
quote-1394,1394,stage:frame,category:windows-doors,subcategory:frameless-superwhite-glass,FRAMELESS SUPERWHITE GLASS,EACH,,1800 WIDE 2 DOOR x 2100 HIGH,assembly,assembly:windows-doors:frameless-superwhite-glass:frameless-superwhite-glass,false,,quote-1394,,derived-runtime,assembly:windows-doors:frameless-superwhite-glass:frameless-superwhite-glass,,requires-assembly-model,Product/resource bundle; needs assembly template rather than single catalogue row.
quote-1397,1397,stage:lock-up,category:windows-doors,subcategory:gyprock-doors,GYPROCK DOORS,EACH,,3000 WIDE 3 DOOR x 2100 HIGH,assembly,assembly:windows-doors:gyprock-doors:gyprock-doors,false,,quote-1397,,derived-runtime,assembly:windows-doors:gyprock-doors:gyprock-doors,,requires-assembly-model,Product/resource bundle; needs assembly template rather than single catalogue row.
quote-1398,1398,stage:frame,category:flooring-tiling,subcategory:framed-vinyl-sliding-robe-doors,FRAMED VINYL SLIDING ROBE DOORS,EACH,,3000 WIDE 3 DOOR x 2100 HIGH,assembly,assembly:flooring-tiling:framed-vinyl-sliding-robe-doors:framed-vinyl-sliding-robe-doors,false,,quote-1398,,derived-runtime,assembly:flooring-tiling:framed-vinyl-sliding-robe-doors:framed-vinyl-sliding-robe-doors,,requires-assembly-model,Product/resource bundle; needs assembly template rather than single catalogue row.
quote-1399,1399,stage:frame,category:flooring-tiling,subcategory:framed-vinyl-specialty-colours,FRAMED VINYL SPECIALTY COLOURS,EACH,,3000 WIDE 3 DOOR x 2100 HIGH,assembly,assembly:flooring-tiling:framed-vinyl-specialty-colours:framed-vinyl-specialty-colours,false,,quote-1399,,derived-runtime,assembly:flooring-tiling:framed-vinyl-specialty-colours:framed-vinyl-specialty-colours,,requires-assembly-model,Product/resource bundle; needs assembly template rather than single catalogue row.
quote-1400,1400,stage:lock-up,category:windows-doors,subcategory:mirror-doors,MIRROR DOORS,EACH,,3000 WIDE 3 DOOR x 2100 HIGH,product,product:windows-doors:mirror-doors:mirror-doors,true,,,,rule,product:windows-doors:mirror-doors:mirror-doors,,missing-product-library-candidate,Physical product/material candidate.
quote-1401,1401,stage:frame,category:windows-doors,subcategory:frameless-mirror,FRAMELESS MIRROR,EACH,,3000 WIDE 3 DOOR x 2100 HIGH,assembly,assembly:windows-doors:frameless-mirror:frameless-mirror,false,,quote-1401,,derived-runtime,assembly:windows-doors:frameless-mirror:frameless-mirror,,requires-assembly-model,Product/resource bundle; needs assembly template rather than single catalogue row.
quote-1402,1402,stage:lock-up,category:windows-doors,subcategory:superwhite-glass,SUPERWHITE GLASS,EACH,,3000 WIDE 3 DOOR x 2100 HIGH,product,product:windows-doors:superwhite-glass:superwhite-glass,true,,,,rule,product:windows-doors:superwhite-glass:superwhite-glass,,missing-product-library-candidate,Physical product/material candidate.
quote-1403,1403,stage:frame,category:windows-doors,subcategory:frameless-superwhite-glass,FRAMELESS SUPERWHITE GLASS,EACH,,3000 WIDE 3 DOOR x 2100 HIGH,assembly,assembly:windows-doors:frameless-superwhite-glass:frameless-superwhite-glass,false,,quote-1403,,derived-runtime,assembly:windows-doors:frameless-superwhite-glass:frameless-superwhite-glass,,requires-assembly-model,Product/resource bundle; needs assembly template rather than single catalogue row.
quote-1406,1406,stage:lock-up,category:windows-doors,subcategory:gyprock-doors,GYPROCK DOORS,EACH,,1800 WIDE 2 DOOR x 2400 HIGH,assembly,assembly:windows-doors:gyprock-doors:gyprock-doors,false,,quote-1406,,derived-runtime,assembly:windows-doors:gyprock-doors:gyprock-doors,,requires-assembly-model,Product/resource bundle; needs assembly template rather than single catalogue row.
quote-1407,1407,stage:frame,category:flooring-tiling,subcategory:framed-vinyl-sliding-robe-doors,FRAMED VINYL SLIDING ROBE DOORS,EACH,,1800 WIDE 2 DOOR x 2400 HIGH,assembly,assembly:flooring-tiling:framed-vinyl-sliding-robe-doors:framed-vinyl-sliding-robe-doors,false,,quote-1407,,derived-runtime,assembly:flooring-tiling:framed-vinyl-sliding-robe-doors:framed-vinyl-sliding-robe-doors,,requires-assembly-model,Product/resource bundle; needs assembly template rather than single catalogue row.
quote-1408,1408,stage:frame,category:flooring-tiling,subcategory:framed-vinyl-specialty-colours,FRAMED VINYL SPECIALTY COLOURS,EACH,,1800 WIDE 2 DOOR x 2400 HIGH,assembly,assembly:flooring-tiling:framed-vinyl-specialty-colours:framed-vinyl-specialty-colours,false,,quote-1408,,derived-runtime,assembly:flooring-tiling:framed-vinyl-specialty-colours:framed-vinyl-specialty-colours,,requires-assembly-model,Product/resource bundle; needs assembly template rather than single catalogue row.
quote-1409,1409,stage:lock-up,category:windows-doors,subcategory:mirror-doors,MIRROR DOORS,EACH,,1800 WIDE 2 DOOR x 2400 HIGH,product,product:windows-doors:mirror-doors:mirror-doors,true,,,,rule,product:windows-doors:mirror-doors:mirror-doors,,missing-product-library-candidate,Physical product/material candidate.
quote-1410,1410,stage:frame,category:windows-doors,subcategory:frameless-mirror,FRAMELESS MIRROR,EACH,,1800 WIDE 2 DOOR x 2400 HIGH,assembly,assembly:windows-doors:frameless-mirror:frameless-mirror,false,,quote-1410,,derived-runtime,assembly:windows-doors:frameless-mirror:frameless-mirror,,requires-assembly-model,Product/resource bundle; needs assembly template rather than single catalogue row.
quote-1411,1411,stage:lock-up,category:windows-doors,subcategory:superwhite-glass,SUPERWHITE GLASS,EACH,,1800 WIDE 2 DOOR x 2400 HIGH,product,product:windows-doors:superwhite-glass:superwhite-glass,true,,,,rule,product:windows-doors:superwhite-glass:superwhite-glass,,missing-product-library-candidate,Physical product/material candidate.
quote-1412,1412,stage:frame,category:windows-doors,subcategory:frameless-superwhite-glass,FRAMELESS SUPERWHITE GLASS,EACH,,1800 WIDE 2 DOOR x 2400 HIGH,assembly,assembly:windows-doors:frameless-superwhite-glass:frameless-superwhite-glass,false,,quote-1412,,derived-runtime,assembly:windows-doors:frameless-superwhite-glass:frameless-superwhite-glass,,requires-assembly-model,Product/resource bundle; needs assembly template rather than single catalogue row.
quote-1415,1415,stage:lock-up,category:windows-doors,subcategory:gyprock-doors,GYPROCK DOORS,EACH,,3000 WIDE 3 DOOR x 2400 HIGH,assembly,assembly:windows-doors:gyprock-doors:gyprock-doors,false,,quote-1415,,derived-runtime,assembly:windows-doors:gyprock-doors:gyprock-doors,,requires-assembly-model,Product/resource bundle; needs assembly template rather than single catalogue row.
quote-1416,1416,stage:frame,category:flooring-tiling,subcategory:framed-vinyl-sliding-robe-doors,FRAMED VINYL SLIDING ROBE DOORS,EACH,,3000 WIDE 3 DOOR x 2400 HIGH,assembly,assembly:flooring-tiling:framed-vinyl-sliding-robe-doors:framed-vinyl-sliding-robe-doors,false,,quote-1416,,derived-runtime,assembly:flooring-tiling:framed-vinyl-sliding-robe-doors:framed-vinyl-sliding-robe-doors,,requires-assembly-model,Product/resource bundle; needs assembly template rather than single catalogue row.
quote-1417,1417,stage:frame,category:flooring-tiling,subcategory:framed-vinyl-specialty-colours,FRAMED VINYL SPECIALTY COLOURS,EACH,,3000 WIDE 3 DOOR x 2400 HIGH,assembly,assembly:flooring-tiling:framed-vinyl-specialty-colours:framed-vinyl-specialty-colours,false,,quote-1417,,derived-runtime,assembly:flooring-tiling:framed-vinyl-specialty-colours:framed-vinyl-specialty-colours,,requires-assembly-model,Product/resource bundle; needs assembly template rather than single catalogue row.
quote-1418,1418,stage:lock-up,category:windows-doors,subcategory:mirror-doors,MIRROR DOORS,EACH,,3000 WIDE 3 DOOR x 2400 HIGH,product,product:windows-doors:mirror-doors:mirror-doors,true,,,,rule,product:windows-doors:mirror-doors:mirror-doors,,missing-product-library-candidate,Physical product/material candidate.
quote-1419,1419,stage:frame,category:windows-doors,subcategory:frameless-mirror,FRAMELESS MIRROR,EACH,,3000 WIDE 3 DOOR x 2400 HIGH,assembly,assembly:windows-doors:frameless-mirror:frameless-mirror,false,,quote-1419,,derived-runtime,assembly:windows-doors:frameless-mirror:frameless-mirror,,requires-assembly-model,Product/resource bundle; needs assembly template rather than single catalogue row.
quote-1420,1420,stage:lock-up,category:windows-doors,subcategory:superwhite-glass,SUPERWHITE GLASS,EACH,,3000 WIDE 3 DOOR x 2400 HIGH,product,product:windows-doors:superwhite-glass:superwhite-glass,true,,,,rule,product:windows-doors:superwhite-glass:superwhite-glass,,missing-product-library-candidate,Physical product/material candidate.
quote-1421,1421,stage:frame,category:windows-doors,subcategory:frameless-superwhite-glass,FRAMELESS SUPERWHITE GLASS,EACH,,3000 WIDE 3 DOOR x 2400 HIGH,assembly,assembly:windows-doors:frameless-superwhite-glass:frameless-superwhite-glass,false,,quote-1421,,derived-runtime,assembly:windows-doors:frameless-superwhite-glass:frameless-superwhite-glass,,requires-assembly-model,Product/resource bundle; needs assembly template rather than single catalogue row.
quote-1425,1425,stage:fix-out,category:cabinetry,subcategory:cabinet-units-components,ITEM,UNIT,QTY,CABINET MAKER,informational,,false,,,,rule,,,not-a-catalogue-record,Repeated imported column header row; not a catalogue record.
quote-1427,1427,stage:fix-out,category:cabinetry,subcategory:cabinet-units-components,KITCHEN - QUOTE,ITEM,,CABINET MAKER,estimating-item,estimating:cabinetry:cabinet-units-components:kitchen-quote,false,,quote-1427,,derived-runtime,estimating:cabinetry:cabinet-units-components:kitchen-quote,,existing-derived-estimating-row,"Labour, plant, service, fee, or construction resource candidate."
quote-1429,1429,stage:fix-out,category:cabinetry,subcategory:cabinet-units-components,STANDARD KITCHEN TYPE 1,ITEM,,CABINET MAKER,unresolved,,false,,,,unresolved,,genuinely unresolved,requires-review,"No reliable product, trade, category, or formula signal."
quote-1430,1430,stage:fix-out,category:cabinetry,subcategory:cabinet-units-components,UPGRADE TO STONE TOPS,ITEM,,CABINET MAKER,product,product:cabinetry:cabinet-units-components:upgrade-to-stone-tops,true,,,,rule,product:cabinetry:cabinet-units-components:upgrade-to-stone-tops,,missing-product-library-candidate,Physical product/material candidate.
quote-1431,1431,stage:lock-up,category:cabinetry,subcategory:cabinet-units-components,UPGRADE TO 2 PAC DOORS,ITEM,,CABINET MAKER,product,product:cabinetry:cabinet-units-components:upgrade-to-2-pac-doors,true,,,,rule,product:cabinetry:cabinet-units-components:upgrade-to-2-pac-doors,,missing-product-library-candidate,Physical product/material candidate.
quote-1433,1433,stage:fix-out,category:cabinetry,subcategory:cabinet-units-components,STANDARD KITCHEN TYPE 2,ITEM,,CABINET MAKER,unresolved,,false,,,,unresolved,,genuinely unresolved,requires-review,"No reliable product, trade, category, or formula signal."
quote-1434,1434,stage:fix-out,category:cabinetry,subcategory:cabinet-units-components,UPGRADE TO STONE TOPS,ITEM,,CABINET MAKER,product,product:cabinetry:cabinet-units-components:upgrade-to-stone-tops,true,,,,rule,product:cabinetry:cabinet-units-components:upgrade-to-stone-tops,,missing-product-library-candidate,Physical product/material candidate.
quote-1435,1435,stage:lock-up,category:cabinetry,subcategory:cabinet-units-components,UPGRADE TO 2 PAC DOORS,ITEM,,CABINET MAKER,product,product:cabinetry:cabinet-units-components:upgrade-to-2-pac-doors,true,,,,rule,product:cabinetry:cabinet-units-components:upgrade-to-2-pac-doors,,missing-product-library-candidate,Physical product/material candidate.
quote-1437,1437,stage:fix-out,category:cabinetry,subcategory:cabinet-units-components,STANDARD KITCHEN TYPE 3,ITEM,,CABINET MAKER,unresolved,,false,,,,unresolved,,genuinely unresolved,requires-review,"No reliable product, trade, category, or formula signal."
quote-1438,1438,stage:fix-out,category:cabinetry,subcategory:cabinet-units-components,UPGRADE TO STONE TOPS,ITEM,,CABINET MAKER,product,product:cabinetry:cabinet-units-components:upgrade-to-stone-tops,true,,,,rule,product:cabinetry:cabinet-units-components:upgrade-to-stone-tops,,missing-product-library-candidate,Physical product/material candidate.
quote-1439,1439,stage:lock-up,category:cabinetry,subcategory:cabinet-units-components,UPGRADE TO 2 PAC DOORS,ITEM,,CABINET MAKER,product,product:cabinetry:cabinet-units-components:upgrade-to-2-pac-doors,true,,,,rule,product:cabinetry:cabinet-units-components:upgrade-to-2-pac-doors,,missing-product-library-candidate,Physical product/material candidate.
quote-1442,1442,stage:fix-out,category:cabinetry,subcategory:cabinet-units-components,KITCHEN CABINETS - BASE,LM,,MISC CABINETRY,unresolved,,false,,,,unresolved,,legacy row,requires-review,"No reliable product, trade, category, or formula signal."
quote-1443,1443,stage:fix-out,category:cabinetry,subcategory:cabinet-units-components,KITCHEN CABINETS - O/HEADS,LM,,MISC CABINETRY,unresolved,,false,,,,unresolved,,legacy row,requires-review,"No reliable product, trade, category, or formula signal."
quote-1444,1444,stage:fix-out,category:cabinetry,subcategory:cabinet-units-components,KITCHEN TOWER,EACH,,MISC CABINETRY,unresolved,,false,,,,unresolved,,legacy row,requires-review,"No reliable product, trade, category, or formula signal."
quote-1445,1445,stage:fix-out,category:appliances,subcategory:microwaves,MICROWAVE CUPBOARD,EACH,,MISC CABINETRY,product,product:appliances:microwaves:microwave-cupboard,true,,,,rule,product:appliances:microwaves:microwave-cupboard,,missing-product-library-candidate,Physical product/material candidate.
quote-1446,1446,stage:fix-out,category:cabinetry,subcategory:cabinet-units-components,POT DRAWS SET OF 2,EACH,,MISC CABINETRY,unresolved,,false,,,,unresolved,,legacy row,requires-review,"No reliable product, trade, category, or formula signal."
quote-1447,1447,stage:fix-out,category:cabinetry,subcategory:cabinet-units-components,RAISED SERVERY,LM,,MISC CABINETRY,unresolved,,false,,,,unresolved,,legacy row,requires-review,"No reliable product, trade, category, or formula signal."
quote-1448,1448,stage:fix-out,category:cabinetry,subcategory:cabinet-units-components,PANTRY,EACH,,MISC CABINETRY,unresolved,,false,,,,unresolved,,legacy row,requires-review,"No reliable product, trade, category, or formula signal."
quote-1449,1449,stage:fix-out,category:cabinetry,subcategory:cabinet-units-components,VANITY UNITS 900mm WHITE,EACH,,MISC CABINETRY,unresolved,,false,,,,unresolved,,legacy row,requires-review,"No reliable product, trade, category, or formula signal."
quote-1450,1450,stage:fix-out,category:cabinetry,subcategory:cabinet-units-components,VANITY UNITS 900mm COLOUR,EACH,,MISC CABINETRY,unresolved,,false,,,,unresolved,,legacy row,requires-review,"No reliable product, trade, category, or formula signal."
quote-1451,1451,stage:fix-out,category:cabinetry,subcategory:cabinet-units-components,EXTEND VANITY TOP OVER BATH,ITEM,,MISC CABINETRY,product,product:cabinetry:cabinet-units-components:extend-vanity-top-over-bath,true,,,,rule,product:cabinetry:cabinet-units-components:extend-vanity-top-over-bath,,missing-product-library-candidate,Physical product/material candidate.
quote-1452,1452,stage:external,category:cabinetry,subcategory:cabinet-units-components,EXTERNAL SERVERY BENCH,LM,,MISC CABINETRY,informational,,false,,,,rule,,,not-a-catalogue-record,Informational or confirmation-only row.
quote-1453,1453,stage:fix-out,category:cabinetry,subcategory:cabinet-units-components,LAUNDRY BROOM CLOSET 900mm,ITEM,,MISC CABINETRY,unresolved,,false,,,,unresolved,,legacy row,requires-review,"No reliable product, trade, category, or formula signal."
quote-1454,1454,stage:fix-out,category:cabinetry,subcategory:cabinet-units-components,LAUNDRY BENCH,LM,,MISC CABINETRY,unresolved,,false,,,,unresolved,,legacy row,requires-review,"No reliable product, trade, category, or formula signal."
quote-1455,1455,stage:fix-out,category:cabinetry,subcategory:cabinet-units-components,GRANITE BENCHTOPS,M2,,MISC CABINETRY,product,product:cabinetry:cabinet-units-components:granite-benchtops,true,,,,rule,product:cabinetry:cabinet-units-components:granite-benchtops,,missing-product-library-candidate,Physical product/material candidate.
quote-1456,1456,stage:fix-out,category:cabinetry,subcategory:cabinet-units-components,ADD FOR WATERFALL ENDS,EACH,,MISC CABINETRY,unresolved,,false,,,,unresolved,,legacy row,requires-review,"No reliable product, trade, category, or formula signal."
quote-1457,1457,stage:fix-out,category:cabinetry,subcategory:cabinet-units-components,KITCHEN SPLASHBACK,M2,,MISC CABINETRY,unresolved,,false,,,,unresolved,,legacy row,requires-review,"No reliable product, trade, category, or formula signal."
quote-1458,1458,stage:fix-out,category:cabinetry,subcategory:cabinet-units-components,EXTRA FOR CREATEC GLOSS BOARD,ITEM,,MISC CABINETRY,unresolved,,false,,,,unresolved,,legacy row,requires-review,"No reliable product, trade, category, or formula signal."
quote-1462,1462,stage:unassigned,category:whitegoods,subcategory:item,ITEM,UNIT,QTY,WHITEGOODS,informational,,false,,,,rule,,,not-a-catalogue-record,Repeated imported column header row; not a catalogue record.
quote-1465,1465,stage:unassigned,category:arc,subcategory:arc-base-pack,ARC BASE PACK,EACH,,ARC,unresolved,,false,,,,unresolved,,ambiguous labour/material item,requires-review,"No reliable product, trade, category, or formula signal."
quote-1466,1466,stage:unassigned,category:appliances,subcategory:cooktops,CERAN COOKTOP (ICC6GE2),EACH,,ARC,product,product:appliances:cooktops:ceran-cooktop-icc6ge2,true,,,,rule,product:appliances:cooktops:ceran-cooktop-icc6ge2,,missing-product-library-candidate,Physical product/material candidate.
quote-1467,1467,stage:unassigned,category:appliances,subcategory:cooktops,SOLID ELEMENT COOKTOP ACS6SE2,EACH,,ARC,product,product:appliances:cooktops:solid-element-cooktop-acs6se2,true,,,,rule,product:appliances:cooktops:solid-element-cooktop-acs6se2,,missing-product-library-candidate,Physical product/material candidate.
quote-1468,1468,stage:unassigned,category:appliances,subcategory:built-in-ovens,MULTI FUNCTION OVEN (AOS6SE1),EACH,,ARC,product,product:appliances:built-in-ovens:multi-function-oven-aos6se1,true,,,,rule,product:appliances:built-in-ovens:multi-function-oven-aos6se1,,missing-product-library-candidate,Physical product/material candidate.
quote-1469,1469,stage:unassigned,category:arc,subcategory:slideout-recirculating-ranghood-irr6se1,SLIDEOUT RECIRCULATING RANGHOOD (IRR6SE1),EACH,,ARC,unresolved,,false,,,,unresolved,,ambiguous labour/material item,requires-review,"No reliable product, trade, category, or formula signal."
quote-1472,1472,stage:unassigned,category:euromaid,subcategory:euromaid-base-pack,EUROMAID BASE PACK,EACH,,EUROMAID,unresolved,,false,,,,unresolved,,ambiguous labour/material item,requires-review,"No reliable product, trade, category, or formula signal."
quote-1473,1473,stage:unassigned,category:appliances,subcategory:built-in-ovens,EUROMAID MULTIFUNCTION OVEN BS8,EACH,,EUROMAID,product,product:appliances:built-in-ovens:euromaid-multifunction-oven-bs8,true,,,,rule,product:appliances:built-in-ovens:euromaid-multifunction-oven-bs8,,missing-product-library-candidate,Physical product/material candidate.
quote-1474,1474,stage:unassigned,category:appliances,subcategory:cooktops,EUROMAID CERAN COOKTOP KCS4,EACH,,EUROMAID,product,product:appliances:cooktops:euromaid-ceran-cooktop-kcs4,true,,,,rule,product:appliances:cooktops:euromaid-ceran-cooktop-kcs4,,missing-product-library-candidate,Physical product/material candidate.
quote-1475,1475,stage:unassigned,category:appliances,subcategory:cooktops,EUROMAID 600mm GAS COOKTOP WK60s,EACH,,EUROMAID,product,product:appliances:cooktops:euromaid-600mm-gas-cooktop-wk60s,true,,,,rule,product:appliances:cooktops:euromaid-600mm-gas-cooktop-wk60s,,missing-product-library-candidate,Physical product/material candidate.
quote-1476,1476,stage:unassigned,category:appliances,subcategory:rangehoods,EUORMAID GLASS CANOPY RANGEHOOD,EACH,,EUROMAID,product,product:appliances:rangehoods:euormaid-glass-canopy-rangehood,true,,,,rule,product:appliances:rangehoods:euormaid-glass-canopy-rangehood,,missing-product-library-candidate,Physical product/material candidate.
quote-1477,1477,stage:unassigned,category:appliances,subcategory:rangehoods,EUROMAID RECIRULATING RANGEHOOD CS80S,EACH,,EUROMAID,product,product:appliances:rangehoods:euromaid-recirulating-rangehood-cs80s,true,,,,rule,product:appliances:rangehoods:euromaid-recirulating-rangehood-cs80s,,missing-product-library-candidate,Physical product/material candidate.
quote-1478,1478,stage:unassigned,category:appliances,subcategory:dishwashers,EUROMAID DISHWASHER DW24S,EACH,,EUROMAID,assembly,assembly:appliances:dishwashers:euromaid-dishwasher-dw24s,false,,quote-1478,,derived-runtime,assembly:appliances:dishwashers:euromaid-dishwasher-dw24s,,requires-assembly-model,Product/resource bundle; needs assembly template rather than single catalogue row.
quote-1481,1481,stage:unassigned,category:ariston,subcategory:ariston-base-pack,ARISTON BASE PACK,EACH,,ARISTON,unresolved,,false,,,,unresolved,,ambiguous labour/material item,requires-review,"No reliable product, trade, category, or formula signal."
quote-1482,1482,stage:unassigned,category:appliances,subcategory:built-in-ovens,ARISTON MULTIFUNCTION OVEN FZ51ix,EACH,,ARISTON,product,product:appliances:built-in-ovens:ariston-multifunction-oven-fz51ix,true,,,,rule,product:appliances:built-in-ovens:ariston-multifunction-oven-fz51ix,,missing-product-library-candidate,Physical product/material candidate.
quote-1483,1483,stage:lock-up,category:appliances,subcategory:built-in-ovens,ARISTON M/FUNCT OVEN WITH CLOCK & LINERS,EACH,,ARISTON,product,product:appliances:built-in-ovens:ariston-m-funct-oven-with-clock-and-liners,true,,,,rule,product:appliances:built-in-ovens:ariston-m-funct-oven-with-clock-and-liners,,missing-product-library-candidate,Physical product/material candidate.
quote-1484,1484,stage:unassigned,category:appliances,subcategory:cooktops,ARISTON 600mm TOUCH CONTROL COOKTOP,EACH,,ARISTON,product,product:appliances:cooktops:ariston-600mm-touch-control-cooktop,true,,,,rule,product:appliances:cooktops:ariston-600mm-touch-control-cooktop,,missing-product-library-candidate,Physical product/material candidate.
quote-1485,1485,stage:unassigned,category:appliances,subcategory:cooktops,ARISTON 600mm GAS COOKTOP PH640MTIX,EACH,,ARISTON,product,product:appliances:cooktops:ariston-600mm-gas-cooktop-ph640mtix,true,,,,rule,product:appliances:cooktops:ariston-600mm-gas-cooktop-ph640mtix,,missing-product-library-candidate,Physical product/material candidate.
quote-1486,1486,stage:unassigned,category:appliances,subcategory:cooktops,ARISTON GLASS COOKTOP PF640ESTix,EACH,,ARISTON,product,product:appliances:cooktops:ariston-glass-cooktop-pf640estix,true,,,,rule,product:appliances:cooktops:ariston-glass-cooktop-pf640estix,,missing-product-library-candidate,Physical product/material candidate.
quote-1487,1487,stage:unassigned,category:ariston,subcategory:ariston-900mm-upright-stove-cp059mdx,ARISTON 900mm UPRIGHT STOVE CP059MDx,EACH,,ARISTON,unresolved,,false,,,,unresolved,,ambiguous labour/material item,requires-review,"No reliable product, trade, category, or formula signal."
quote-1488,1488,stage:unassigned,category:appliances,subcategory:rangehoods,ARISTON 900MM CANOPY RANGEHOOD SAR90ix,EACH,,ARISTON,product,product:appliances:rangehoods:ariston-900mm-canopy-rangehood-sar90ix,true,,,,rule,product:appliances:rangehoods:ariston-900mm-canopy-rangehood-sar90ix,,missing-product-library-candidate,Physical product/material candidate.
quote-1489,1489,stage:unassigned,category:ariston,subcategory:ariston-600mm-slide-out-ranghood-rec,ARISTON 600mm SLIDE OUT RANGHOOD (REC),EACH,,ARISTON,unresolved,,false,,,,unresolved,,ambiguous labour/material item,requires-review,"No reliable product, trade, category, or formula signal."
quote-1490,1490,stage:unassigned,category:appliances,subcategory:dishwashers,ARISTON DISHWASHER LBF51x,EACH,,ARISTON,assembly,assembly:appliances:dishwashers:ariston-dishwasher-lbf51x,false,,quote-1490,,derived-runtime,assembly:appliances:dishwashers:ariston-dishwasher-lbf51x,,requires-assembly-model,Product/resource bundle; needs assembly template rather than single catalogue row.
quote-1491,1491,stage:unassigned,category:appliances,subcategory:dishwashers,ARISTON INTEGRATED DISHWASHER LFT216A,EACH,,ARISTON,assembly,assembly:appliances:dishwashers:ariston-integrated-dishwasher-lft216a,false,,quote-1491,,derived-runtime,assembly:appliances:dishwashers:ariston-integrated-dishwasher-lft216a,,requires-assembly-model,Product/resource bundle; needs assembly template rather than single catalogue row.
quote-1492,1492,stage:unassigned,category:appliances,subcategory:built-in-ovens,ARISTON MICROWAVE OVEN MWA228ix,EACH,,ARISTON,product,product:appliances:built-in-ovens:ariston-microwave-oven-mwa228ix,true,,,,rule,product:appliances:built-in-ovens:ariston-microwave-oven-mwa228ix,,missing-product-library-candidate,Physical product/material candidate.
quote-1496,1496,stage:unassigned,category:appliances,subcategory:dishwashers,BASE PACK INC DISHWASHER,EACH,,OMEGA,assembly,assembly:appliances:dishwashers:base-pack-inc-dishwasher,false,,quote-1496,,derived-runtime,assembly:appliances:dishwashers:base-pack-inc-dishwasher,,requires-assembly-model,Product/resource bundle; needs assembly template rather than single catalogue row.
quote-1497,1497,stage:unassigned,category:appliances,subcategory:built-in-ovens,OMEGA 00651XR 600mm S/S OVEN,EACH,,OMEGA,product,product:appliances:built-in-ovens:omega-00651xr-600mm-s-s-oven,true,,,,rule,product:appliances:built-in-ovens:omega-00651xr-600mm-s-s-oven,,missing-product-library-candidate,Physical product/material candidate.
quote-1498,1498,stage:unassigned,category:appliances,subcategory:cooktops,OMEGA 0C64BA 600mm CERAMIC COOKTOP,EACH,,OMEGA,product,product:appliances:cooktops:omega-0c64ba-600mm-ceramic-cooktop,true,,,,rule,product:appliances:cooktops:omega-0c64ba-600mm-ceramic-cooktop,,missing-product-library-candidate,Physical product/material candidate.
quote-1499,1499,stage:unassigned,category:appliances,subcategory:rangehoods,OMEGA ORT6WXA 600mm SLIDEOUT RANGEHOOD,EACH,,OMEGA,product,product:appliances:rangehoods:omega-ort6wxa-600mm-slideout-rangehood,true,,,,rule,product:appliances:rangehoods:omega-ort6wxa-600mm-slideout-rangehood,,missing-product-library-candidate,Physical product/material candidate.
quote-1500,1500,stage:unassigned,category:appliances,subcategory:dishwashers,OMEGA ODW702XB 600mm S/S DISHWASHER,EACH,,OMEGA,assembly,assembly:appliances:dishwashers:omega-odw702xb-600mm-s-s-dishwasher,false,,quote-1500,,derived-runtime,assembly:appliances:dishwashers:omega-odw702xb-600mm-s-s-dishwasher,,requires-assembly-model,Product/resource bundle; needs assembly template rather than single catalogue row.
quote-1501,1501,stage:unassigned,category:omega,subcategory:omega-upgrade-options,OMEGA UPGRADE OPTIONS,,,OMEGA,heading,,false,,,,rule,,,not-a-catalogue-record,Section-like row with no useful pricing unit or quantity.
quote-1502,1502,stage:lock-up,category:appliances,subcategory:built-in-ovens,"OMEGA OO652XR 600mm s/steel multifunction oven, clock",EACH,,OMEGA,product,product:appliances:built-in-ovens:omega-oo652xr-600mm-s-steel-multifunction-oven-clock,true,,,,rule,product:appliances:built-in-ovens:omega-oo652xr-600mm-s-steel-multifunction-oven-clock,,missing-product-library-candidate,Physical product/material candidate.
quote-1503,1503,stage:lock-up,category:appliances,subcategory:built-in-ovens,"OMEGA OO971XN 900mm s/steel multifunction oven, clock",EACH,,OMEGA,product,product:appliances:built-in-ovens:omega-oo971xn-900mm-s-steel-multifunction-oven-clock,true,,,,rule,product:appliances:built-in-ovens:omega-oo971xn-900mm-s-steel-multifunction-oven-clock,,missing-product-library-candidate,Physical product/material candidate.
quote-1504,1504,stage:unassigned,category:omega,subcategory:omega-of901xa-900mm-s-steel-multifunction-electric-gas-upright-range,OMEGA OF901XA 900mm s/steel multifunction electric/gas upright range,EACH,,OMEGA,unresolved,,false,,,,unresolved,,ambiguous labour/material item,requires-review,"No reliable product, trade, category, or formula signal."
quote-1505,1505,stage:unassigned,category:appliances,subcategory:cooktops,"OMEGA OG60XA 600mm s/steel gas cooktop, electric ignition",EACH,,OMEGA,product,product:appliances:cooktops:omega-og60xa-600mm-s-steel-gas-cooktop-electric-ignition,true,,,,rule,product:appliances:cooktops:omega-og60xa-600mm-s-steel-gas-cooktop-electric-ignition,,missing-product-library-candidate,Physical product/material candidate.
quote-1506,1506,stage:unassigned,category:appliances,subcategory:cooktops,"OMEGA OG91XA 900mm s/steel gas cooktop, electric ignition,wok burner, cast trivets",EACH,,OMEGA,product,product:appliances:cooktops:omega-og91xa-900mm-s-steel-gas-cooktop-electric-ignition-wok-burner-cast-trivets,true,,,,rule,product:appliances:cooktops:omega-og91xa-900mm-s-steel-gas-cooktop-electric-ignition-wok-burner-cast-trivets,,missing-product-library-candidate,Physical product/material candidate.
quote-1507,1507,stage:unassigned,category:appliances,subcategory:cooktops,"OMEGA OG91XA 900mm ceramic cooktop, trimless,touch control",EACH,,OMEGA,product,product:appliances:cooktops:omega-og91xa-900mm-ceramic-cooktop-trimless-touch-control,true,,,,rule,product:appliances:cooktops:omega-og91xa-900mm-ceramic-cooktop-trimless-touch-control,,missing-product-library-candidate,Physical product/material candidate.
quote-1508,1508,stage:unassigned,category:appliances,subcategory:rangehoods,"OMEGA OR617CXA 600mm s/steel canopy rangehood, 550m3/hr",EACH,,OMEGA,product,product:appliances:rangehoods:omega-or617cxa-600mm-s-steel-canopy-rangehood-550m3-hr,true,,,,rule,product:appliances:rangehoods:omega-or617cxa-600mm-s-steel-canopy-rangehood-550m3-hr,,missing-product-library-candidate,Physical product/material candidate.
quote-1509,1509,stage:unassigned,category:appliances,subcategory:rangehoods,"OMEGA OR917CXA 900mm s/steel canopy rangehood, 550m3/hr",EACH,,OMEGA,product,product:appliances:rangehoods:omega-or917cxa-900mm-s-steel-canopy-rangehood-550m3-hr,true,,,,rule,product:appliances:rangehoods:omega-or917cxa-900mm-s-steel-canopy-rangehood-550m3-hr,,missing-product-library-candidate,Physical product/material candidate.
quote-1510,1510,stage:unassigned,category:appliances,subcategory:rangehoods,OMEGA OR915CXA 900mm s/steel and curved glass canopy rangehood,EACH,,OMEGA,product,product:appliances:rangehoods:omega-or915cxa-900mm-s-steel-and-curved-glass-canopy-rangehood,true,,,,rule,product:appliances:rangehoods:omega-or915cxa-900mm-s-steel-and-curved-glass-canopy-rangehood,,missing-product-library-candidate,Physical product/material candidate.
quote-1511,1511,stage:unassigned,category:appliances,subcategory:rangehoods,"OMEGA OR920CXB 900mm s/steel canopy rangehood, 900m3/hr, LED lighting",EACH,,OMEGA,product,product:appliances:rangehoods:omega-or920cxb-900mm-s-steel-canopy-rangehood-900m3-hr-led-lighting,true,,,,rule,product:appliances:rangehoods:omega-or920cxb-900mm-s-steel-canopy-rangehood-900m3-hr-led-lighting,,missing-product-library-candidate,Physical product/material candidate.
quote-1512,1512,stage:unassigned,category:appliances,subcategory:dishwashers,OMEGA OFI603A 600mm fully integrated dishwasher,EACH,,OMEGA,assembly,assembly:appliances:dishwashers:omega-ofi603a-600mm-fully-integrated-dishwasher,false,,quote-1512,,derived-runtime,assembly:appliances:dishwashers:omega-ofi603a-600mm-fully-integrated-dishwasher,,requires-assembly-model,Product/resource bundle; needs assembly template rather than single catalogue row.
quote-1516,1516,stage:unassigned,category:blanco,subcategory:blanco-base-pack,BLANCO BASE PACK,EACH,,BLANCO,unresolved,,false,,,,unresolved,,ambiguous labour/material item,requires-review,"No reliable product, trade, category, or formula signal."
quote-1517,1517,stage:unassigned,category:appliances,subcategory:built-in-ovens,"BLANCO OE604XP 600mm s/steel fan forced oven, timer",EACH,,BLANCO,product,product:appliances:built-in-ovens:blanco-oe604xp-600mm-s-steel-fan-forced-oven-timer,true,,,,rule,product:appliances:built-in-ovens:blanco-oe604xp-600mm-s-steel-fan-forced-oven-timer,,missing-product-library-candidate,Physical product/material candidate.
quote-1518,1518,stage:unassigned,category:appliances,subcategory:cooktops,"BLANCO BCCK60N 600mm ceramic cooktop, trimless, knob control",EACH,,BLANCO,product,product:appliances:cooktops:blanco-bcck60n-600mm-ceramic-cooktop-trimless-knob-control,true,,,,rule,product:appliances:cooktops:blanco-bcck60n-600mm-ceramic-cooktop-trimless-knob-control,,missing-product-library-candidate,Physical product/material candidate.
quote-1519,1519,stage:unassigned,category:appliances,subcategory:rangehoods,BLANCO BRSR60X 600mm s/steel slideaway front recirculating rangehood,EACH,,BLANCO,product,product:appliances:rangehoods:blanco-brsr60x-600mm-s-steel-slideaway-front-recirculating-rangehood,true,,,,rule,product:appliances:rangehoods:blanco-brsr60x-600mm-s-steel-slideaway-front-recirculating-rangehood,,missing-product-library-candidate,Physical product/material candidate.
quote-1520,1520,stage:unassigned,category:appliances,subcategory:dishwashers,BLANCO DWF6XP 600mm s/steel dishwasher,EACH,,BLANCO,assembly,assembly:appliances:dishwashers:blanco-dwf6xp-600mm-s-steel-dishwasher,false,,quote-1520,,derived-runtime,assembly:appliances:dishwashers:blanco-dwf6xp-600mm-s-steel-dishwasher,,requires-assembly-model,Product/resource bundle; needs assembly template rather than single catalogue row.
quote-1522,1522,stage:lock-up,category:appliances,subcategory:built-in-ovens,"BLANCO OE606XP 600mm s/steel multifunction oven, clock",EACH,,BLANCO UPGRADE OPTIONS,product,product:appliances:built-in-ovens:blanco-oe606xp-600mm-s-steel-multifunction-oven-clock,true,,,,rule,product:appliances:built-in-ovens:blanco-oe606xp-600mm-s-steel-multifunction-oven-clock,,missing-product-library-candidate,Physical product/material candidate.
quote-1523,1523,stage:lock-up,category:appliances,subcategory:built-in-ovens,"BLANCO OE606X 600mm black glass multifunction oven, clock",EACH,,BLANCO UPGRADE OPTIONS,product,product:appliances:built-in-ovens:blanco-oe606x-600mm-black-glass-multifunction-oven-clock,true,,,,rule,product:appliances:built-in-ovens:blanco-oe606x-600mm-black-glass-multifunction-oven-clock,,missing-product-library-candidate,Physical product/material candidate.
quote-1524,1524,stage:lock-up,category:appliances,subcategory:built-in-ovens,"BLANCO OE908XP 900mm s/steel multifunction oven, clock",EACH,,BLANCO UPGRADE OPTIONS,product,product:appliances:built-in-ovens:blanco-oe908xp-900mm-s-steel-multifunction-oven-clock,true,,,,rule,product:appliances:built-in-ovens:blanco-oe908xp-900mm-s-steel-multifunction-oven-clock,,missing-product-library-candidate,Physical product/material candidate.
quote-1525,1525,stage:unassigned,category:blanco-upgrade-options,subcategory:blanco-fd9085wx-900mm-s-steel-multifunction-electric-gas-upright-range,BLANCO FD9085WX 900mm s/steel multifunction electric/gas upright range,EACH,,BLANCO UPGRADE OPTIONS,unresolved,,false,,,,unresolved,,ambiguous labour/material item,requires-review,"No reliable product, trade, category, or formula signal."
quote-1526,1526,stage:unassigned,category:appliances,subcategory:cooktops,"BLANCO CG604WXP 600mm s/steel gas cooktop, wok burner, electric ignition",EACH,,BLANCO UPGRADE OPTIONS,product,product:appliances:cooktops:blanco-cg604wxp-600mm-s-steel-gas-cooktop-wok-burner-electric-ignition,true,,,,rule,product:appliances:cooktops:blanco-cg604wxp-600mm-s-steel-gas-cooktop-wok-burner-electric-ignition,,missing-product-library-candidate,Physical product/material candidate.
quote-1527,1527,stage:unassigned,category:appliances,subcategory:cooktops,"BLANCO CG905WXC 900mm s/steel gas cooktop, elect ign,wok burner, cast trivets",EACH,,BLANCO UPGRADE OPTIONS,product,product:appliances:cooktops:blanco-cg905wxc-900mm-s-steel-gas-cooktop-elect-ign-wok-burner-cast-trivets,true,,,,rule,product:appliances:cooktops:blanco-cg905wxc-900mm-s-steel-gas-cooktop-elect-ign-wok-burner-cast-trivets,,missing-product-library-candidate,Physical product/material candidate.
quote-1528,1528,stage:unassigned,category:appliances,subcategory:cooktops,"BLANCO CCT905X 900mm ceramic cooktop, trimless, touch control, autoboil, timer",EACH,,BLANCO UPGRADE OPTIONS,product,product:appliances:cooktops:blanco-cct905x-900mm-ceramic-cooktop-trimless-touch-control-autoboil-timer,true,,,,rule,product:appliances:cooktops:blanco-cct905x-900mm-ceramic-cooktop-trimless-touch-control-autoboil-timer,,missing-product-library-candidate,Physical product/material candidate.
quote-1529,1529,stage:unassigned,category:appliances,subcategory:rangehoods,"BLANCO BWCE9X 900mm s/steel canopy rangehood, 650m3/hr",EACH,,BLANCO UPGRADE OPTIONS,product,product:appliances:rangehoods:blanco-bwce9x-900mm-s-steel-canopy-rangehood-650m3-hr,true,,,,rule,product:appliances:rangehoods:blanco-bwce9x-900mm-s-steel-canopy-rangehood-650m3-hr,,missing-product-library-candidate,Physical product/material candidate.
quote-1530,1530,stage:unassigned,category:appliances,subcategory:rangehoods,"BLANCO BWC9X 900mm s/steel canopy rangehood, 900m3/hr",EACH,,BLANCO UPGRADE OPTIONS,product,product:appliances:rangehoods:blanco-bwc9x-900mm-s-steel-canopy-rangehood-900m3-hr,true,,,,rule,product:appliances:rangehoods:blanco-bwc9x-900mm-s-steel-canopy-rangehood-900m3-hr,,missing-product-library-candidate,Physical product/material candidate.
quote-1531,1531,stage:unassigned,category:appliances,subcategory:dishwashers,"BLANCO DWF5X 600mm s/steel dishwasher, 4 star water rating",EACH,,BLANCO UPGRADE OPTIONS,assembly,assembly:appliances:dishwashers:blanco-dwf5x-600mm-s-steel-dishwasher-4-star-water-rating,false,,quote-1531,,derived-runtime,assembly:appliances:dishwashers:blanco-dwf5x-600mm-s-steel-dishwasher-4-star-water-rating,,requires-assembly-model,Product/resource bundle; needs assembly template rather than single catalogue row.
quote-1532,1532,stage:unassigned,category:appliances,subcategory:microwaves,BLANCO MF29SX s/steel 29 litre microwave,EACH,,BLANCO UPGRADE OPTIONS,product,product:appliances:microwaves:blanco-mf29sx-s-steel-29-litre-microwave,true,,,,rule,product:appliances:microwaves:blanco-mf29sx-s-steel-29-litre-microwave,,missing-product-library-candidate,Physical product/material candidate.
quote-1533,1533,stage:unassigned,category:appliances,subcategory:microwaves,BLANCO MTK29X 600mm s/steel built in trim kit for microwave,EACH,,BLANCO UPGRADE OPTIONS,product,product:appliances:microwaves:blanco-mtk29x-600mm-s-steel-built-in-trim-kit-for-microwave,true,,,,rule,product:appliances:microwaves:blanco-mtk29x-600mm-s-steel-built-in-trim-kit-for-microwave,,missing-product-library-candidate,Physical product/material candidate.
quote-1537,1537,stage:unassigned,category:smeg,subcategory:base-smeg-pack,BASE SMEG PACK,EACH,,SMEG,unresolved,,false,,,,unresolved,,ambiguous labour/material item,requires-review,"No reliable product, trade, category, or formula signal."
quote-1538,1538,stage:unassigned,category:appliances,subcategory:built-in-ovens,"SMEG SA561X-9 600mm s/steel 9 function oven, thermoseal cooking, timer",EACH,,SMEG,product,product:appliances:built-in-ovens:smeg-sa561x-9-600mm-s-steel-9-function-oven-thermoseal-cooking-timer,true,,,,rule,product:appliances:built-in-ovens:smeg-sa561x-9-600mm-s-steel-9-function-oven-thermoseal-cooking-timer,,missing-product-library-candidate,Physical product/material candidate.
quote-1539,1539,stage:unassigned,category:appliances,subcategory:cooktops,"SMEG SA611XC 600mm ceramic cooktop, trimless, touch control",EACH,,SMEG,product,product:appliances:cooktops:smeg-sa611xc-600mm-ceramic-cooktop-trimless-touch-control,true,,,,rule,product:appliances:cooktops:smeg-sa611xc-600mm-ceramic-cooktop-trimless-touch-control,,missing-product-library-candidate,Physical product/material candidate.
quote-1540,1540,stage:unassigned,category:appliances,subcategory:rangehoods,SMEG SAH460SS-1 600mm s/steel slideaway front recirculating rangehood,EACH,,SMEG,product,product:appliances:rangehoods:smeg-sah460ss-1-600mm-s-steel-slideaway-front-recirculating-rangehood,true,,,,rule,product:appliances:rangehoods:smeg-sah460ss-1-600mm-s-steel-slideaway-front-recirculating-rangehood,,missing-product-library-candidate,Physical product/material candidate.
quote-1541,1541,stage:unassigned,category:appliances,subcategory:dishwashers,"SMEG DWA149S 600mm s/steel dishwasher, 4 star water rating",EACH,,SMEG,assembly,assembly:appliances:dishwashers:smeg-dwa149s-600mm-s-steel-dishwasher-4-star-water-rating,false,,quote-1541,,derived-runtime,assembly:appliances:dishwashers:smeg-dwa149s-600mm-s-steel-dishwasher-4-star-water-rating,,requires-assembly-model,Product/resource bundle; needs assembly template rather than single catalogue row.
quote-1543,1543,stage:lock-up,category:appliances,subcategory:built-in-ovens,"SMEG SA578X-9 600mm s/steel 9 function oven, thermoseal cooking, programmable clock",EACH,,SMEG UPGRADE OPTIONS,product,product:appliances:built-in-ovens:smeg-sa578x-9-600mm-s-steel-9-function-oven-thermoseal-cooking-programmable-clock,true,,,,rule,product:appliances:built-in-ovens:smeg-sa578x-9-600mm-s-steel-9-function-oven-thermoseal-cooking-programmable-clock,,missing-product-library-candidate,Physical product/material candidate.
quote-1544,1544,stage:unassigned,category:appliances,subcategory:built-in-ovens,"SMEG SAP578X-9 600mm s/steel 9 function oven, thermoseal cooking, pyrolytic cleaning",EACH,,SMEG UPGRADE OPTIONS,assembly,assembly:appliances:built-in-ovens:smeg-sap578x-9-600mm-s-steel-9-function-oven-thermoseal-cooking-pyrolytic-cleaning,false,,quote-1544,,derived-runtime,assembly:appliances:built-in-ovens:smeg-sap578x-9-600mm-s-steel-9-function-oven-thermoseal-cooking-pyrolytic-cleaning,,requires-assembly-model,Product/resource bundle; needs assembly template rather than single catalogue row.
quote-1545,1545,stage:unassigned,category:appliances,subcategory:built-in-ovens,SMEG SA45VX2 600mm compact inbuilt steam oven,EACH,,SMEG UPGRADE OPTIONS,assembly,assembly:appliances:built-in-ovens:smeg-sa45vx2-600mm-compact-inbuilt-steam-oven,false,,quote-1545,,derived-runtime,assembly:appliances:built-in-ovens:smeg-sa45vx2-600mm-compact-inbuilt-steam-oven,,requires-assembly-model,Product/resource bundle; needs assembly template rather than single catalogue row.
quote-1546,1546,stage:preliminaries,category:preliminaries,subcategory:statutory-fees,SMEG CMS45X 600mm compact inbuilt coffee machine,EACH,,SMEG UPGRADE OPTIONS,estimating-item,estimating:preliminaries:statutory-fees:smeg-cms45x-600mm-compact-inbuilt-coffee-machine,false,,quote-1546,,derived-runtime,estimating:preliminaries:statutory-fees:smeg-cms45x-600mm-compact-inbuilt-coffee-machine,,existing-derived-estimating-row,"Labour, plant, service, fee, or construction resource candidate."
quote-1547,1547,stage:lock-up,category:appliances,subcategory:built-in-ovens,"SMEG SA990XR8 900mm s/steel multifunction oven, thermoseal cooking, programmable clock",EACH,,SMEG UPGRADE OPTIONS,product,product:appliances:built-in-ovens:smeg-sa990xr8-900mm-s-steel-multifunction-oven-thermoseal-cooking-programmable-clock,true,,,,rule,product:appliances:built-in-ovens:smeg-sa990xr8-900mm-s-steel-multifunction-oven-thermoseal-cooking-programmable-clock,,missing-product-library-candidate,Physical product/material candidate.
quote-1548,1548,stage:unassigned,category:appliances,subcategory:cooktops,"SMEG CIR66XS 600mm s/steel gas cooktop, wok burner, cast trivets, flame failure",EACH,,SMEG UPGRADE OPTIONS,product,product:appliances:cooktops:smeg-cir66xs-600mm-s-steel-gas-cooktop-wok-burner-cast-trivets-flame-failure,true,,,,rule,product:appliances:cooktops:smeg-cir66xs-600mm-s-steel-gas-cooktop-wok-burner-cast-trivets-flame-failure,,missing-product-library-candidate,Physical product/material candidate.
quote-1549,1549,stage:unassigned,category:appliances,subcategory:cooktops,"SMEG CIR93AXS 900mm s/steel gas cooktop, wok burner, cast trivets, flame failure",EACH,,SMEG UPGRADE OPTIONS,product,product:appliances:cooktops:smeg-cir93axs-900mm-s-steel-gas-cooktop-wok-burner-cast-trivets-flame-failure,true,,,,rule,product:appliances:cooktops:smeg-cir93axs-900mm-s-steel-gas-cooktop-wok-burner-cast-trivets-flame-failure,,missing-product-library-candidate,Physical product/material candidate.
quote-1550,1550,stage:unassigned,category:appliances,subcategory:cooktops,"SMEG SIHP263S 600mm 3 zone induction cooktop ,trimless, touch control",EACH,,SMEG UPGRADE OPTIONS,product,product:appliances:cooktops:smeg-sihp263s-600mm-3-zone-induction-cooktop-trimless-touch-control,true,,,,rule,product:appliances:cooktops:smeg-sihp263s-600mm-3-zone-induction-cooktop-trimless-touch-control,,missing-product-library-candidate,Physical product/material candidate.
quote-1551,1551,stage:unassigned,category:appliances,subcategory:cooktops,"SMEG SIHP294S 900mm 4 zone induction cooktop ,trimless, touch control",EACH,,SMEG UPGRADE OPTIONS,product,product:appliances:cooktops:smeg-sihp294s-900mm-4-zone-induction-cooktop-trimless-touch-control,true,,,,rule,product:appliances:cooktops:smeg-sihp294s-900mm-4-zone-induction-cooktop-trimless-touch-control,,missing-product-library-candidate,Physical product/material candidate.
quote-1552,1552,stage:unassigned,category:appliances,subcategory:rangehoods,"SMEG K181V90 900mm s/steel canopy rangehood, black glass fascia, 590m3/hr",EACH,,SMEG UPGRADE OPTIONS,product,product:appliances:rangehoods:smeg-k181v90-900mm-s-steel-canopy-rangehood-black-glass-fascia-590m3-hr,true,,,,rule,product:appliances:rangehoods:smeg-k181v90-900mm-s-steel-canopy-rangehood-black-glass-fascia-590m3-hr,,missing-product-library-candidate,Physical product/material candidate.
quote-1553,1553,stage:unassigned,category:appliances,subcategory:dishwashers,"SMEG DWAFI149 600mm fully integrated dishwasher, 4 star water rating",EACH,,SMEG UPGRADE OPTIONS,assembly,assembly:appliances:dishwashers:smeg-dwafi149-600mm-fully-integrated-dishwasher-4-star-water-rating,false,,quote-1553,,derived-runtime,assembly:appliances:dishwashers:smeg-dwafi149-600mm-fully-integrated-dishwasher-4-star-water-rating,,requires-assembly-model,Product/resource bundle; needs assembly template rather than single catalogue row.
quote-1554,1554,stage:unassigned,category:appliances,subcategory:microwaves,SMEG SA35MX s/steel 34 litre microwave,EACH,,SMEG UPGRADE OPTIONS,product,product:appliances:microwaves:smeg-sa35mx-s-steel-34-litre-microwave,true,,,,rule,product:appliances:microwaves:smeg-sa35mx-s-steel-34-litre-microwave,,missing-product-library-candidate,Physical product/material candidate.
quote-1555,1555,stage:unassigned,category:appliances,subcategory:microwaves,SMEG STK60X34D 600mm s/steel built in trim kit for microwave,EACH,,SMEG UPGRADE OPTIONS,product,product:appliances:microwaves:smeg-stk60x34d-600mm-s-steel-built-in-trim-kit-for-microwave,true,,,,rule,product:appliances:microwaves:smeg-stk60x34d-600mm-s-steel-built-in-trim-kit-for-microwave,,missing-product-library-candidate,Physical product/material candidate.
quote-1559,1559,stage:lock-up,category:roofing,subcategory:item,ITEM,UNIT,QTY,WATERPROOFING,informational,,false,,,,rule,,,not-a-catalogue-record,Repeated imported column header row; not a catalogue record.
quote-1561,1561,stage:lock-up,category:roofing,subcategory:waterproofing-quote,WATERPROOFING QUOTE,ITEM,,WATERPROOFING,assembly,assembly:roofing:waterproofing-quote:waterproofing-quote,false,,quote-1561,,derived-runtime,assembly:roofing:waterproofing-quote:waterproofing-quote,,requires-assembly-model,Product/resource bundle; needs assembly template rather than single catalogue row.
quote-1562,1562,stage:lock-up,category:plumbing-fixtures,subcategory:baths,WATERPROOF STANDARD BATHROOM,EACH,,WATERPROOFING,assembly,assembly:plumbing-fixtures:baths:waterproof-standard-bathroom,false,,quote-1562,,derived-runtime,assembly:plumbing-fixtures:baths:waterproof-standard-bathroom,,requires-assembly-model,Product/resource bundle; needs assembly template rather than single catalogue row.
quote-1563,1563,stage:lock-up,category:roofing,subcategory:waterproof-standard-ensuite,WATERPROOF STANDARD ENSUITE,EACH,,WATERPROOFING,assembly,assembly:roofing:waterproof-standard-ensuite:waterproof-standard-ensuite,false,,quote-1563,,derived-runtime,assembly:roofing:waterproof-standard-ensuite:waterproof-standard-ensuite,,requires-assembly-model,Product/resource bundle; needs assembly template rather than single catalogue row.
quote-1564,1564,stage:lock-up,category:plumbing-fixtures,subcategory:toilets,WATERPROOF TOILET,EACH,,WATERPROOFING,assembly,assembly:plumbing-fixtures:toilets:waterproof-toilet,false,,quote-1564,,derived-runtime,assembly:plumbing-fixtures:toilets:waterproof-toilet,,requires-assembly-model,Product/resource bundle; needs assembly template rather than single catalogue row.
quote-1565,1565,stage:lock-up,category:roofing,subcategory:waterproof-laundry,WATERPROOF LAUNDRY,EACH,,WATERPROOFING,assembly,assembly:roofing:waterproof-laundry:waterproof-laundry,false,,quote-1565,,derived-runtime,assembly:roofing:waterproof-laundry:waterproof-laundry,,requires-assembly-model,Product/resource bundle; needs assembly template rather than single catalogue row.
quote-1566,1566,stage:lock-up,category:flooring-tiling,subcategory:waterproof-balcony-floor,WATERPROOF BALCONY FLOOR,M2,,WATERPROOFING,assembly,assembly:flooring-tiling:waterproof-balcony-floor:waterproof-balcony-floor,false,,quote-1566,,derived-runtime,assembly:flooring-tiling:waterproof-balcony-floor:waterproof-balcony-floor,,requires-assembly-model,Product/resource bundle; needs assembly template rather than single catalogue row.
quote-1567,1567,stage:base,category:plumbing-fixtures,subcategory:showers,SHOWER BASE CONSTRUCT ON SITE,EACH,,WATERPROOFING,assembly,assembly:plumbing-fixtures:showers:shower-base-construct-on-site,false,,quote-1567,,derived-runtime,assembly:plumbing-fixtures:showers:shower-base-construct-on-site,,requires-assembly-model,Product/resource bundle; needs assembly template rather than single catalogue row.
quote-1568,1568,stage:lock-up,category:flooring-tiling,subcategory:waterproofing-floors,WATERPROOFING FLOORS,M2,,WATERPROOFING,assembly,assembly:flooring-tiling:waterproofing-floors:waterproofing-floors,false,,quote-1568,,derived-runtime,assembly:flooring-tiling:waterproofing-floors:waterproofing-floors,,requires-assembly-model,Product/resource bundle; needs assembly template rather than single catalogue row.
quote-1569,1569,stage:lock-up,category:flooring-tiling,subcategory:wall-to-floor-intersections,WALL TO FLOOR INTERSECTIONS,LM,,WATERPROOFING,assembly,assembly:flooring-tiling:wall-to-floor-intersections:wall-to-floor-intersections,false,,quote-1569,,derived-runtime,assembly:flooring-tiling:wall-to-floor-intersections:wall-to-floor-intersections,,requires-assembly-model,Product/resource bundle; needs assembly template rather than single catalogue row.
quote-1570,1570,stage:lock-up,category:plumbing-fixtures,subcategory:showers,WATERPROOF SHOWER,ITEM,,WATERPROOFING,assembly,assembly:plumbing-fixtures:showers:waterproof-shower,false,,quote-1570,,derived-runtime,assembly:plumbing-fixtures:showers:waterproof-shower,,requires-assembly-model,Product/resource bundle; needs assembly template rather than single catalogue row.
quote-1571,1571,stage:lock-up,category:plumbing-fixtures,subcategory:showers,WATERPROOF LARGE SHOWER,ITEM,,WATERPROOFING,assembly,assembly:plumbing-fixtures:showers:waterproof-large-shower,false,,quote-1571,,derived-runtime,assembly:plumbing-fixtures:showers:waterproof-large-shower,,requires-assembly-model,Product/resource bundle; needs assembly template rather than single catalogue row.
quote-1572,1572,stage:lock-up,category:plumbing-fixtures,subcategory:showers,WATERPROOF SHOWER (3 WALLS),ITEM,,WATERPROOFING,assembly,assembly:plumbing-fixtures:showers:waterproof-shower-3-walls,false,,quote-1572,,derived-runtime,assembly:plumbing-fixtures:showers:waterproof-shower-3-walls,,requires-assembly-model,Product/resource bundle; needs assembly template rather than single catalogue row.
quote-1573,1573,stage:lock-up,category:flooring-tiling,subcategory:floor-waste,FLOOR WASTE,EACH,,WATERPROOFING,assembly,assembly:flooring-tiling:floor-waste:floor-waste,false,,quote-1573,,derived-runtime,assembly:flooring-tiling:floor-waste:floor-waste,,requires-assembly-model,Product/resource bundle; needs assembly template rather than single catalogue row.
quote-1574,1574,stage:lock-up,category:flooring-tiling,subcategory:floor-waste-covers,FLOOR WASTE COVERS,EACH,,WATERPROOFING,assembly,assembly:flooring-tiling:floor-waste-covers:floor-waste-covers,false,,quote-1574,,derived-runtime,assembly:flooring-tiling:floor-waste-covers:floor-waste-covers,,requires-assembly-model,Product/resource bundle; needs assembly template rather than single catalogue row.
quote-1575,1575,stage:lock-up,category:plumbing-fixtures,subcategory:baths,BATH,EACH,,WATERPROOFING,assembly,assembly:plumbing-fixtures:baths:bath,false,,quote-1575,,derived-runtime,assembly:plumbing-fixtures:baths:bath,,requires-assembly-model,Product/resource bundle; needs assembly template rather than single catalogue row.
quote-1576,1576,stage:lock-up,category:plumbing-fixtures,subcategory:baths,BATH HOB,EACH,,WATERPROOFING,assembly,assembly:plumbing-fixtures:baths:bath-hob,false,,quote-1576,,derived-runtime,assembly:plumbing-fixtures:baths:bath-hob,,requires-assembly-model,Product/resource bundle; needs assembly template rather than single catalogue row.
quote-1580,1580,stage:unassigned,category:tiling,subcategory:item,ITEM,UNIT,QTY,TILING,informational,,false,,,,rule,,,not-a-catalogue-record,Repeated imported column header row; not a catalogue record.
quote-1583,1583,stage:fix-out,category:plumbing-fixtures,subcategory:baths,TILE QUOTE,ITEM,,BATHROOM,assembly,assembly:plumbing-fixtures:baths:tile-quote,false,,quote-1583,,derived-runtime,assembly:plumbing-fixtures:baths:tile-quote,,requires-assembly-model,Product/resource bundle; needs assembly template rather than single catalogue row.
quote-1585,1585,stage:fix-out,category:plumbing-fixtures,subcategory:baths,WALL TILES,M2,,BATHROOM,product,product:plumbing-fixtures:baths:wall-tiles,true,,,,rule,product:plumbing-fixtures:baths:wall-tiles,,missing-product-library-candidate,Physical product/material candidate.
quote-1586,1586,stage:fix-out,category:plumbing-fixtures,subcategory:baths,900 x 900 x 2.0 SHOWER RECESS (3.6 M2),EACH,,BATHROOM,product,product:plumbing-fixtures:baths:900-x-900-x-2-0-shower-recess-3-6-m2,true,,,,rule,product:plumbing-fixtures:baths:900-x-900-x-2-0-shower-recess-3-6-m2,,missing-product-library-candidate,Physical product/material candidate.
quote-1587,1587,stage:fix-out,category:plumbing-fixtures,subcategory:baths,SKIRTING TILES,M2,,BATHROOM,product,product:plumbing-fixtures:baths:skirting-tiles,true,,,,rule,product:plumbing-fixtures:baths:skirting-tiles,,missing-product-library-candidate,Physical product/material candidate.
quote-1588,1588,stage:fix-out,category:plumbing-fixtures,subcategory:baths,FLOOR TILES,M2,,BATHROOM,product,product:plumbing-fixtures:baths:floor-tiles,true,,,,rule,product:plumbing-fixtures:baths:floor-tiles,,missing-product-library-candidate,Physical product/material candidate.
quote-1589,1589,stage:fix-out,category:plumbing-fixtures,subcategory:baths,BATH ARPON (1.8 M2),M2,,BATHROOM,product,product:plumbing-fixtures:baths:bath-arpon-1-8-m2,true,,,,rule,product:plumbing-fixtures:baths:bath-arpon-1-8-m2,,missing-product-library-candidate,Physical product/material candidate.
quote-1590,1590,stage:fix-out,category:plumbing-fixtures,subcategory:baths,BATH HOB (1 M2),M2,,BATHROOM,product,product:plumbing-fixtures:baths:bath-hob-1-m2,true,,,,rule,product:plumbing-fixtures:baths:bath-hob-1-m2,,missing-product-library-candidate,Physical product/material candidate.
quote-1591,1591,stage:fix-out,category:plumbing-fixtures,subcategory:baths,SPLASHBACK,M2,,BATHROOM,product,product:plumbing-fixtures:baths:splashback,true,,,,rule,product:plumbing-fixtures:baths:splashback,,missing-product-library-candidate,Physical product/material candidate.
quote-1592,1592,stage:fix-out,category:plumbing-fixtures,subcategory:baths,SOAP HOLDER,EACH,,BATHROOM,product,product:plumbing-fixtures:baths:soap-holder,true,,,,rule,product:plumbing-fixtures:baths:soap-holder,,missing-product-library-candidate,Physical product/material candidate.
quote-1593,1593,stage:fix-out,category:plumbing-fixtures,subcategory:baths,FREEZE TILES (50 x 200),EACH,,BATHROOM,product,product:plumbing-fixtures:baths:freeze-tiles-50-x-200,true,,,,rule,product:plumbing-fixtures:baths:freeze-tiles-50-x-200,,missing-product-library-candidate,Physical product/material candidate.
quote-1594,1594,stage:fix-out,category:plumbing-fixtures,subcategory:baths,FEATURE TILES,SHEET,,BATHROOM,product,product:plumbing-fixtures:baths:feature-tiles,true,,,,rule,product:plumbing-fixtures:baths:feature-tiles,,missing-product-library-candidate,Physical product/material candidate.
quote-1595,1595,stage:fix-out,category:plumbing-fixtures,subcategory:baths,OTHER,M2,,BATHROOM,product,product:plumbing-fixtures:baths:other,true,,,,rule,product:plumbing-fixtures:baths:other,,missing-product-library-candidate,Physical product/material candidate.
quote-1598,1598,stage:fix-out,category:flooring-tiling,subcategory:wall-tiles,WALL TILES,M2,,ENSUITE,product,product:flooring-tiling:wall-tiles:wall-tiles,true,,,,rule,product:flooring-tiling:wall-tiles:wall-tiles,,missing-product-library-candidate,Physical product/material candidate.
quote-1599,1599,stage:unassigned,category:plumbing-fixtures,subcategory:showers,900 x 900 x 2.0 SHOWER (3.6 M2) OR (6.6 M2),EACH,,ENSUITE,product,product:plumbing-fixtures:showers:900-x-900-x-2-0-shower-3-6-m2-or-6-6-m2,true,,,,rule,product:plumbing-fixtures:showers:900-x-900-x-2-0-shower-3-6-m2-or-6-6-m2,,missing-product-library-candidate,Physical product/material candidate.
quote-1600,1600,stage:fix-out,category:flooring-tiling,subcategory:skirting-tiles,SKIRTING TILES,M2,,ENSUITE,product,product:flooring-tiling:skirting-tiles:skirting-tiles,true,,,,rule,product:flooring-tiling:skirting-tiles:skirting-tiles,,missing-product-library-candidate,Physical product/material candidate.
quote-1601,1601,stage:fix-out,category:flooring-tiling,subcategory:floor-tiles,FLOOR TILES,M2,,ENSUITE,product,product:flooring-tiling:floor-tiles:floor-tiles,true,,,,rule,product:flooring-tiling:floor-tiles:floor-tiles,,missing-product-library-candidate,Physical product/material candidate.
quote-1602,1602,stage:fix-out,category:plumbing-fixtures,subcategory:baths,BATH ARPON,M2,,ENSUITE,product,product:plumbing-fixtures:baths:bath-arpon,true,,,,rule,product:plumbing-fixtures:baths:bath-arpon,,missing-product-library-candidate,Physical product/material candidate.
quote-1603,1603,stage:fix-out,category:plumbing-fixtures,subcategory:baths,BATH HOB,M2,,ENSUITE,product,product:plumbing-fixtures:baths:bath-hob,true,,,,rule,product:plumbing-fixtures:baths:bath-hob,,missing-product-library-candidate,Physical product/material candidate.
quote-1604,1604,stage:unassigned,category:ensuite,subcategory:splashback,SPLASHBACK,M2,,ENSUITE,unresolved,,false,,,,unresolved,,ambiguous labour/material item,requires-review,"No reliable product, trade, category, or formula signal."
quote-1605,1605,stage:unassigned,category:ensuite,subcategory:soap-holder,SOAP HOLDER,EACH,,ENSUITE,unresolved,,false,,,,unresolved,,legacy row,requires-review,"No reliable product, trade, category, or formula signal."
quote-1606,1606,stage:fix-out,category:flooring-tiling,subcategory:freeze-tiles-50-x-200,FREEZE TILES (50 x 200),EACH,,ENSUITE,product,product:flooring-tiling:freeze-tiles-50-x-200:freeze-tiles-50-x-200,true,,,,rule,product:flooring-tiling:freeze-tiles-50-x-200:freeze-tiles-50-x-200,,missing-product-library-candidate,Physical product/material candidate.
quote-1607,1607,stage:fix-out,category:flooring-tiling,subcategory:feature-tiles,FEATURE TILES,SHEET,,ENSUITE,product,product:flooring-tiling:feature-tiles:feature-tiles,true,,,,rule,product:flooring-tiling:feature-tiles:feature-tiles,,missing-product-library-candidate,Physical product/material candidate.
quote-1608,1608,stage:unassigned,category:ensuite,subcategory:other,OTHER,M2,,ENSUITE,unresolved,,false,,,,unresolved,,ambiguous labour/material item,requires-review,"No reliable product, trade, category, or formula signal."
quote-1611,1611,stage:fix-out,category:flooring-tiling,subcategory:wall-tiles,WALL TILES,M2,,ENSUITE,product,product:flooring-tiling:wall-tiles:wall-tiles,true,,,,rule,product:flooring-tiling:wall-tiles:wall-tiles,,missing-product-library-candidate,Physical product/material candidate.
quote-1612,1612,stage:unassigned,category:plumbing-fixtures,subcategory:showers,900 x 900 x 2.0 SHOWER (3.6 M2) OR (6.6 M2),EACH,,ENSUITE,product,product:plumbing-fixtures:showers:900-x-900-x-2-0-shower-3-6-m2-or-6-6-m2,true,,,,rule,product:plumbing-fixtures:showers:900-x-900-x-2-0-shower-3-6-m2-or-6-6-m2,,missing-product-library-candidate,Physical product/material candidate.
quote-1613,1613,stage:fix-out,category:flooring-tiling,subcategory:skirting-tiles,SKIRTING TILES,M2,,ENSUITE,product,product:flooring-tiling:skirting-tiles:skirting-tiles,true,,,,rule,product:flooring-tiling:skirting-tiles:skirting-tiles,,missing-product-library-candidate,Physical product/material candidate.
quote-1614,1614,stage:fix-out,category:flooring-tiling,subcategory:floor-tiles,FLOOR TILES,M2,,ENSUITE,product,product:flooring-tiling:floor-tiles:floor-tiles,true,,,,rule,product:flooring-tiling:floor-tiles:floor-tiles,,missing-product-library-candidate,Physical product/material candidate.
quote-1615,1615,stage:fix-out,category:plumbing-fixtures,subcategory:baths,BATH ARPON,M2,,ENSUITE,product,product:plumbing-fixtures:baths:bath-arpon,true,,,,rule,product:plumbing-fixtures:baths:bath-arpon,,missing-product-library-candidate,Physical product/material candidate.
quote-1616,1616,stage:fix-out,category:plumbing-fixtures,subcategory:baths,BATH HOB,M2,,ENSUITE,product,product:plumbing-fixtures:baths:bath-hob,true,,,,rule,product:plumbing-fixtures:baths:bath-hob,,missing-product-library-candidate,Physical product/material candidate.
quote-1617,1617,stage:unassigned,category:ensuite,subcategory:splashback,SPLASHBACK,M2,,ENSUITE,unresolved,,false,,,,unresolved,,ambiguous labour/material item,requires-review,"No reliable product, trade, category, or formula signal."
quote-1618,1618,stage:unassigned,category:ensuite,subcategory:soap-holder,SOAP HOLDER,EACH,,ENSUITE,unresolved,,false,,,,unresolved,,legacy row,requires-review,"No reliable product, trade, category, or formula signal."
quote-1619,1619,stage:fix-out,category:flooring-tiling,subcategory:freeze-tiles-50-x-200,FREEZE TILES (50 x 200),EACH,,ENSUITE,product,product:flooring-tiling:freeze-tiles-50-x-200:freeze-tiles-50-x-200,true,,,,rule,product:flooring-tiling:freeze-tiles-50-x-200:freeze-tiles-50-x-200,,missing-product-library-candidate,Physical product/material candidate.
quote-1620,1620,stage:fix-out,category:flooring-tiling,subcategory:feature-tiles,FEATURE TILES,SHEET,,ENSUITE,product,product:flooring-tiling:feature-tiles:feature-tiles,true,,,,rule,product:flooring-tiling:feature-tiles:feature-tiles,,missing-product-library-candidate,Physical product/material candidate.
quote-1621,1621,stage:unassigned,category:ensuite,subcategory:other,OTHER,M2,,ENSUITE,unresolved,,false,,,,unresolved,,ambiguous labour/material item,requires-review,"No reliable product, trade, category, or formula signal."
quote-1624,1624,stage:fix-out,category:flooring-tiling,subcategory:wall-tiles,WALL TILES,M2,,LAUNDRY,product,product:flooring-tiling:wall-tiles:wall-tiles,true,,,,rule,product:flooring-tiling:wall-tiles:wall-tiles,,missing-product-library-candidate,Physical product/material candidate.
quote-1625,1625,stage:fix-out,category:flooring-tiling,subcategory:floor-tiles,FLOOR TILES,M2,,LAUNDRY,product,product:flooring-tiling:floor-tiles:floor-tiles,true,,,,rule,product:flooring-tiling:floor-tiles:floor-tiles,,missing-product-library-candidate,Physical product/material candidate.
quote-1626,1626,stage:fix-out,category:flooring-tiling,subcategory:skirting-tiles,SKIRTING TILES,M2,,LAUNDRY,product,product:flooring-tiling:skirting-tiles:skirting-tiles,true,,,,rule,product:flooring-tiling:skirting-tiles:skirting-tiles,,missing-product-library-candidate,Physical product/material candidate.
quote-1627,1627,stage:unassigned,category:laundry,subcategory:other,OTHER,M2,,LAUNDRY,formula,,false,,,,rule,,,not-a-catalogue-record,Formula-driven row; keep out of master catalogues.
quote-1630,1630,stage:fix-out,category:plumbing-fixtures,subcategory:toilets,SKIRTING TILES,M2,,TOILET,product,product:plumbing-fixtures:toilets:skirting-tiles,true,,,,rule,product:plumbing-fixtures:toilets:skirting-tiles,,missing-product-library-candidate,Physical product/material candidate.
quote-1631,1631,stage:fix-out,category:plumbing-fixtures,subcategory:toilets,FLOOR TILES,M2,,TOILET,product,product:plumbing-fixtures:toilets:floor-tiles,true,,,,rule,product:plumbing-fixtures:toilets:floor-tiles,,missing-product-library-candidate,Physical product/material candidate.
quote-1634,1634,stage:fix-out,category:flooring-tiling,subcategory:wall-tiles,WALL TILES,M2,,OTHER ROOM/S,product,product:flooring-tiling:wall-tiles:wall-tiles,true,,,,rule,product:flooring-tiling:wall-tiles:wall-tiles,,missing-product-library-candidate,Physical product/material candidate.
quote-1635,1635,stage:fix-out,category:flooring-tiling,subcategory:floor-tiles,FLOOR TILES,M2,,OTHER ROOM/S,product,product:flooring-tiling:floor-tiles:floor-tiles,true,,,,rule,product:flooring-tiling:floor-tiles:floor-tiles,,missing-product-library-candidate,Physical product/material candidate.
quote-1636,1636,stage:fix-out,category:flooring-tiling,subcategory:skirting-tiles,SKIRTING TILES,M2,,OTHER ROOM/S,product,product:flooring-tiling:skirting-tiles:skirting-tiles,true,,,,rule,product:flooring-tiling:skirting-tiles:skirting-tiles,,missing-product-library-candidate,Physical product/material candidate.
quote-1637,1637,stage:unassigned,category:other-room-s,subcategory:other,OTHER,M2,,OTHER ROOM/S,unresolved,,false,,,,unresolved,,ambiguous labour/material item,requires-review,"No reliable product, trade, category, or formula signal."
quote-1640,1640,stage:fix-out,category:flooring-tiling,subcategory:wall-tiles,WALL TILES,M2,,KITCHEN,product,product:flooring-tiling:wall-tiles:wall-tiles,true,,,,rule,product:flooring-tiling:wall-tiles:wall-tiles,,missing-product-library-candidate,Physical product/material candidate.
quote-1641,1641,stage:fix-out,category:flooring-tiling,subcategory:floor-tiles,FLOOR TILES,M2,,KITCHEN,product,product:flooring-tiling:floor-tiles:floor-tiles,true,,,,rule,product:flooring-tiling:floor-tiles:floor-tiles,,missing-product-library-candidate,Physical product/material candidate.
quote-1642,1642,stage:fix-out,category:kitchen,subcategory:other,OTHER,M2,,KITCHEN,unresolved,,false,,,,unresolved,,ambiguous labour/material item,requires-review,"No reliable product, trade, category, or formula signal."
quote-1646,1646,stage:fix-out,category:flooring-tiling,subcategory:lay-normal-tiles,LAY NORMAL TILES,M2,,TILE LAYER,product,product:flooring-tiling:lay-normal-tiles:lay-normal-tiles,true,,,,rule,product:flooring-tiling:lay-normal-tiles:lay-normal-tiles,,missing-product-library-candidate,Physical product/material candidate.
quote-1647,1647,stage:fix-out,category:flooring-tiling,subcategory:lay-porcelain-tiles,LAY PORCELAIN TILES,M2,,TILE LAYER,product,product:flooring-tiling:lay-porcelain-tiles:lay-porcelain-tiles,true,,,,rule,product:flooring-tiling:lay-porcelain-tiles:lay-porcelain-tiles,,missing-product-library-candidate,Physical product/material candidate.
quote-1648,1648,stage:fix-out,category:plumbing-fixtures,subcategory:showers,SHOWER HOBS,EACH,,TILE LAYER,product,product:plumbing-fixtures:showers:shower-hobs,true,,,,rule,product:plumbing-fixtures:showers:shower-hobs,,missing-product-library-candidate,Physical product/material candidate.
quote-1649,1649,stage:fix-out,category:plumbing-fixtures,subcategory:baths,BATH HOBS,EACH,,TILE LAYER,product,product:plumbing-fixtures:baths:bath-hobs,true,,,,rule,product:plumbing-fixtures:baths:bath-hobs,,missing-product-library-candidate,Physical product/material candidate.
quote-1650,1650,stage:fix-out,category:flooring-tiling,subcategory:floor-wastes,FLOOR WASTES,EACH,,TILE LAYER,assembly,assembly:flooring-tiling:floor-wastes:floor-wastes,false,,quote-1650,,derived-runtime,assembly:flooring-tiling:floor-wastes:floor-wastes,,requires-assembly-model,Product/resource bundle; needs assembly template rather than single catalogue row.
quote-1651,1651,stage:fix-out,category:plumbing-fixtures,subcategory:showers,SHOWER BASES,EACH,,TILE LAYER,product,product:plumbing-fixtures:showers:shower-bases,true,,,,rule,product:plumbing-fixtures:showers:shower-bases,,missing-product-library-candidate,Physical product/material candidate.
quote-1652,1652,stage:fix-out,category:flooring-tiling,subcategory:tile-underlay-to-tiled-areas,TILE UNDERLAY TO TILED AREAS,ITEM,,TILE LAYER,product,product:flooring-tiling:tile-underlay-to-tiled-areas:tile-underlay-to-tiled-areas,true,,,,rule,product:flooring-tiling:tile-underlay-to-tiled-areas:tile-underlay-to-tiled-areas,,missing-product-library-candidate,Physical product/material candidate.
quote-1653,1653,stage:fix-out,category:flooring-tiling,subcategory:mitre-cuts,MITRE CUTS,LM,,TILE LAYER,product,product:flooring-tiling:mitre-cuts:mitre-cuts,true,,,,rule,product:flooring-tiling:mitre-cuts:mitre-cuts,,missing-product-library-candidate,Physical product/material candidate.
quote-1654,1654,stage:fix-out,category:flooring-tiling,subcategory:speciality-work,SPECIALITY WORK,M2,,TILE LAYER,product,product:flooring-tiling:speciality-work:speciality-work,true,,,,rule,product:flooring-tiling:speciality-work:speciality-work,,missing-product-library-candidate,Physical product/material candidate.
quote-1657,1657,stage:fix-out,category:plumbing-fixtures,subcategory:tapware,ITEM,UNIT,QTY,PLUMBING FITTINGS & TAPWEAR,informational,,false,,,,rule,,,not-a-catalogue-record,Repeated imported column header row; not a catalogue record.
quote-1659,1659,stage:fix-out,category:plumbing-fixtures,subcategory:tapware,QUOTE,ITEM,,PLUMBING FITTINGS & TAPWEAR,assembly,assembly:plumbing-fixtures:tapware:quote,false,,quote-1659,,derived-runtime,assembly:plumbing-fixtures:tapware:quote,,requires-assembly-model,Product/resource bundle; needs assembly template rather than single catalogue row.
quote-1662,1662,stage:fix-out,category:plumbing-fixtures,subcategory:raymor-atlantic-1-3-4-bowl,RAYMOR ATLANTIC 1 3/4 BOWL,EACH,,KITCHEN SINKS,product,product:plumbing-fixtures:raymor-atlantic-1-3-4-bowl:raymor-atlantic-1-3-4-bowl,true,,,,rule,product:plumbing-fixtures:raymor-atlantic-1-3-4-bowl:raymor-atlantic-1-3-4-bowl,,missing-product-library-candidate,Physical product/material candidate.
quote-1663,1663,stage:fix-out,category:plumbing-fixtures,subcategory:raymor-arabian-1-3-4-bowl-1080mm,RAYMOR ARABIAN 1 3/4 BOWL 1080mm,EACH,,KITCHEN SINKS,product,product:plumbing-fixtures:raymor-arabian-1-3-4-bowl-1080mm:raymor-arabian-1-3-4-bowl-1080mm,true,,,,rule,product:plumbing-fixtures:raymor-arabian-1-3-4-bowl-1080mm:raymor-arabian-1-3-4-bowl-1080mm,,missing-product-library-candidate,Physical product/material candidate.
quote-1664,1664,stage:fix-out,category:plumbing-fixtures,subcategory:raymor-coral-1-3-4-bowl-1080mm-w-col-and-brd,RAYMOR CORAL 1 3/4 BOWL 1080mm w COL & BRD,EACH,,KITCHEN SINKS,product,product:plumbing-fixtures:raymor-coral-1-3-4-bowl-1080mm-w-col-and-brd:raymor-coral-1-3-4-bowl-1080mm-w-col-and-brd,true,,,,rule,product:plumbing-fixtures:raymor-coral-1-3-4-bowl-1080mm-w-col-and-brd:raymor-coral-1-3-4-bowl-1080mm-w-col-and-brd,,missing-product-library-candidate,Physical product/material candidate.
quote-1665,1665,stage:fix-out,category:plumbing-fixtures,subcategory:oliveri-diaz-dz111-112-1-3-4-bowl-1080mm,OLIVERI DIAZ DZ111/112 1 3/4 BOWL 1080mm,EACH,,KITCHEN SINKS,product,product:plumbing-fixtures:oliveri-diaz-dz111-112-1-3-4-bowl-1080mm:oliveri-diaz-dz111-112-1-3-4-bowl-1080mm,true,,,,rule,product:plumbing-fixtures:oliveri-diaz-dz111-112-1-3-4-bowl-1080mm:oliveri-diaz-dz111-112-1-3-4-bowl-1080mm,,missing-product-library-candidate,Physical product/material candidate.
quote-1666,1666,stage:fix-out,category:plumbing-fixtures,subcategory:java-dbl-bowl-u-mount-880mm,JAVA DBL BOWL U/MOUNT 880mm,EACH,,KITCHEN SINKS,product,product:plumbing-fixtures:java-dbl-bowl-u-mount-880mm:java-dbl-bowl-u-mount-880mm,true,,,,rule,product:plumbing-fixtures:java-dbl-bowl-u-mount-880mm:java-dbl-bowl-u-mount-880mm,,missing-product-library-candidate,Physical product/material candidate.
quote-1667,1667,stage:fix-out,category:plumbing-fixtures,subcategory:oliveri-diaz-dbl-bowl-u-mount-770mm,OLIVERI DIAZ DBL BOWL U/MOUNT 770mm,EACH,,KITCHEN SINKS,product,product:plumbing-fixtures:oliveri-diaz-dbl-bowl-u-mount-770mm:oliveri-diaz-dbl-bowl-u-mount-770mm,true,,,,rule,product:plumbing-fixtures:oliveri-diaz-dbl-bowl-u-mount-770mm:oliveri-diaz-dbl-bowl-u-mount-770mm,,missing-product-library-candidate,Physical product/material candidate.
quote-1668,1668,stage:fix-out,category:plumbing-fixtures,subcategory:elan-dbl-bowl-u-mount-690mm,ELAN DBL BOWL U/MOUNT 690mm,EACH,,KITCHEN SINKS,product,product:plumbing-fixtures:elan-dbl-bowl-u-mount-690mm:elan-dbl-bowl-u-mount-690mm,true,,,,rule,product:plumbing-fixtures:elan-dbl-bowl-u-mount-690mm:elan-dbl-bowl-u-mount-690mm,,missing-product-library-candidate,Physical product/material candidate.
quote-1669,1669,stage:fix-out,category:plumbing-fixtures,subcategory:oliveri-el001-002-1-1-2-bowl-980mm,OLIVERI EL001/002 1 1/2 BOWL 980mm,EACH,,KITCHEN SINKS,product,product:plumbing-fixtures:oliveri-el001-002-1-1-2-bowl-980mm:oliveri-el001-002-1-1-2-bowl-980mm,true,,,,rule,product:plumbing-fixtures:oliveri-el001-002-1-1-2-bowl-980mm:oliveri-el001-002-1-1-2-bowl-980mm,,missing-product-library-candidate,Physical product/material candidate.
quote-1670,1670,stage:fix-out,category:plumbing-fixtures,subcategory:oliveri-el011-012-1-1-2-bowl-1080mm,OLIVERI EL011/012 1/1/2 BOWL 1080mm,EACH,,KITCHEN SINKS,product,product:plumbing-fixtures:oliveri-el011-012-1-1-2-bowl-1080mm:oliveri-el011-012-1-1-2-bowl-1080mm,true,,,,rule,product:plumbing-fixtures:oliveri-el011-012-1-1-2-bowl-1080mm:oliveri-el011-012-1-1-2-bowl-1080mm,,missing-product-library-candidate,Physical product/material candidate.
quote-1671,1671,stage:fix-out,category:plumbing-fixtures,subcategory:oliveri-el071-072-dbl-bowl-1135mm,OLIVERI EL071/072 DBL BOWL 1135mm,EACH,,KITCHEN SINKS,product,product:plumbing-fixtures:oliveri-el071-072-dbl-bowl-1135mm:oliveri-el071-072-dbl-bowl-1135mm,true,,,,rule,product:plumbing-fixtures:oliveri-el071-072-dbl-bowl-1135mm:oliveri-el071-072-dbl-bowl-1135mm,,missing-product-library-candidate,Physical product/material candidate.
quote-1672,1672,stage:fix-out,category:plumbing-fixtures,subcategory:oliveri-el063u-dbl-bowl-u-mount,OLIVERI EL063U DBL BOWL U/MOUNT,EACH,,KITCHEN SINKS,product,product:plumbing-fixtures:oliveri-el063u-dbl-bowl-u-mount:oliveri-el063u-dbl-bowl-u-mount,true,,,,rule,product:plumbing-fixtures:oliveri-el063u-dbl-bowl-u-mount:oliveri-el063u-dbl-bowl-u-mount,,missing-product-library-candidate,Physical product/material candidate.
quote-1675,1675,stage:fix-out,category:plumbing-fixtures,subcategory:tapware,RAYMOR CLERMONT,EACH,,KITCHEN TAPS,product,product:plumbing-fixtures:tapware:raymor-clermont,true,,,,rule,product:plumbing-fixtures:tapware:raymor-clermont,,missing-product-library-candidate,Physical product/material candidate.
quote-1676,1676,stage:fix-out,category:plumbing-fixtures,subcategory:tapware,RAYMOR VICTORIA SPRAY,EACH,,KITCHEN TAPS,product,product:plumbing-fixtures:tapware:raymor-victoria-spray,true,,,,rule,product:plumbing-fixtures:tapware:raymor-victoria-spray,,missing-product-library-candidate,Physical product/material candidate.
quote-1677,1677,stage:fix-out,category:plumbing-fixtures,subcategory:tapware,RAYMOR ACADEMY PILLAR,EACH,,KITCHEN TAPS,product,product:plumbing-fixtures:tapware:raymor-academy-pillar,true,,,,rule,product:plumbing-fixtures:tapware:raymor-academy-pillar,,missing-product-library-candidate,Physical product/material candidate.
quote-1678,1678,stage:fix-out,category:plumbing-fixtures,subcategory:tapware,RAYMOR TORINO GOOSENECK,EACH,,KITCHEN TAPS,product,product:plumbing-fixtures:tapware:raymor-torino-gooseneck,true,,,,rule,product:plumbing-fixtures:tapware:raymor-torino-gooseneck,,missing-product-library-candidate,Physical product/material candidate.
quote-1679,1679,stage:fix-out,category:plumbing-fixtures,subcategory:tapware,KOHLER SINGULAR,EACH,,KITCHEN TAPS,product,product:plumbing-fixtures:tapware:kohler-singular,true,,,,rule,product:plumbing-fixtures:tapware:kohler-singular,,missing-product-library-candidate,Physical product/material candidate.
quote-1680,1680,stage:fix-out,category:plumbing-fixtures,subcategory:tapware,RAYMOR TORINO MULTI FUNCTION MIXER,EACH,,KITCHEN TAPS,product,product:plumbing-fixtures:tapware:raymor-torino-multi-function-mixer,true,,,,rule,product:plumbing-fixtures:tapware:raymor-torino-multi-function-mixer,,missing-product-library-candidate,Physical product/material candidate.
quote-1681,1681,stage:fix-out,category:plumbing-fixtures,subcategory:tapware,SINK MIXER ARTESIAN - TRADELINK,EACH,,KITCHEN TAPS,product,product:plumbing-fixtures:tapware:sink-mixer-artesian-tradelink,true,,,,rule,product:plumbing-fixtures:tapware:sink-mixer-artesian-tradelink,,missing-product-library-candidate,Physical product/material candidate.
quote-1682,1682,stage:fix-out,category:plumbing-fixtures,subcategory:tapware,KOHLER JULY MIXER,EACH,,KITCHEN TAPS,product,product:plumbing-fixtures:tapware:kohler-july-mixer,true,,,,rule,product:plumbing-fixtures:tapware:kohler-july-mixer,,missing-product-library-candidate,Physical product/material candidate.
quote-1683,1683,stage:fix-out,category:plumbing-fixtures,subcategory:tapware,KOHLER VITEO/PIN,EACH,,KITCHEN TAPS,product,product:plumbing-fixtures:tapware:kohler-viteo-pin,true,,,,rule,product:plumbing-fixtures:tapware:kohler-viteo-pin,,missing-product-library-candidate,Physical product/material candidate.
quote-1684,1684,stage:fix-out,category:plumbing-fixtures,subcategory:tapware,OLIVERI SINGLE LEVER MIXER,EACH,,KITCHEN TAPS,product,product:plumbing-fixtures:tapware:oliveri-single-lever-mixer,true,,,,rule,product:plumbing-fixtures:tapware:oliveri-single-lever-mixer,,missing-product-library-candidate,Physical product/material candidate.
quote-1685,1685,stage:fix-out,category:plumbing-fixtures,subcategory:tapware,OLIVERI SINGLE LEVER GOOSENECK,EACH,,KITCHEN TAPS,product,product:plumbing-fixtures:tapware:oliveri-single-lever-gooseneck,true,,,,rule,product:plumbing-fixtures:tapware:oliveri-single-lever-gooseneck,,missing-product-library-candidate,Physical product/material candidate.
quote-1688,1688,stage:unassigned,category:plumbing-fixtures,subcategory:basins,CORAL 560 1 T/H,EACH,,VANITY BASINS,product,product:plumbing-fixtures:basins:coral-560-1-t-h,true,,,,rule,product:plumbing-fixtures:basins:coral-560-1-t-h,,missing-product-library-candidate,Physical product/material candidate.
quote-1689,1689,stage:unassigned,category:plumbing-fixtures,subcategory:basins,RAYMOR AMETHYST 405 x 410 1 T/H,EACH,,VANITY BASINS,product,product:plumbing-fixtures:basins:raymor-amethyst-405-x-410-1-t-h,true,,,,rule,product:plumbing-fixtures:basins:raymor-amethyst-405-x-410-1-t-h,,missing-product-library-candidate,Physical product/material candidate.
quote-1690,1690,stage:unassigned,category:plumbing-fixtures,subcategory:basins,RAYMOR AMETHYST 500 x 445 1 T/H,EACH,,VANITY BASINS,product,product:plumbing-fixtures:basins:raymor-amethyst-500-x-445-1-t-h,true,,,,rule,product:plumbing-fixtures:basins:raymor-amethyst-500-x-445-1-t-h,,missing-product-library-candidate,Physical product/material candidate.
quote-1691,1691,stage:unassigned,category:plumbing-fixtures,subcategory:basins,KOHLER FOREFRONT VESSEL 580 WIDE 1 T/H,EACH,,VANITY BASINS,product,product:plumbing-fixtures:basins:kohler-forefront-vessel-580-wide-1-t-h,true,,,,rule,product:plumbing-fixtures:basins:kohler-forefront-vessel-580-wide-1-t-h,,missing-product-library-candidate,Physical product/material candidate.
quote-1692,1692,stage:unassigned,category:plumbing-fixtures,subcategory:basins,KOHLER VESSEL FOREFRONT NO T/H 413 WIDE,EACH,,VANITY BASINS,product,product:plumbing-fixtures:basins:kohler-vessel-forefront-no-t-h-413-wide,true,,,,rule,product:plumbing-fixtures:basins:kohler-vessel-forefront-no-t-h-413-wide,,missing-product-library-candidate,Physical product/material candidate.
quote-1693,1693,stage:unassigned,category:plumbing-fixtures,subcategory:basins,KOHLER CONICAL BELL VESSEL,EACH,,VANITY BASINS,product,product:plumbing-fixtures:basins:kohler-conical-bell-vessel,true,,,,rule,product:plumbing-fixtures:basins:kohler-conical-bell-vessel,,missing-product-library-candidate,Physical product/material candidate.
quote-1694,1694,stage:unassigned,category:plumbing-fixtures,subcategory:basins,RAYMOR CORAL SEMI RECESSED 1 T/H 500 x 430,EACH,,VANITY BASINS,product,product:plumbing-fixtures:basins:raymor-coral-semi-recessed-1-t-h-500-x-430,true,,,,rule,product:plumbing-fixtures:basins:raymor-coral-semi-recessed-1-t-h-500-x-430,,missing-product-library-candidate,Physical product/material candidate.
quote-1695,1695,stage:unassigned,category:plumbing-fixtures,subcategory:basins,RAYMOR AQUAMARINE SEMI RECESSED 1 T/H,EACH,,VANITY BASINS,product,product:plumbing-fixtures:basins:raymor-aquamarine-semi-recessed-1-t-h,true,,,,rule,product:plumbing-fixtures:basins:raymor-aquamarine-semi-recessed-1-t-h,,missing-product-library-candidate,Physical product/material candidate.
quote-1696,1696,stage:unassigned,category:plumbing-fixtures,subcategory:basins,SAPPHIRE ROUND U/MOUNT 385 WIDE,EACH,,VANITY BASINS,assembly,assembly:plumbing-fixtures:basins:sapphire-round-u-mount-385-wide,false,,quote-1696,,derived-runtime,assembly:plumbing-fixtures:basins:sapphire-round-u-mount-385-wide,,requires-assembly-model,Product/resource bundle; needs assembly template rather than single catalogue row.
quote-1697,1697,stage:unassigned,category:plumbing-fixtures,subcategory:basins,SAPPHIRE RECT U/MOUNT 500 x 375,EACH,,VANITY BASINS,assembly,assembly:plumbing-fixtures:basins:sapphire-rect-u-mount-500-x-375,false,,quote-1697,,derived-runtime,assembly:plumbing-fixtures:basins:sapphire-rect-u-mount-500-x-375,,requires-assembly-model,Product/resource bundle; needs assembly template rather than single catalogue row.
quote-1698,1698,stage:unassigned,category:plumbing-fixtures,subcategory:basins,LADENA UNDER COUNTER BASIN,EACH,,VANITY BASINS,informational,,false,,,,rule,,,not-a-catalogue-record,Informational or confirmation-only row.
quote-1699,1699,stage:unassigned,category:plumbing-fixtures,subcategory:basins,QUARTZ WALL MOUNT 1 T/H,EACH,,VANITY BASINS,product,product:plumbing-fixtures:basins:quartz-wall-mount-1-t-h,true,,,,rule,product:plumbing-fixtures:basins:quartz-wall-mount-1-t-h,,missing-product-library-candidate,Physical product/material candidate.
quote-1700,1700,stage:unassigned,category:plumbing-fixtures,subcategory:basins,RAYMOR CORAL WALL MOUNT 1 T/H,EACH,,VANITY BASINS,product,product:plumbing-fixtures:basins:raymor-coral-wall-mount-1-t-h,true,,,,rule,product:plumbing-fixtures:basins:raymor-coral-wall-mount-1-t-h,,missing-product-library-candidate,Physical product/material candidate.
quote-1701,1701,stage:unassigned,category:plumbing-fixtures,subcategory:basins,RAYMOR CORAL PEDESTAL STAND,EACH,,VANITY BASINS,product,product:plumbing-fixtures:basins:raymor-coral-pedestal-stand,true,,,,rule,product:plumbing-fixtures:basins:raymor-coral-pedestal-stand,,missing-product-library-candidate,Physical product/material candidate.
quote-1702,1702,stage:unassigned,category:plumbing-fixtures,subcategory:basins,PRESQUILE WALL MOUNT 450 W/TOWEL RAIL,EACH,,VANITY BASINS,product,product:plumbing-fixtures:basins:presquile-wall-mount-450-w-towel-rail,true,,,,rule,product:plumbing-fixtures:basins:presquile-wall-mount-450-w-towel-rail,,missing-product-library-candidate,Physical product/material candidate.
quote-1703,1703,stage:unassigned,category:plumbing-fixtures,subcategory:basins,ESCALE 500 WALL MOUNT 1 T/H W/ TOWEL RAIL,EACH,,VANITY BASINS,product,product:plumbing-fixtures:basins:escale-500-wall-mount-1-t-h-w-towel-rail,true,,,,rule,product:plumbing-fixtures:basins:escale-500-wall-mount-1-t-h-w-towel-rail,,missing-product-library-candidate,Physical product/material candidate.
quote-1704,1704,stage:unassigned,category:plumbing-fixtures,subcategory:basins,PLUG & WASTE SET - POP UP,EACH,,VANITY BASINS,assembly,assembly:plumbing-fixtures:basins:plug-and-waste-set-pop-up,false,,quote-1704,,derived-runtime,assembly:plumbing-fixtures:basins:plug-and-waste-set-pop-up,,requires-assembly-model,Product/resource bundle; needs assembly template rather than single catalogue row.
quote-1706,1706,stage:unassigned,category:plumbing-fixtures,subcategory:tapware,BASIN MIXERS,,,VANITY BASINS,heading,,false,,,,rule,,,not-a-catalogue-record,Section-like row with no useful pricing unit or quantity.
quote-1707,1707,stage:unassigned,category:plumbing-fixtures,subcategory:basins,RAYMOR CLERMONT,EACH,,VANITY BASINS,product,product:plumbing-fixtures:basins:raymor-clermont,true,,,,rule,product:plumbing-fixtures:basins:raymor-clermont,,missing-product-library-candidate,Physical product/material candidate.
quote-1708,1708,stage:unassigned,category:plumbing-fixtures,subcategory:basins,RAYMOR ACADEMY PILLAR 76mm,EACH,,VANITY BASINS,product,product:plumbing-fixtures:basins:raymor-academy-pillar-76mm,true,,,,rule,product:plumbing-fixtures:basins:raymor-academy-pillar-76mm,,missing-product-library-candidate,Physical product/material candidate.
quote-1709,1709,stage:unassigned,category:plumbing-fixtures,subcategory:basins,RAYMOR ACADEMY PILLAR 220mm,EACH,,VANITY BASINS,product,product:plumbing-fixtures:basins:raymor-academy-pillar-220mm,true,,,,rule,product:plumbing-fixtures:basins:raymor-academy-pillar-220mm,,missing-product-library-candidate,Physical product/material candidate.
quote-1710,1710,stage:unassigned,category:plumbing-fixtures,subcategory:tapware,ARTISIAN BASIN MIXER,EACH,,VANITY BASINS,product,product:plumbing-fixtures:tapware:artisian-basin-mixer,true,,,,rule,product:plumbing-fixtures:tapware:artisian-basin-mixer,,missing-product-library-candidate,Physical product/material candidate.
quote-1711,1711,stage:unassigned,category:plumbing-fixtures,subcategory:basins,KOHLER JULY,EACH,,VANITY BASINS,product,product:plumbing-fixtures:basins:kohler-july,true,,,,rule,product:plumbing-fixtures:basins:kohler-july,,missing-product-library-candidate,Physical product/material candidate.
quote-1712,1712,stage:unassigned,category:plumbing-fixtures,subcategory:basins,KOHLER VITEO PIN,EACH,,VANITY BASINS,product,product:plumbing-fixtures:basins:kohler-viteo-pin,true,,,,rule,product:plumbing-fixtures:basins:kohler-viteo-pin,,missing-product-library-candidate,Physical product/material candidate.
quote-1713,1713,stage:unassigned,category:plumbing-fixtures,subcategory:basins,KOHLER SINGULIER,EACH,,VANITY BASINS,product,product:plumbing-fixtures:basins:kohler-singulier,true,,,,rule,product:plumbing-fixtures:basins:kohler-singulier,,missing-product-library-candidate,Physical product/material candidate.
quote-1714,1714,stage:unassigned,category:plumbing-fixtures,subcategory:basins,KOHLER SINGULIER TALL,EACH,,VANITY BASINS,product,product:plumbing-fixtures:basins:kohler-singulier-tall,true,,,,rule,product:plumbing-fixtures:basins:kohler-singulier-tall,,missing-product-library-candidate,Physical product/material candidate.
quote-1717,1717,stage:unassigned,category:plumbing-fixtures,subcategory:tapware,RAYMOR CLERMONT,EACH,,WALL MIXERS,product,product:plumbing-fixtures:tapware:raymor-clermont,true,,,,rule,product:plumbing-fixtures:tapware:raymor-clermont,,missing-product-library-candidate,Physical product/material candidate.
quote-1718,1718,stage:unassigned,category:plumbing-fixtures,subcategory:tapware,RAYMOR ACADEMY PILLAR,EACH,,WALL MIXERS,product,product:plumbing-fixtures:tapware:raymor-academy-pillar,true,,,,rule,product:plumbing-fixtures:tapware:raymor-academy-pillar,,missing-product-library-candidate,Physical product/material candidate.
quote-1719,1719,stage:unassigned,category:plumbing-fixtures,subcategory:tapware,KOHLER JULY,EACH,,WALL MIXERS,product,product:plumbing-fixtures:tapware:kohler-july,true,,,,rule,product:plumbing-fixtures:tapware:kohler-july,,missing-product-library-candidate,Physical product/material candidate.
quote-1720,1720,stage:unassigned,category:plumbing-fixtures,subcategory:tapware,KOHLER VITEO PIN,EACH,,WALL MIXERS,product,product:plumbing-fixtures:tapware:kohler-viteo-pin,true,,,,rule,product:plumbing-fixtures:tapware:kohler-viteo-pin,,missing-product-library-candidate,Physical product/material candidate.
quote-1721,1721,stage:unassigned,category:plumbing-fixtures,subcategory:tapware,KOHLER SINGULIER,EACH,,WALL MIXERS,product,product:plumbing-fixtures:tapware:kohler-singulier,true,,,,rule,product:plumbing-fixtures:tapware:kohler-singulier,,missing-product-library-candidate,Physical product/material candidate.
quote-1724,1724,stage:fix-out,category:plumbing-fixtures,subcategory:baths,RAYMOR UPSWEPT,EACH,,BATH SPOUTS,product,product:plumbing-fixtures:baths:raymor-upswept,true,,,,rule,product:plumbing-fixtures:baths:raymor-upswept,,missing-product-library-candidate,Physical product/material candidate.
quote-1725,1725,stage:fix-out,category:plumbing-fixtures,subcategory:baths,RAYMOR RODIN,EACH,,BATH SPOUTS,product,product:plumbing-fixtures:baths:raymor-rodin,true,,,,rule,product:plumbing-fixtures:baths:raymor-rodin,,missing-product-library-candidate,Physical product/material candidate.
quote-1726,1726,stage:fix-out,category:plumbing-fixtures,subcategory:baths,TESSA,EACH,,BATH SPOUTS,product,product:plumbing-fixtures:baths:tessa,true,,,,rule,product:plumbing-fixtures:baths:tessa,,missing-product-library-candidate,Physical product/material candidate.
quote-1727,1727,stage:fix-out,category:plumbing-fixtures,subcategory:baths,BROADWAY,EACH,,BATH SPOUTS,product,product:plumbing-fixtures:baths:broadway,true,,,,rule,product:plumbing-fixtures:baths:broadway,,missing-product-library-candidate,Physical product/material candidate.
quote-1728,1728,stage:fix-out,category:plumbing-fixtures,subcategory:baths,ACADEMY 175mm,EACH,,BATH SPOUTS,product,product:plumbing-fixtures:baths:academy-175mm,true,,,,rule,product:plumbing-fixtures:baths:academy-175mm,,missing-product-library-candidate,Physical product/material candidate.
quote-1729,1729,stage:fix-out,category:plumbing-fixtures,subcategory:baths,ACADEMY 115mm,EACH,,BATH SPOUTS,product,product:plumbing-fixtures:baths:academy-115mm,true,,,,rule,product:plumbing-fixtures:baths:academy-115mm,,missing-product-library-candidate,Physical product/material candidate.
quote-1730,1730,stage:fix-out,category:plumbing-fixtures,subcategory:baths,RODIN HOB MOUNT,EACH,,BATH SPOUTS,product,product:plumbing-fixtures:baths:rodin-hob-mount,true,,,,rule,product:plumbing-fixtures:baths:rodin-hob-mount,,missing-product-library-candidate,Physical product/material candidate.
quote-1731,1731,stage:fix-out,category:plumbing-fixtures,subcategory:baths,BOSTON ACADEMY,EACH,,BATH SPOUTS,product,product:plumbing-fixtures:baths:boston-academy,true,,,,rule,product:plumbing-fixtures:baths:boston-academy,,missing-product-library-candidate,Physical product/material candidate.
quote-1734,1734,stage:unassigned,category:plumbing-fixtures,subcategory:tapware,RAYMOR TAPAC SINGLE FUNCTION,EACH,,SHOWERS,product,product:plumbing-fixtures:tapware:raymor-tapac-single-function,true,,,,rule,product:plumbing-fixtures:tapware:raymor-tapac-single-function,,missing-product-library-candidate,Physical product/material candidate.
quote-1735,1735,stage:unassigned,category:plumbing-fixtures,subcategory:showers,KOHLER ELEVATION,EACH,,SHOWERS,product,product:plumbing-fixtures:showers:kohler-elevation,true,,,,rule,product:plumbing-fixtures:showers:kohler-elevation,,missing-product-library-candidate,Physical product/material candidate.
quote-1736,1736,stage:unassigned,category:plumbing-fixtures,subcategory:showers,RAYMOR BOSTON,EACH,,SHOWERS,product,product:plumbing-fixtures:showers:raymor-boston,true,,,,rule,product:plumbing-fixtures:showers:raymor-boston,,missing-product-library-candidate,Physical product/material candidate.
quote-1737,1737,stage:unassigned,category:plumbing-fixtures,subcategory:showers,KOHLER FLIPSIDE 4,EACH,,SHOWERS,product,product:plumbing-fixtures:showers:kohler-flipside-4,true,,,,rule,product:plumbing-fixtures:showers:kohler-flipside-4,,missing-product-library-candidate,Physical product/material candidate.
quote-1738,1738,stage:unassigned,category:plumbing-fixtures,subcategory:showers,RAYMOR AMADA 3 FUNCTION,EACH,,SHOWERS,product,product:plumbing-fixtures:showers:raymor-amada-3-function,true,,,,rule,product:plumbing-fixtures:showers:raymor-amada-3-function,,missing-product-library-candidate,Physical product/material candidate.
quote-1739,1739,stage:unassigned,category:plumbing-fixtures,subcategory:showers,BONDI RAIL,EACH,,SHOWERS,product,product:plumbing-fixtures:showers:bondi-rail,true,,,,rule,product:plumbing-fixtures:showers:bondi-rail,,missing-product-library-candidate,Physical product/material candidate.
quote-1740,1740,stage:unassigned,category:plumbing-fixtures,subcategory:showers,KOHLER SLIDE RAIL WITH FLIPSIDE 4 HEAD,EACH,,SHOWERS,product,product:plumbing-fixtures:showers:kohler-slide-rail-with-flipside-4-head,true,,,,rule,product:plumbing-fixtures:showers:kohler-slide-rail-with-flipside-4-head,,missing-product-library-candidate,Physical product/material candidate.
quote-1741,1741,stage:unassigned,category:plumbing-fixtures,subcategory:showers,TWIN WATERS RAIL WITH COSMIC & BONDI HEADS,EACH,,SHOWERS,product,product:plumbing-fixtures:showers:twin-waters-rail-with-cosmic-and-bondi-heads,true,,,,rule,product:plumbing-fixtures:showers:twin-waters-rail-with-cosmic-and-bondi-heads,,missing-product-library-candidate,Physical product/material candidate.
quote-1742,1742,stage:unassigned,category:plumbing-fixtures,subcategory:showers,KOHLER SQUARE 20mm RAIN KATALYST ON RAIL,EACH,,SHOWERS,product,product:plumbing-fixtures:showers:kohler-square-20mm-rain-katalyst-on-rail,true,,,,rule,product:plumbing-fixtures:showers:kohler-square-20mm-rain-katalyst-on-rail,,missing-product-library-candidate,Physical product/material candidate.
quote-1743,1743,stage:unassigned,category:plumbing-fixtures,subcategory:showers,KOHLER ROUND 20mm RAIN KATALYST ON RAIL,EACH,,SHOWERS,product,product:plumbing-fixtures:showers:kohler-round-20mm-rain-katalyst-on-rail,true,,,,rule,product:plumbing-fixtures:showers:kohler-round-20mm-rain-katalyst-on-rail,,missing-product-library-candidate,Physical product/material candidate.
quote-1744,1744,stage:unassigned,category:plumbing-fixtures,subcategory:showers,KOHLER CEILING MOUNT ARM,EACH,,SHOWERS,product,product:plumbing-fixtures:showers:kohler-ceiling-mount-arm,true,,,,rule,product:plumbing-fixtures:showers:kohler-ceiling-mount-arm,,missing-product-library-candidate,Physical product/material candidate.
quote-1745,1745,stage:unassigned,category:plumbing-fixtures,subcategory:showers,KATALYST RAIN HEAD 250mm SQUARE,EACH,,SHOWERS,product,product:plumbing-fixtures:showers:katalyst-rain-head-250mm-square,true,,,,rule,product:plumbing-fixtures:showers:katalyst-rain-head-250mm-square,,missing-product-library-candidate,Physical product/material candidate.
quote-1746,1746,stage:unassigned,category:plumbing-fixtures,subcategory:showers,KATALYST RAIN HEAD 250mm ROUND,EACH,,SHOWERS,product,product:plumbing-fixtures:showers:katalyst-rain-head-250mm-round,true,,,,rule,product:plumbing-fixtures:showers:katalyst-rain-head-250mm-round,,missing-product-library-candidate,Physical product/material candidate.
quote-1749,1749,stage:unassigned,category:plumbing-fixtures,subcategory:toilets,PRIMA LINK SUITE,EACH,,TOILETS,product,product:plumbing-fixtures:toilets:prima-link-suite,true,,,,rule,product:plumbing-fixtures:toilets:prima-link-suite,,missing-product-library-candidate,Physical product/material candidate.
quote-1750,1750,stage:unassigned,category:plumbing-fixtures,subcategory:toilets,ANDORRA II (SHORTEN) CLOSE COUPLE,EACH,,TOILETS,product,product:plumbing-fixtures:toilets:andorra-ii-shorten-close-couple,true,,,,rule,product:plumbing-fixtures:toilets:andorra-ii-shorten-close-couple,,missing-product-library-candidate,Physical product/material candidate.
quote-1751,1751,stage:unassigned,category:plumbing-fixtures,subcategory:toilets,ARTEGO C/C,EACH,,TOILETS,product,product:plumbing-fixtures:toilets:artego-c-c,true,,,,rule,product:plumbing-fixtures:toilets:artego-c-c,,missing-product-library-candidate,Physical product/material candidate.
quote-1752,1752,stage:unassigned,category:plumbing-fixtures,subcategory:toilets,KOHLER PANACHE C/C,EACH,,TOILETS,informational,,false,,,,rule,,,not-a-catalogue-record,Informational or confirmation-only row.
quote-1753,1753,stage:unassigned,category:plumbing-fixtures,subcategory:toilets,BANKSIA W/FACE C/C,EACH,,TOILETS,product,product:plumbing-fixtures:toilets:banksia-w-face-c-c,true,,,,rule,product:plumbing-fixtures:toilets:banksia-w-face-c-c,,missing-product-library-candidate,Physical product/material candidate.
quote-1754,1754,stage:unassigned,category:plumbing-fixtures,subcategory:toilets,CAROME ARTEGO WALL FACED,EACH,,TOILETS,product,product:plumbing-fixtures:toilets:carome-artego-wall-faced,true,,,,rule,product:plumbing-fixtures:toilets:carome-artego-wall-faced,,missing-product-library-candidate,Physical product/material candidate.
quote-1755,1755,stage:unassigned,category:plumbing-fixtures,subcategory:toilets,KOHLER PARLIAMENT,EACH,,TOILETS,product,product:plumbing-fixtures:toilets:kohler-parliament,true,,,,rule,product:plumbing-fixtures:toilets:kohler-parliament,,missing-product-library-candidate,Physical product/material candidate.
quote-1756,1756,stage:unassigned,category:plumbing-fixtures,subcategory:toilets,PANACHE WITH INWALL CISTERN,EACH,,TOILETS,informational,,false,,,,rule,,,not-a-catalogue-record,Informational or confirmation-only row.
quote-1759,1759,stage:fix-out,category:plumbing-fixtures,subcategory:baths,RAYMOR RECLINE 1510mm,EACH,,BATHS,product,product:plumbing-fixtures:baths:raymor-recline-1510mm,true,,,,rule,product:plumbing-fixtures:baths:raymor-recline-1510mm,,missing-product-library-candidate,Physical product/material candidate.
quote-1760,1760,stage:fix-out,category:plumbing-fixtures,subcategory:baths,RAYMOR RECLINE 1650mm,EACH,,BATHS,product,product:plumbing-fixtures:baths:raymor-recline-1650mm,true,,,,rule,product:plumbing-fixtures:baths:raymor-recline-1650mm,,missing-product-library-candidate,Physical product/material candidate.
quote-1761,1761,stage:fix-out,category:plumbing-fixtures,subcategory:baths,NOVARA DECINA 1525mm,EACH,,BATHS,informational,,false,,,,rule,,,not-a-catalogue-record,Informational or confirmation-only row.
quote-1762,1762,stage:fix-out,category:plumbing-fixtures,subcategory:baths,NOVARA DECINA 1665mm,EACH,,BATHS,informational,,false,,,,rule,,,not-a-catalogue-record,Informational or confirmation-only row.
quote-1763,1763,stage:fix-out,category:plumbing-fixtures,subcategory:baths,JAMAICA RECTANGLE 1510mm,EACH,,BATHS,product,product:plumbing-fixtures:baths:jamaica-rectangle-1510mm,true,,,,rule,product:plumbing-fixtures:baths:jamaica-rectangle-1510mm,,missing-product-library-candidate,Physical product/material candidate.
quote-1764,1764,stage:fix-out,category:plumbing-fixtures,subcategory:baths,JAMAICA RECTANGLE 1645mm,EACH,,BATHS,product,product:plumbing-fixtures:baths:jamaica-rectangle-1645mm,true,,,,rule,product:plumbing-fixtures:baths:jamaica-rectangle-1645mm,,missing-product-library-candidate,Physical product/material candidate.
quote-1765,1765,stage:fix-out,category:plumbing-fixtures,subcategory:baths,CARINA DECINA 1675mm ISLAND,EACH,,BATHS,informational,,false,,,,rule,,,not-a-catalogue-record,Informational or confirmation-only row.
quote-1766,1766,stage:fix-out,category:plumbing-fixtures,subcategory:baths,CARINA DECINA 1750mm ISLAND,EACH,,BATHS,informational,,false,,,,rule,,,not-a-catalogue-record,Informational or confirmation-only row.
quote-1767,1767,stage:fix-out,category:plumbing-fixtures,subcategory:baths,JAMIACA 1790mm ISLAND,EACH,,BATHS,product,product:plumbing-fixtures:baths:jamiaca-1790mm-island,true,,,,rule,product:plumbing-fixtures:baths:jamiaca-1790mm-island,,missing-product-library-candidate,Physical product/material candidate.
quote-1768,1768,stage:fix-out,category:plumbing-fixtures,subcategory:baths,UNO DECINA 1530mm ISLAND,EACH,,BATHS,informational,,false,,,,rule,,,not-a-catalogue-record,Informational or confirmation-only row.
quote-1769,1769,stage:fix-out,category:plumbing-fixtures,subcategory:baths,UNO DECINA 1700mm ISLAND,EACH,,BATHS,informational,,false,,,,rule,,,not-a-catalogue-record,Informational or confirmation-only row.
quote-1770,1770,stage:fix-out,category:plumbing-fixtures,subcategory:baths,CAVAL DECINA 1790mm ISLAND,EACH,,BATHS,informational,,false,,,,rule,,,not-a-catalogue-record,Informational or confirmation-only row.
quote-1772,1772,stage:fix-out,category:plumbing-fixtures,subcategory:baths,FREESTANDING BATHS,,,BATHS,heading,,false,,,,rule,,,not-a-catalogue-record,Section-like row with no useful pricing unit or quantity.
quote-1773,1773,stage:fix-out,category:plumbing-fixtures,subcategory:baths,ADESSO BIANCO OVAL 1750mm,EACH,,BATHS,product,product:plumbing-fixtures:baths:adesso-bianco-oval-1750mm,true,,,,rule,product:plumbing-fixtures:baths:adesso-bianco-oval-1750mm,,missing-product-library-candidate,Physical product/material candidate.
quote-1774,1774,stage:fix-out,category:plumbing-fixtures,subcategory:baths,ADESSO BIANCO SQUARE 1750mm,EACH,,BATHS,product,product:plumbing-fixtures:baths:adesso-bianco-square-1750mm,true,,,,rule,product:plumbing-fixtures:baths:adesso-bianco-square-1750mm,,missing-product-library-candidate,Physical product/material candidate.
quote-1777,1777,stage:fix-out,category:plumbing-fixtures,subcategory:baths,ARUBA CNR SANTAI HEAT PUMP 6 JET,EACH,,SPA BATHS,product,product:plumbing-fixtures:baths:aruba-cnr-santai-heat-pump-6-jet,true,,,,rule,product:plumbing-fixtures:baths:aruba-cnr-santai-heat-pump-6-jet,,missing-product-library-candidate,Physical product/material candidate.
quote-1778,1778,stage:fix-out,category:plumbing-fixtures,subcategory:baths,ARUBA CNR SANTAI HEAT PUMP 12 JET,EACH,,SPA BATHS,product,product:plumbing-fixtures:baths:aruba-cnr-santai-heat-pump-12-jet,true,,,,rule,product:plumbing-fixtures:baths:aruba-cnr-santai-heat-pump-12-jet,,missing-product-library-candidate,Physical product/material candidate.
quote-1779,1779,stage:frame,category:plumbing-fixtures,subcategory:baths,FRAME BASE SUPPORT DECINA GALV,EACH,,SPA BATHS,informational,,false,,,,rule,,,not-a-catalogue-record,Informational or confirmation-only row.
quote-1780,1780,stage:fix-out,category:plumbing-fixtures,subcategory:baths,ARUBA RECT SANTAI HEAT PUMP 6 JET 1520mm,EACH,,SPA BATHS,product,product:plumbing-fixtures:baths:aruba-rect-santai-heat-pump-6-jet-1520mm,true,,,,rule,product:plumbing-fixtures:baths:aruba-rect-santai-heat-pump-6-jet-1520mm,,missing-product-library-candidate,Physical product/material candidate.
quote-1781,1781,stage:fix-out,category:plumbing-fixtures,subcategory:baths,ARUBA RECT SANTAI HEAT PUMP 6 JET 1665mm,EACH,,SPA BATHS,product,product:plumbing-fixtures:baths:aruba-rect-santai-heat-pump-6-jet-1665mm,true,,,,rule,product:plumbing-fixtures:baths:aruba-rect-santai-heat-pump-6-jet-1665mm,,missing-product-library-candidate,Physical product/material candidate.
quote-1782,1782,stage:fix-out,category:plumbing-fixtures,subcategory:baths,ARUBA RECT SANTAI HEAT PUMP 12 JET 1665mm,EACH,,SPA BATHS,product,product:plumbing-fixtures:baths:aruba-rect-santai-heat-pump-12-jet-1665mm,true,,,,rule,product:plumbing-fixtures:baths:aruba-rect-santai-heat-pump-12-jet-1665mm,,missing-product-library-candidate,Physical product/material candidate.
quote-1783,1783,stage:fix-out,category:plumbing-fixtures,subcategory:baths,ARUBA RECT SANTAI HEAT PUMP 12 JET 1790mm,EACH,,SPA BATHS,product,product:plumbing-fixtures:baths:aruba-rect-santai-heat-pump-12-jet-1790mm,true,,,,rule,product:plumbing-fixtures:baths:aruba-rect-santai-heat-pump-12-jet-1790mm,,missing-product-library-candidate,Physical product/material candidate.
quote-1784,1784,stage:fix-out,category:plumbing-fixtures,subcategory:baths,JAMAICA RECT SANTAI HEAT PUMP 7 JET 1510mm,EACH,,SPA BATHS,product,product:plumbing-fixtures:baths:jamaica-rect-santai-heat-pump-7-jet-1510mm,true,,,,rule,product:plumbing-fixtures:baths:jamaica-rect-santai-heat-pump-7-jet-1510mm,,missing-product-library-candidate,Physical product/material candidate.
quote-1785,1785,stage:fix-out,category:plumbing-fixtures,subcategory:baths,JAMAICA RECT SANTAI HEAT PUMP 9 JET 1645mm,EACH,,SPA BATHS,product,product:plumbing-fixtures:baths:jamaica-rect-santai-heat-pump-9-jet-1645mm,true,,,,rule,product:plumbing-fixtures:baths:jamaica-rect-santai-heat-pump-9-jet-1645mm,,missing-product-library-candidate,Physical product/material candidate.
quote-1786,1786,stage:fix-out,category:plumbing-fixtures,subcategory:baths,JAMAICA RECT SANTAI HEAT PUMP 12 JET 1790mm,EACH,,SPA BATHS,product,product:plumbing-fixtures:baths:jamaica-rect-santai-heat-pump-12-jet-1790mm,true,,,,rule,product:plumbing-fixtures:baths:jamaica-rect-santai-heat-pump-12-jet-1790mm,,missing-product-library-candidate,Physical product/material candidate.
quote-1787,1787,stage:frame,category:plumbing-fixtures,subcategory:baths,FRAME BASE SUPPORT DECINA GALV,EACH,,SPA BATHS,informational,,false,,,,rule,,,not-a-catalogue-record,Informational or confirmation-only row.
quote-1788,1788,stage:fix-out,category:plumbing-fixtures,subcategory:baths,JAMIACE OVAL SANTAI HEAT PUMP 14 JET 1800mm,EACH,,SPA BATHS,product,product:plumbing-fixtures:baths:jamiace-oval-santai-heat-pump-14-jet-1800mm,true,,,,rule,product:plumbing-fixtures:baths:jamiace-oval-santai-heat-pump-14-jet-1800mm,,missing-product-library-candidate,Physical product/material candidate.
quote-1789,1789,stage:frame,category:plumbing-fixtures,subcategory:baths,FRAME BASE SUPPORT DECINA GALV,EACH,,SPA BATHS,informational,,false,,,,rule,,,not-a-catalogue-record,Informational or confirmation-only row.
quote-1794,1794,stage:fix-out,category:cabinetry,subcategory:cabinet-units-components,45L S/S TUB AND PROJECT METAL CABINET,EACH,,LAUNDRY TUBS,unresolved,,false,,,,unresolved,,ambiguous labour/material item,requires-review,"No reliable product, trade, category, or formula signal."
quote-1795,1795,stage:unassigned,category:laundry-tubs,subcategory:35l-nuglem-benchline-s-s-drop-in-tub,35L NUGLEM BENCHLINE S/S DROP IN TUB,EACH,,LAUNDRY TUBS,unresolved,,false,,,,unresolved,,ambiguous labour/material item,requires-review,"No reliable product, trade, category, or formula signal."
quote-1796,1796,stage:unassigned,category:laundry-tubs,subcategory:45l-java-drop-in-600-x-500-tub,45L JAVA DROP IN 600 X 500 TUB,EACH,,LAUNDRY TUBS,unresolved,,false,,,,unresolved,,ambiguous labour/material item,requires-review,"No reliable product, trade, category, or formula signal."
quote-1797,1797,stage:unassigned,category:laundry-tubs,subcategory:metro-utility-1-t-h-l-hand-35l-no-bypass,METRO UTILITY 1 T/H L/HAND 35L NO BYPASS,EACH,,LAUNDRY TUBS,unresolved,,false,,,,unresolved,,ambiguous labour/material item,requires-review,"No reliable product, trade, category, or formula signal."
quote-1798,1798,stage:unassigned,category:laundry-tubs,subcategory:metro-utility-1-t-h-r-hand-35l-no-bypass,METRO UTILITY 1 T/H R/HAND 35L NO BYPASS,EACH,,LAUNDRY TUBS,unresolved,,false,,,,unresolved,,ambiguous labour/material item,requires-review,"No reliable product, trade, category, or formula signal."
quote-1799,1799,stage:unassigned,category:laundry-tubs,subcategory:metro-utility-no-t-h-35l-no-bypass,METRO UTILITY NO T/H 35L NO BYPASS,EACH,,LAUNDRY TUBS,unresolved,,false,,,,unresolved,,ambiguous labour/material item,requires-review,"No reliable product, trade, category, or formula signal."
quote-1800,1800,stage:fix-out,category:appliances,subcategory:oliveri-45-drop-in-winning-appliances,OLIVERI 45 DROP IN - WINNING APPLIANCES,EACH,,LAUNDRY TUBS,unresolved,,false,,,,unresolved,,ambiguous labour/material item,requires-review,"No reliable product, trade, category, or formula signal."
quote-1803,1803,stage:unassigned,category:plumbing-fixtures,subcategory:tapware,RAYMOR CLERMONT,EACH,,LAUNDRY TAPS,product,product:plumbing-fixtures:tapware:raymor-clermont,true,,,,rule,product:plumbing-fixtures:tapware:raymor-clermont,,missing-product-library-candidate,Physical product/material candidate.
quote-1804,1804,stage:unassigned,category:plumbing-fixtures,subcategory:tapware,RAYMOR VICTORIA SPRAY,EACH,,LAUNDRY TAPS,product,product:plumbing-fixtures:tapware:raymor-victoria-spray,true,,,,rule,product:plumbing-fixtures:tapware:raymor-victoria-spray,,missing-product-library-candidate,Physical product/material candidate.
quote-1805,1805,stage:unassigned,category:plumbing-fixtures,subcategory:tapware,RAYMOR ACADEMY PILLAR,EACH,,LAUNDRY TAPS,product,product:plumbing-fixtures:tapware:raymor-academy-pillar,true,,,,rule,product:plumbing-fixtures:tapware:raymor-academy-pillar,,missing-product-library-candidate,Physical product/material candidate.
quote-1806,1806,stage:unassigned,category:plumbing-fixtures,subcategory:tapware,RAYMOR TORINO GOOSENECK,EACH,,LAUNDRY TAPS,product,product:plumbing-fixtures:tapware:raymor-torino-gooseneck,true,,,,rule,product:plumbing-fixtures:tapware:raymor-torino-gooseneck,,missing-product-library-candidate,Physical product/material candidate.
quote-1807,1807,stage:unassigned,category:plumbing-fixtures,subcategory:tapware,KOHLER SINGULAR,EACH,,LAUNDRY TAPS,product,product:plumbing-fixtures:tapware:kohler-singular,true,,,,rule,product:plumbing-fixtures:tapware:kohler-singular,,missing-product-library-candidate,Physical product/material candidate.
quote-1808,1808,stage:unassigned,category:plumbing-fixtures,subcategory:tapware,RAYMOR TORINO MULTI FUNCTION MIXER,EACH,,LAUNDRY TAPS,product,product:plumbing-fixtures:tapware:raymor-torino-multi-function-mixer,true,,,,rule,product:plumbing-fixtures:tapware:raymor-torino-multi-function-mixer,,missing-product-library-candidate,Physical product/material candidate.
quote-1809,1809,stage:unassigned,category:plumbing-fixtures,subcategory:tapware,SINK MIXER ARTESIAN - TRADELINK,EACH,,LAUNDRY TAPS,product,product:plumbing-fixtures:tapware:sink-mixer-artesian-tradelink,true,,,,rule,product:plumbing-fixtures:tapware:sink-mixer-artesian-tradelink,,missing-product-library-candidate,Physical product/material candidate.
quote-1810,1810,stage:unassigned,category:plumbing-fixtures,subcategory:tapware,KOHLER JULY MIXER,EACH,,LAUNDRY TAPS,product,product:plumbing-fixtures:tapware:kohler-july-mixer,true,,,,rule,product:plumbing-fixtures:tapware:kohler-july-mixer,,missing-product-library-candidate,Physical product/material candidate.
quote-1811,1811,stage:unassigned,category:plumbing-fixtures,subcategory:tapware,KOHLER VITEO/PIN,EACH,,LAUNDRY TAPS,product,product:plumbing-fixtures:tapware:kohler-viteo-pin,true,,,,rule,product:plumbing-fixtures:tapware:kohler-viteo-pin,,missing-product-library-candidate,Physical product/material candidate.
quote-1812,1812,stage:unassigned,category:plumbing-fixtures,subcategory:tapware,OLIVERI SINGLE LEVER MIXER,EACH,,LAUNDRY TAPS,product,product:plumbing-fixtures:tapware:oliveri-single-lever-mixer,true,,,,rule,product:plumbing-fixtures:tapware:oliveri-single-lever-mixer,,missing-product-library-candidate,Physical product/material candidate.
quote-1813,1813,stage:unassigned,category:plumbing-fixtures,subcategory:tapware,OLIVERI SINGLE LEVER GOOSENECK,EACH,,LAUNDRY TAPS,product,product:plumbing-fixtures:tapware:oliveri-single-lever-gooseneck,true,,,,rule,product:plumbing-fixtures:tapware:oliveri-single-lever-gooseneck,,missing-product-library-candidate,Physical product/material candidate.
quote-1816,1816,stage:unassigned,category:plumbing-fixtures,subcategory:tapware,W/M STOP COCKS NON RETURN VALVE,EACH,,WASHING MACHINE TAPS,product,product:plumbing-fixtures:tapware:w-m-stop-cocks-non-return-valve,true,,,,rule,product:plumbing-fixtures:tapware:w-m-stop-cocks-non-return-valve,,missing-product-library-candidate,Physical product/material candidate.
quote-1817,1817,stage:unassigned,category:plumbing-fixtures,subcategory:tapware,RAYMOR LAUNDRY SET WALL MOUNT,EACH,,WASHING MACHINE TAPS,product,product:plumbing-fixtures:tapware:raymor-laundry-set-wall-mount,true,,,,rule,product:plumbing-fixtures:tapware:raymor-laundry-set-wall-mount,,missing-product-library-candidate,Physical product/material candidate.
quote-1818,1818,stage:unassigned,category:plumbing-fixtures,subcategory:tapware,RAMOR WALL MOUNT COCKS,PAIR,,WASHING MACHINE TAPS,product,product:plumbing-fixtures:tapware:ramor-wall-mount-cocks,true,,,,rule,product:plumbing-fixtures:tapware:ramor-wall-mount-cocks,,missing-product-library-candidate,Physical product/material candidate.
quote-1822,1822,stage:unassigned,category:windows-doors,subcategory:robe-hook,ROBE HOOK,EACH,,PROJIX,product,product:windows-doors:robe-hook:robe-hook,true,,,,rule,product:windows-doors:robe-hook:robe-hook,,missing-product-library-candidate,Physical product/material candidate.
quote-1823,1823,stage:unassigned,category:projix,subcategory:shelving,GLASS SHELF,EACH,,PROJIX,unresolved,,false,,,,unresolved,,ambiguous labour/material item,requires-review,"No reliable product, trade, category, or formula signal."
quote-1824,1824,stage:unassigned,category:projix,subcategory:soap-basket,SOAP BASKET,EACH,,PROJIX,unresolved,,false,,,,unresolved,,ambiguous labour/material item,requires-review,"No reliable product, trade, category, or formula signal."
quote-1825,1825,stage:unassigned,category:plumbing-fixtures,subcategory:toilets,TOILET ROLL HOLDER,EACH,,PROJIX,product,product:plumbing-fixtures:toilets:toilet-roll-holder,true,,,,rule,product:plumbing-fixtures:toilets:toilet-roll-holder,,missing-product-library-candidate,Physical product/material candidate.
quote-1826,1826,stage:unassigned,category:projix,subcategory:towel-rail-600mm-double,TOWEL RAIL 600mm DOUBLE,EACH,,PROJIX,unresolved,,false,,,,unresolved,,ambiguous labour/material item,requires-review,"No reliable product, trade, category, or formula signal."
quote-1827,1827,stage:unassigned,category:projix,subcategory:towel-rail-900mm-double,TOWEL RAIL 900mm DOUBLE,EACH,,PROJIX,unresolved,,false,,,,unresolved,,ambiguous labour/material item,requires-review,"No reliable product, trade, category, or formula signal."
quote-1828,1828,stage:unassigned,category:projix,subcategory:towel-rail-600mm-single,TOWEL RAIL 600mm SINGLE,EACH,,PROJIX,unresolved,,false,,,,unresolved,,ambiguous labour/material item,requires-review,"No reliable product, trade, category, or formula signal."
quote-1829,1829,stage:unassigned,category:projix,subcategory:towel-rail-900mm-single,TOWEL RAIL 900mm SINGLE,EACH,,PROJIX,unresolved,,false,,,,unresolved,,ambiguous labour/material item,requires-review,"No reliable product, trade, category, or formula signal."
quote-1830,1830,stage:unassigned,category:projix,subcategory:towel-ring,TOWEL RING,EACH,,PROJIX,unresolved,,false,,,,unresolved,,ambiguous labour/material item,requires-review,"No reliable product, trade, category, or formula signal."
quote-1833,1833,stage:unassigned,category:lucerne,subcategory:soap-holder,SOAP HOLDER,EACH,,LUCERNE,unresolved,,false,,,,unresolved,,legacy row,requires-review,"No reliable product, trade, category, or formula signal."
quote-1834,1834,stage:unassigned,category:plumbing-fixtures,subcategory:toilets,TOILET ROLL HOLDER,EACH,,LUCERNE,product,product:plumbing-fixtures:toilets:toilet-roll-holder,true,,,,rule,product:plumbing-fixtures:toilets:toilet-roll-holder,,missing-product-library-candidate,Physical product/material candidate.
quote-1835,1835,stage:unassigned,category:windows-doors,subcategory:robe-hook,ROBE HOOK,EACH,,LUCERNE,product,product:windows-doors:robe-hook:robe-hook,true,,,,rule,product:windows-doors:robe-hook:robe-hook,,missing-product-library-candidate,Physical product/material candidate.
quote-1836,1836,stage:unassigned,category:lucerne,subcategory:towel-rail-750mm-double,TOWEL RAIL 750mm DOUBLE,EACH,,LUCERNE,unresolved,,false,,,,unresolved,,ambiguous labour/material item,requires-review,"No reliable product, trade, category, or formula signal."
quote-1837,1837,stage:unassigned,category:lucerne,subcategory:towel-rail-750mm-single,TOWEL RAIL 750mm SINGLE,EACH,,LUCERNE,unresolved,,false,,,,unresolved,,ambiguous labour/material item,requires-review,"No reliable product, trade, category, or formula signal."
quote-1838,1838,stage:unassigned,category:lucerne,subcategory:towel-ring,TOWEL RING,EACH,,LUCERNE,unresolved,,false,,,,unresolved,,ambiguous labour/material item,requires-review,"No reliable product, trade, category, or formula signal."
quote-1839,1839,stage:unassigned,category:lucerne,subcategory:shelving,GLASS SHELF,EACH,,LUCERNE,unresolved,,false,,,,unresolved,,ambiguous labour/material item,requires-review,"No reliable product, trade, category, or formula signal."
quote-1842,1842,stage:unassigned,category:plumbing-fixtures,subcategory:toilets,TOILET ROLL HOLDER COVERED,EACH,,SINGULIER,product,product:plumbing-fixtures:toilets:toilet-roll-holder-covered,true,,,,rule,product:plumbing-fixtures:toilets:toilet-roll-holder-covered,,missing-product-library-candidate,Physical product/material candidate.
quote-1843,1843,stage:unassigned,category:plumbing-fixtures,subcategory:toilets,TOILET ROLL HOLDER VERTICAL,EACH,,SINGULIER,product,product:plumbing-fixtures:toilets:toilet-roll-holder-vertical,true,,,,rule,product:plumbing-fixtures:toilets:toilet-roll-holder-vertical,,missing-product-library-candidate,Physical product/material candidate.
quote-1844,1844,stage:unassigned,category:windows-doors,subcategory:robe-hook,ROBE HOOK,EACH,,SINGULIER,product,product:windows-doors:robe-hook:robe-hook,true,,,,rule,product:windows-doors:robe-hook:robe-hook,,missing-product-library-candidate,Physical product/material candidate.
quote-1845,1845,stage:unassigned,category:singulier,subcategory:towel-rail-600mm-double,TOWEL RAIL 600mm DOUBLE,EACH,,SINGULIER,unresolved,,false,,,,unresolved,,ambiguous labour/material item,requires-review,"No reliable product, trade, category, or formula signal."
quote-1846,1846,stage:unassigned,category:singulier,subcategory:towel-rail-600mm-single,TOWEL RAIL 600mm SINGLE,EACH,,SINGULIER,unresolved,,false,,,,unresolved,,ambiguous labour/material item,requires-review,"No reliable product, trade, category, or formula signal."
quote-1847,1847,stage:unassigned,category:singulier,subcategory:towel-rail-750mm-single,TOWEL RAIL 750mm SINGLE,EACH,,SINGULIER,unresolved,,false,,,,unresolved,,ambiguous labour/material item,requires-review,"No reliable product, trade, category, or formula signal."
quote-1848,1848,stage:unassigned,category:singulier,subcategory:towel-ring,TOWEL RING,EACH,,SINGULIER,unresolved,,false,,,,unresolved,,ambiguous labour/material item,requires-review,"No reliable product, trade, category, or formula signal."
quote-1849,1849,stage:unassigned,category:singulier,subcategory:shelving,GLASS SHELF,EACH,,SINGULIER,unresolved,,false,,,,unresolved,,ambiguous labour/material item,requires-review,"No reliable product, trade, category, or formula signal."
quote-1852,1852,stage:unassigned,category:plumbing-fixtures,subcategory:tapware,SINGLE UNDERSINK WATER FILTER SYSTEM,EACH,,FILTERED WATER TAPS,product,product:plumbing-fixtures:tapware:single-undersink-water-filter-system,true,,,,rule,product:plumbing-fixtures:tapware:single-undersink-water-filter-system,,missing-product-library-candidate,Physical product/material candidate.
quote-1853,1853,stage:unassigned,category:plumbing-fixtures,subcategory:tapware,ZIP HYDROTAP TAP BOILING AND CHILLED WATER,EACH,,FILTERED WATER TAPS,product,product:plumbing-fixtures:tapware:zip-hydrotap-tap-boiling-and-chilled-water,true,,,,rule,product:plumbing-fixtures:tapware:zip-hydrotap-tap-boiling-and-chilled-water,,missing-product-library-candidate,Physical product/material candidate.
quote-1856,1856,stage:unassigned,category:plumbing-fixtures,subcategory:ise-model-45-45-hp,ISE MODEL 45 .45 HP,EACH,,INSINKERATORS,product,product:plumbing-fixtures:ise-model-45-45-hp:ise-model-45-45-hp,true,,,,rule,product:plumbing-fixtures:ise-model-45-45-hp:ise-model-45-45-hp,,missing-product-library-candidate,Physical product/material candidate.
quote-1857,1857,stage:unassigned,category:plumbing-fixtures,subcategory:ise-model-55-55-hp-auto-reverse,ISE MODEL 55 .55 HP AUTO REVERSE,EACH,,INSINKERATORS,product,product:plumbing-fixtures:ise-model-55-55-hp-auto-reverse:ise-model-55-55-hp-auto-reverse,true,,,,rule,product:plumbing-fixtures:ise-model-55-55-hp-auto-reverse:ise-model-55-55-hp-auto-reverse,,missing-product-library-candidate,Physical product/material candidate.
quote-1861,1861,stage:fix-out,category:plumbing-fixtures,subcategory:item,ITEM,UNIT,QTY,PLUMBING FIXTURES,informational,,false,,,,rule,,,not-a-catalogue-record,Repeated imported column header row; not a catalogue record.
quote-1864,1864,stage:unassigned,category:hot-water,subcategory:rinnai-20l-m-lpg,RINNAI 20L/M LPG,EACH,,HOT WATER,informational,,false,,,,rule,,,not-a-catalogue-record,Informational or confirmation-only row.
quote-1865,1865,stage:unassigned,category:hot-water,subcategory:rinnai-26l-m-plus-lpg,RINNAI 26L/M PLUS LPG,EACH,,HOT WATER,informational,,false,,,,rule,,,not-a-catalogue-record,Informational or confirmation-only row.
quote-1866,1866,stage:unassigned,category:hot-water,subcategory:dux-endurance-26l50-gas-instant-hws,DUX ENDURANCE 26L50 GAS INSTANT HWS,EACH,,HOT WATER,unresolved,,false,,,,unresolved,,ambiguous labour/material item,requires-review,"No reliable product, trade, category, or formula signal."
quote-1867,1867,stage:unassigned,category:hot-water,subcategory:wall-box,WALL BOX,ITEM,,HOT WATER,unresolved,,false,,,,unresolved,,genuinely unresolved,requires-review,"No reliable product, trade, category, or formula signal."
quote-1868,1868,stage:fix-out,category:appliances,subcategory:bosch-21-l-min-winning-appliances,BOSCH 21 L/MIN - WINNING APPLIANCES,ITEM,,HOT WATER,unresolved,,false,,,,unresolved,,genuinely unresolved,requires-review,"No reliable product, trade, category, or formula signal."
quote-1869,1869,stage:fix-out,category:appliances,subcategory:bosch-26-l-min-winning-appliances,BOSCH 26 L/MIN - WINNING APPLIANCES,ITEM,,HOT WATER,unresolved,,false,,,,unresolved,,genuinely unresolved,requires-review,"No reliable product, trade, category, or formula signal."
quote-1871,1871,stage:unassigned,category:hot-water,subcategory:rheem-3-6kw-heat-pump-side-mount,RHEEM 3.6kw HEAT PUMP SIDE MOUNT,EACH,,HOT WATER,unresolved,,false,,,,unresolved,,ambiguous labour/material item,requires-review,"No reliable product, trade, category, or formula signal."
quote-1872,1872,stage:lock-up,category:roofing,subcategory:rheem-300hi-roof-mounted-solar-system,RHEEM 300HI ROOF MOUNTED SOLAR SYSTEM,EACH,,HOT WATER,unresolved,,false,,,,unresolved,,ambiguous labour/material item,requires-review,"No reliable product, trade, category, or formula signal."
quote-1873,1873,stage:unassigned,category:hot-water,subcategory:rheem-lo-line-spilt-solar-system,RHEEM LO-LINE SPILT SOLAR SYSTEM,EACH,,HOT WATER,unresolved,,false,,,,unresolved,,ambiguous labour/material item,requires-review,"No reliable product, trade, category, or formula signal."
quote-1874,1874,stage:unassigned,category:hot-water,subcategory:temperting-value,TEMPERTING VALUE,EACH,,HOT WATER,unresolved,,false,,,,unresolved,,ambiguous labour/material item,requires-review,"No reliable product, trade, category, or formula signal."
quote-1875,1875,stage:lock-up,category:roofing,subcategory:roof-plonk,ROOF PLONK,EACH,,HOT WATER,unresolved,,false,,,,unresolved,,ambiguous labour/material item,requires-review,"No reliable product, trade, category, or formula signal."
quote-1876,1876,stage:unassigned,category:hot-water,subcategory:pressure-valve,PRESSURE VALVE,EACH,,HOT WATER,unresolved,,false,,,,unresolved,,ambiguous labour/material item,requires-review,"No reliable product, trade, category, or formula signal."
quote-1879,1879,stage:unassigned,category:water-reticulation,subcategory:5000-l-water-storage-tanks,5000 L WATER STORAGE TANKS,EACH,,WATER RETICULATION,estimating-item,estimating:water-reticulation:5000-l-water-storage-tanks:5000-l-water-storage-tanks,false,,quote-1879,,derived-runtime,estimating:water-reticulation:5000-l-water-storage-tanks:5000-l-water-storage-tanks,,existing-derived-estimating-row,"Labour, plant, service, fee, or construction resource candidate."
quote-1880,1880,stage:unassigned,category:water-reticulation,subcategory:pumps,PUMPS,EACH,,WATER RETICULATION,estimating-item,estimating:water-reticulation:pumps:pumps,false,,quote-1880,,derived-runtime,estimating:water-reticulation:pumps:pumps,,existing-derived-estimating-row,"Labour, plant, service, fee, or construction resource candidate."
quote-1881,1881,stage:unassigned,category:water-reticulation,subcategory:slimline-tank-and-pump,SLIMLINE TANK AND PUMP,EACH,,WATER RETICULATION,estimating-item,estimating:water-reticulation:slimline-tank-and-pump:slimline-tank-and-pump,false,,quote-1881,,derived-runtime,estimating:water-reticulation:slimline-tank-and-pump:slimline-tank-and-pump,,existing-derived-estimating-row,"Labour, plant, service, fee, or construction resource candidate."
quote-1882,1882,stage:unassigned,category:water-reticulation,subcategory:labour,INSTALLATION KITS,EACH,,WATER RETICULATION,estimating-item,estimating:water-reticulation:labour:installation-kits,false,,quote-1882,,derived-runtime,estimating:water-reticulation:labour:installation-kits,,existing-derived-estimating-row,"Labour, plant, service, fee, or construction resource candidate."
quote-1886,1886,stage:fix-out,category:electrical,subcategory:item,ITEM,UNIT,QTY,ELECTRICAL FIXTURES,informational,,false,,,,rule,,,not-a-catalogue-record,Repeated imported column header row; not a catalogue record.
quote-1890,1890,stage:unassigned,category:electrical,subcategory:light-fittings,QUOTE,EACH,,LIGHTFITTINGS,estimating-item,estimating:electrical:light-fittings:quote,false,,quote-1890,,derived-runtime,estimating:electrical:light-fittings:quote,,existing-derived-estimating-row,"Labour, plant, service, fee, or construction resource candidate."
quote-1891,1891,stage:unassigned,category:electrical,subcategory:light-fittings,FLURO CEILING LIGHTS,EACH,,LIGHTFITTINGS,unresolved,,false,,,,unresolved,,ambiguous labour/material item,requires-review,"No reliable product, trade, category, or formula signal."
quote-1892,1892,stage:unassigned,category:electrical,subcategory:light-fittings,OYSTER LIGHTS,EACH,,LIGHTFITTINGS,unresolved,,false,,,,unresolved,,ambiguous labour/material item,requires-review,"No reliable product, trade, category, or formula signal."
quote-1893,1893,stage:fix-out,category:electrical,subcategory:light-fittings,HANGING LIGHTS - KITCHEN,EACH,,LIGHTFITTINGS,unresolved,,false,,,,unresolved,,ambiguous labour/material item,requires-review,"No reliable product, trade, category, or formula signal."
quote-1894,1894,stage:unassigned,category:electrical,subcategory:light-fittings,SINGLE CEILING FLURO,EACH,,LIGHTFITTINGS,unresolved,,false,,,,unresolved,,ambiguous labour/material item,requires-review,"No reliable product, trade, category, or formula signal."
quote-1895,1895,stage:unassigned,category:electrical,subcategory:light-fittings,DOUBLE CEILING FLURO LIGHTS - LARGE,EACH,,LIGHTFITTINGS,unresolved,,false,,,,unresolved,,ambiguous labour/material item,requires-review,"No reliable product, trade, category, or formula signal."
quote-1896,1896,stage:unassigned,category:electrical,subcategory:light-fittings,BUNKER LIGHTS,EACH,,LIGHTFITTINGS,unresolved,,false,,,,unresolved,,ambiguous labour/material item,requires-review,"No reliable product, trade, category, or formula signal."
quote-1897,1897,stage:unassigned,category:electrical,subcategory:light-fittings,WALL LIGHTS,EACH,,LIGHTFITTINGS,unresolved,,false,,,,unresolved,,ambiguous labour/material item,requires-review,"No reliable product, trade, category, or formula signal."
quote-1901,1901,stage:unassigned,category:electrical,subcategory:light-fittings,AIRFUSION 3 BLD FAN (NO LIGHT),EACH,,CEILING FANS,product,product:electrical:light-fittings:airfusion-3-bld-fan-no-light,true,,,,rule,product:electrical:light-fittings:airfusion-3-bld-fan-no-light,,missing-product-library-candidate,Physical product/material candidate.
quote-1902,1902,stage:unassigned,category:electrical,subcategory:light-fittings,AIRFUSION 3 BLD FAN (WITH LIGHT),EACH,,CEILING FANS,product,product:electrical:light-fittings:airfusion-3-bld-fan-with-light,true,,,,rule,product:electrical:light-fittings:airfusion-3-bld-fan-with-light,,missing-product-library-candidate,Physical product/material candidate.
quote-1903,1903,stage:unassigned,category:electrical,subcategory:4-blade-wooden-blade-fans,4 BLADE WOODEN BLADE FANS,EACH,,CEILING FANS,product,product:electrical:4-blade-wooden-blade-fans:4-blade-wooden-blade-fans,true,,,,rule,product:electrical:4-blade-wooden-blade-fans:4-blade-wooden-blade-fans,,missing-product-library-candidate,Physical product/material candidate.
quote-1904,1904,stage:unassigned,category:electrical,subcategory:light-fittings,5 BLADE WOODEN BLADE FANS WITH LIGHT,EACH,,CEILING FANS,product,product:electrical:light-fittings:5-blade-wooden-blade-fans-with-light,true,,,,rule,product:electrical:light-fittings:5-blade-wooden-blade-fans-with-light,,missing-product-library-candidate,Physical product/material candidate.
quote-1908,1908,stage:fix-out,category:electrical,subcategory:light-fittings,MISC LIGHT FITTINGS,EACH,,MISC ELECTRICAL FITTINGS,assembly,assembly:electrical:light-fittings:misc-light-fittings,false,,quote-1908,,derived-runtime,assembly:electrical:light-fittings:misc-light-fittings,,requires-assembly-model,Product/resource bundle; needs assembly template rather than single catalogue row.
quote-1909,1909,stage:fix-out,category:electrical,subcategory:exhaust-fans,EXHAUST FANS,ITEM,,MISC ELECTRICAL FITTINGS,assembly,assembly:electrical:exhaust-fans:exhaust-fans,false,,quote-1909,,derived-runtime,assembly:electrical:exhaust-fans:exhaust-fans,,requires-assembly-model,Product/resource bundle; needs assembly template rather than single catalogue row.
quote-1910,1910,stage:fix-out,category:plumbing-fixtures,subcategory:baths,BATHROOM FAN/LIGHT COMBO,ITEM,,MISC ELECTRICAL FITTINGS,assembly,assembly:plumbing-fixtures:baths:bathroom-fan-light-combo,false,,quote-1910,,derived-runtime,assembly:plumbing-fixtures:baths:bathroom-fan-light-combo,,requires-assembly-model,Product/resource bundle; needs assembly template rather than single catalogue row.
quote-1911,1911,stage:fix-out,category:electrical,subcategory:light-fittings,IXL TASTIC FAN HEAT LIGHT,ITEM,,MISC ELECTRICAL FITTINGS,assembly,assembly:electrical:light-fittings:ixl-tastic-fan-heat-light,false,,quote-1911,,derived-runtime,assembly:electrical:light-fittings:ixl-tastic-fan-heat-light,,requires-assembly-model,Product/resource bundle; needs assembly template rather than single catalogue row.
quote-1914,1914,stage:unassigned,category:air-conditioners,subcategory:ducted-air-conditioner,DUCTED AIR CONDITIONER,ITEM,,AIR CONDITIONERS,unresolved,,false,,,,unresolved,,genuinely unresolved,requires-review,"No reliable product, trade, category, or formula signal."
quote-1915,1915,stage:unassigned,category:air-conditioners,subcategory:kelvinator-2-6-kw-split-air-cond,KELVINATOR 2.6 KW SPLIT AIR COND,ITEM,,AIR CONDITIONERS,informational,,false,,,,rule,,,not-a-catalogue-record,Informational or confirmation-only row.
quote-1916,1916,stage:unassigned,category:air-conditioners,subcategory:kelvinator-7-2-kw-split-air-cond,KELVINATOR 7.2 KW SPLIT AIR COND,ITEM,,AIR CONDITIONERS,informational,,false,,,,rule,,,not-a-catalogue-record,Informational or confirmation-only row.
quote-1917,1917,stage:fix-out,category:electrical,subcategory:labour,INSTALLATION & ELECTRICAL,EACH,,AIR CONDITIONERS,estimating-item,estimating:electrical:labour:installation-and-electrical,false,,quote-1917,,derived-runtime,estimating:electrical:labour:installation-and-electrical,,existing-derived-estimating-row,"Labour, plant, service, fee, or construction resource candidate."
quote-1921,1921,stage:unassigned,category:plumbing-fixtures,subcategory:showers,ITEM,UNIT,QTY,MIRRORS & SHOWER SCREENS,informational,,false,,,,rule,,,not-a-catalogue-record,Repeated imported column header row; not a catalogue record.
quote-1924,1924,stage:frame,category:frame,subcategory:framed-900-high,FRAMED 900 HIGH,LM,,MIRRORS,estimating-item,estimating:frame:framed-900-high:framed-900-high,false,,quote-1924,,derived-runtime,estimating:frame:framed-900-high:framed-900-high,,existing-derived-estimating-row,"Labour, plant, service, fee, or construction resource candidate."
quote-1925,1925,stage:unassigned,category:mirrors,subcategory:flat-polished,FLAT POLISHED,LM,,MIRRORS,unresolved,,false,,,,unresolved,,ambiguous labour/material item,requires-review,"No reliable product, trade, category, or formula signal."
quote-1926,1926,stage:frame,category:frame,subcategory:micro-framed,MICRO FRAMED,LM,,MIRRORS,estimating-item,estimating:frame:micro-framed:micro-framed,false,,quote-1926,,derived-runtime,estimating:frame:micro-framed:micro-framed,,existing-derived-estimating-row,"Labour, plant, service, fee, or construction resource candidate."
quote-1927,1927,stage:unassigned,category:mirrors,subcategory:bevelled-edge,BEVELLED EDGE,LM,,MIRRORS,unresolved,,false,,,,unresolved,,ambiguous labour/material item,requires-review,"No reliable product, trade, category, or formula signal."
quote-1932,1932,stage:frame,category:frame,subcategory:softline-framed-front-only-clear,SOFTLINE FRAMED - FRONT ONLY (CLEAR),EACH,,SOFTLINE - FRAMED 1870 HIGH,estimating-item,estimating:frame:softline-framed-front-only-clear:softline-framed-front-only-clear,false,,quote-1932,,derived-runtime,estimating:frame:softline-framed-front-only-clear:softline-framed-front-only-clear,,existing-derived-estimating-row,"Labour, plant, service, fee, or construction resource candidate."
quote-1933,1933,stage:frame,category:frame,subcategory:softline-framed-front-only-tinted,SOFTLINE FRAMED - FRONT ONLY (TINTED),EACH,,SOFTLINE - FRAMED 1870 HIGH,estimating-item,estimating:frame:softline-framed-front-only-tinted:softline-framed-front-only-tinted,false,,quote-1933,,derived-runtime,estimating:frame:softline-framed-front-only-tinted:softline-framed-front-only-tinted,,existing-derived-estimating-row,"Labour, plant, service, fee, or construction resource candidate."
quote-1934,1934,stage:frame,category:frame,subcategory:softline-framed-front-only-obscure,SOFTLINE FRAMED - FRONT ONLY (OBSCURE),EACH,,SOFTLINE - FRAMED 1870 HIGH,estimating-item,estimating:frame:softline-framed-front-only-obscure:softline-framed-front-only-obscure,false,,quote-1934,,derived-runtime,estimating:frame:softline-framed-front-only-obscure:softline-framed-front-only-obscure,,existing-derived-estimating-row,"Labour, plant, service, fee, or construction resource candidate."
quote-1936,1936,stage:frame,category:frame,subcategory:softline-framed-front-and-side-clear,SOFTLINE FRAMED - FRONT & SIDE (CLEAR),EACH,,SOFTLINE - FRAMED 1870 HIGH,estimating-item,estimating:frame:softline-framed-front-and-side-clear:softline-framed-front-and-side-clear,false,,quote-1936,,derived-runtime,estimating:frame:softline-framed-front-and-side-clear:softline-framed-front-and-side-clear,,existing-derived-estimating-row,"Labour, plant, service, fee, or construction resource candidate."
quote-1937,1937,stage:frame,category:frame,subcategory:softline-framed-front-and-side-tinted,SOFTLINE FRAMED - FRONT & SIDE (TINTED),EACH,,SOFTLINE - FRAMED 1870 HIGH,estimating-item,estimating:frame:softline-framed-front-and-side-tinted:softline-framed-front-and-side-tinted,false,,quote-1937,,derived-runtime,estimating:frame:softline-framed-front-and-side-tinted:softline-framed-front-and-side-tinted,,existing-derived-estimating-row,"Labour, plant, service, fee, or construction resource candidate."
quote-1938,1938,stage:frame,category:frame,subcategory:softline-framed-front-and-side-obscure,SOFTLINE FRAMED - FRONT & SIDE (OBSCURE),EACH,,SOFTLINE - FRAMED 1870 HIGH,estimating-item,estimating:frame:softline-framed-front-and-side-obscure:softline-framed-front-and-side-obscure,false,,quote-1938,,derived-runtime,estimating:frame:softline-framed-front-and-side-obscure:softline-framed-front-and-side-obscure,,existing-derived-estimating-row,"Labour, plant, service, fee, or construction resource candidate."
quote-1940,1940,stage:frame,category:frame,subcategory:softline-framed-splayed-hob-clear,SOFTLINE FRAMED - SPLAYED HOB (CLEAR),EACH,,SOFTLINE - FRAMED 1870 HIGH,estimating-item,estimating:frame:softline-framed-splayed-hob-clear:softline-framed-splayed-hob-clear,false,,quote-1940,,derived-runtime,estimating:frame:softline-framed-splayed-hob-clear:softline-framed-splayed-hob-clear,,existing-derived-estimating-row,"Labour, plant, service, fee, or construction resource candidate."
quote-1941,1941,stage:frame,category:frame,subcategory:softline-framed-splayed-hob-tinted,SOFTLINE FRAMED - SPLAYED HOB (TINTED),EACH,,SOFTLINE - FRAMED 1870 HIGH,estimating-item,estimating:frame:softline-framed-splayed-hob-tinted:softline-framed-splayed-hob-tinted,false,,quote-1941,,derived-runtime,estimating:frame:softline-framed-splayed-hob-tinted:softline-framed-splayed-hob-tinted,,existing-derived-estimating-row,"Labour, plant, service, fee, or construction resource candidate."
quote-1942,1942,stage:frame,category:frame,subcategory:softline-framed-splayed-hob-obscure,SOFTLINE FRAMED - SPLAYED HOB (OBSCURE),EACH,,SOFTLINE - FRAMED 1870 HIGH,estimating-item,estimating:frame:softline-framed-splayed-hob-obscure:softline-framed-splayed-hob-obscure,false,,quote-1942,,derived-runtime,estimating:frame:softline-framed-splayed-hob-obscure:softline-framed-splayed-hob-obscure,,existing-derived-estimating-row,"Labour, plant, service, fee, or construction resource candidate."
quote-1944,1944,stage:frame,category:frame,subcategory:extra-width-over-1000-per-100mm,EXTRA WIDTH OVER 1000 - PER 100mm,100mm,,SOFTLINE - FRAMED 1870 HIGH,estimating-item,estimating:frame:extra-width-over-1000-per-100mm:extra-width-over-1000-per-100mm,false,,quote-1944,,derived-runtime,estimating:frame:extra-width-over-1000-per-100mm:extra-width-over-1000-per-100mm,,existing-derived-estimating-row,"Labour, plant, service, fee, or construction resource candidate."
quote-1945,1945,stage:frame,category:frame,subcategory:extra-height-over-1870-per-100mm,EXTRA HEIGHT OVER 1870 - PER 100mm,100mm,,SOFTLINE - FRAMED 1870 HIGH,estimating-item,estimating:frame:extra-height-over-1870-per-100mm:extra-height-over-1870-per-100mm,false,,quote-1945,,derived-runtime,estimating:frame:extra-height-over-1870-per-100mm:extra-height-over-1870-per-100mm,,existing-derived-estimating-row,"Labour, plant, service, fee, or construction resource candidate."
quote-1949,1949,stage:frame,category:frame,subcategory:grange-front-only-clear,GRANGE - FRONT ONLY (CLEAR),EACH,,GRANGE -SEMI FRAMELESS,estimating-item,estimating:frame:grange-front-only-clear:grange-front-only-clear,false,,quote-1949,,derived-runtime,estimating:frame:grange-front-only-clear:grange-front-only-clear,,existing-derived-estimating-row,"Labour, plant, service, fee, or construction resource candidate."
quote-1951,1951,stage:frame,category:frame,subcategory:grange-front-and-side-clear,GRANGE - FRONT & SIDE (CLEAR),EACH,,GRANGE -SEMI FRAMELESS,estimating-item,estimating:frame:grange-front-and-side-clear:grange-front-and-side-clear,false,,quote-1951,,derived-runtime,estimating:frame:grange-front-and-side-clear:grange-front-and-side-clear,,existing-derived-estimating-row,"Labour, plant, service, fee, or construction resource candidate."
quote-1953,1953,stage:frame,category:frame,subcategory:grange-splayed-hob-clear,GRANGE - SPLAYED HOB (CLEAR),EACH,,GRANGE -SEMI FRAMELESS,estimating-item,estimating:frame:grange-splayed-hob-clear:grange-splayed-hob-clear,false,,quote-1953,,derived-runtime,estimating:frame:grange-splayed-hob-clear:grange-splayed-hob-clear,,existing-derived-estimating-row,"Labour, plant, service, fee, or construction resource candidate."
quote-1955,1955,stage:frame,category:frame,subcategory:extra-width-over-1000-per-100mm,EXTRA WIDTH OVER 1000 - PER 100mm,100mm,,GRANGE -SEMI FRAMELESS,estimating-item,estimating:frame:extra-width-over-1000-per-100mm:extra-width-over-1000-per-100mm,false,,quote-1955,,derived-runtime,estimating:frame:extra-width-over-1000-per-100mm:extra-width-over-1000-per-100mm,,existing-derived-estimating-row,"Labour, plant, service, fee, or construction resource candidate."
quote-1956,1956,stage:frame,category:frame,subcategory:extra-height-over-1870-per-100mm,EXTRA HEIGHT OVER 1870 - PER 100mm,100mm,,GRANGE -SEMI FRAMELESS,estimating-item,estimating:frame:extra-height-over-1870-per-100mm:extra-height-over-1870-per-100mm,false,,quote-1956,,derived-runtime,estimating:frame:extra-height-over-1870-per-100mm:extra-height-over-1870-per-100mm,,existing-derived-estimating-row,"Labour, plant, service, fee, or construction resource candidate."
quote-1960,1960,stage:fix-out,category:painting,subcategory:labour,ITEM,UNIT,QTY,PAINTER,informational,,false,,,,rule,,,not-a-catalogue-record,Repeated imported column header row; not a catalogue record.
quote-1962,1962,stage:fix-out,category:painting,subcategory:labour,GENERAL PAINTING - INTERIOR LOWER,M2,-,PAINTER,formula,,false,,,,rule,,,not-a-catalogue-record,Formula-driven row; keep out of master catalogues.
quote-1963,1963,stage:fix-out,category:painting,subcategory:labour,GENERAL PAINTING - INTERIOR UPPER,M2,-,PAINTER,formula,,false,,,,rule,,,not-a-catalogue-record,Formula-driven row; keep out of master catalogues.
quote-1964,1964,stage:lock-up,category:painting,subcategory:labour,EXTERIOR CLADDING LOWER LEVEL,M2,-,PAINTER,formula,,false,,,,rule,,,not-a-catalogue-record,Formula-driven row; keep out of master catalogues.
quote-1965,1965,stage:lock-up,category:painting,subcategory:labour,EXTERIOR CLADDING UPPER LEVEL,M2,-,PAINTER,formula,,false,,,,rule,,,not-a-catalogue-record,Formula-driven row; keep out of master catalogues.
quote-1966,1966,stage:fix-out,category:painting,subcategory:labour,GAP SEAL AND PREP WEATHERBOARDS,M2,,PAINTER,estimating-item,estimating:painting:labour:gap-seal-and-prep-weatherboards,false,,quote-1966,,derived-runtime,estimating:painting:labour:gap-seal-and-prep-weatherboards,,existing-derived-estimating-row,"Labour, plant, service, fee, or construction resource candidate."
quote-1967,1967,stage:fix-out,category:painting,subcategory:labour,EAVES,LM,-,PAINTER,formula,,false,,,,rule,,,not-a-catalogue-record,Formula-driven row; keep out of master catalogues.
quote-1968,1968,stage:fix-out,category:painting,subcategory:labour,PATIO CEILINGS ETC,M2,-,PAINTER,formula,,false,,,,rule,,,not-a-catalogue-record,Formula-driven row; keep out of master catalogues.
quote-1969,1969,stage:external,category:painting,subcategory:labour,DECKING INC. CEILINGS,M2,,PAINTER,estimating-item,estimating:painting:labour:decking-inc-ceilings,false,,quote-1969,,derived-runtime,estimating:painting:labour:decking-inc-ceilings,,existing-derived-estimating-row,"Labour, plant, service, fee, or construction resource candidate."
quote-1970,1970,stage:fix-out,category:painting,subcategory:labour,MISC PAINT WORK,M2,,PAINTER,estimating-item,estimating:painting:labour:misc-paint-work,false,,quote-1970,,derived-runtime,estimating:painting:labour:misc-paint-work,,existing-derived-estimating-row,"Labour, plant, service, fee, or construction resource candidate."
quote-1974,1974,stage:unassigned,category:cleaning,subcategory:item,ITEM,UNIT,QTY,CLEANING,informational,,false,,,,rule,,,not-a-catalogue-record,Repeated imported column header row; not a catalogue record.
quote-1976,1976,stage:base,category:preliminaries,subcategory:site-clean-with-bob-cat,SITE CLEAN WITH BOB CAT,HR,,CLEANING,estimating-item,estimating:preliminaries:site-clean-with-bob-cat:site-clean-with-bob-cat,false,,quote-1976,,derived-runtime,estimating:preliminaries:site-clean-with-bob-cat:site-clean-with-bob-cat,,existing-derived-estimating-row,"Labour, plant, service, fee, or construction resource candidate."
quote-1977,1977,stage:base,category:preliminaries,subcategory:removal-of-debris-from-site,REMOVAL OF DEBRIS FROM SITE,ITEM,,CLEANING,estimating-item,estimating:preliminaries:removal-of-debris-from-site:removal-of-debris-from-site,false,,quote-1977,,derived-runtime,estimating:preliminaries:removal-of-debris-from-site:removal-of-debris-from-site,,existing-derived-estimating-row,"Labour, plant, service, fee, or construction resource candidate."
quote-1978,1978,stage:preliminaries,category:preliminaries,subcategory:preliminary-internal-clean,PRELIMINARY INTERNAL CLEAN,M2,-,CLEANING,formula,,false,,,,rule,,,not-a-catalogue-record,Formula-driven row; keep out of master catalogues.
quote-1979,1979,stage:unassigned,category:cleaning,subcategory:builder-s-final-clean,BUILDER'S FINAL CLEAN,M2,-,CLEANING,formula,,false,,,,rule,,,not-a-catalogue-record,Formula-driven row; keep out of master catalogues.
quote-1983,1983,stage:unassigned,category:landscaping,subcategory:item,ITEM,UNIT,QTY,LANDSCAPING,informational,,false,,,,rule,,,not-a-catalogue-record,Repeated imported column header row; not a catalogue record.
quote-1985,1985,stage:unassigned,category:landscaping,subcategory:landscaping-prime-cost,LANDSCAPING PRIME COST,ITEM,,LANDSCAPING,allowance,allowance:landscaping:landscaping-prime-cost:landscaping-prime-cost,false,,quote-1985,,derived-runtime,estimating:landscaping:landscaping-prime-cost:landscaping-prime-cost,,requires-review,Allowance or provisional row; not an actual product model.
quote-1986,1986,stage:unassigned,category:landscaping,subcategory:cut-curb-and-remove,CUT CURB & REMOVE,ITEM,,LANDSCAPING,estimating-item,estimating:landscaping:cut-curb-and-remove:cut-curb-and-remove,false,,quote-1986,,derived-runtime,estimating:landscaping:cut-curb-and-remove:cut-curb-and-remove,,existing-derived-estimating-row,"Labour, plant, service, fee, or construction resource candidate."
quote-1987,1987,stage:base,category:external-works,subcategory:concrete-driveway-in-exposed-ag,CONCRETE DRIVEWAY IN EXPOSED AG,M2,,LANDSCAPING,estimating-item,estimating:external-works:concrete-driveway-in-exposed-ag:concrete-driveway-in-exposed-ag,false,,quote-1987,,derived-runtime,estimating:external-works:concrete-driveway-in-exposed-ag:concrete-driveway-in-exposed-ag,,existing-derived-estimating-row,"Labour, plant, service, fee, or construction resource candidate."
quote-1988,1988,stage:base,category:slab,subcategory:concrete-paths-in-exposed-ag,CONCRETE PATHS IN EXPOSED AG,M2,,LANDSCAPING,estimating-item,estimating:slab:concrete-paths-in-exposed-ag:concrete-paths-in-exposed-ag,false,,quote-1988,,derived-runtime,estimating:slab:concrete-paths-in-exposed-ag:concrete-paths-in-exposed-ag,,existing-derived-estimating-row,"Labour, plant, service, fee, or construction resource candidate."
quote-1989,1989,stage:base,category:flooring-tiling,subcategory:concrete-alfresco-floors,CONCRETE ALFRESCO FLOORS,M2,-,LANDSCAPING,formula,,false,,,,rule,,,not-a-catalogue-record,Formula-driven row; keep out of master catalogues.
quote-1990,1990,stage:base,category:slab,subcategory:concrete-tank-pad,CONCRETE TANK PAD,ITEM,,LANDSCAPING,estimating-item,estimating:slab:concrete-tank-pad:concrete-tank-pad,false,,quote-1990,,derived-runtime,estimating:slab:concrete-tank-pad:concrete-tank-pad,,existing-derived-estimating-row,"Labour, plant, service, fee, or construction resource candidate."
quote-1991,1991,stage:external,category:external-works,subcategory:clean-and-seal-driveway,CLEAN & SEAL DRIVEWAY,M2,,LANDSCAPING,estimating-item,estimating:external-works:clean-and-seal-driveway:clean-and-seal-driveway,false,,quote-1991,,derived-runtime,estimating:external-works:clean-and-seal-driveway:clean-and-seal-driveway,,existing-derived-estimating-row,"Labour, plant, service, fee, or construction resource candidate."
quote-1992,1992,stage:base,category:preliminaries,subcategory:site-batters,SITE BATTERS,EACH,,LANDSCAPING,unresolved,,false,,,,unresolved,,ambiguous labour/material item,requires-review,"No reliable product, trade, category, or formula signal."
quote-1993,1993,stage:base,category:preliminaries,subcategory:site-drainage,SITE DRAINAGE,ITEM,,LANDSCAPING,informational,,false,,,,rule,,,not-a-catalogue-record,Informational or confirmation-only row.
quote-1994,1994,stage:lock-up,category:external-cladding,subcategory:block-fence-peirs,BLOCK FENCE PEIRS,EACH,,LANDSCAPING,product,product:external-cladding:block-fence-peirs:block-fence-peirs,true,,,,rule,product:external-cladding:block-fence-peirs:block-fence-peirs,,missing-product-library-candidate,Physical product/material candidate.
quote-1995,1995,stage:external,category:landscaping,subcategory:front-fence-gates,FRONT FENCE GATES,EACH,,LANDSCAPING,unresolved,,false,,,,unresolved,,ambiguous labour/material item,requires-review,"No reliable product, trade, category, or formula signal."
quote-1996,1996,stage:external,category:landscaping,subcategory:timber-slat-fence-panels,TIMBER SLAT FENCE PANELS,EACH,,LANDSCAPING,unresolved,,false,,,,unresolved,,ambiguous labour/material item,requires-review,"No reliable product, trade, category, or formula signal."
quote-1997,1997,stage:unassigned,category:landscaping,subcategory:std-timber-slat-fencing,STD TIMBER SLAT FENCING,LM,,LANDSCAPING,unresolved,,false,,,,unresolved,,ambiguous labour/material item,requires-review,"No reliable product, trade, category, or formula signal."
quote-1998,1998,stage:unassigned,category:landscaping,subcategory:gates,GATES,EACH,,LANDSCAPING,unresolved,,false,,,,unresolved,,ambiguous labour/material item,requires-review,"No reliable product, trade, category, or formula signal."
quote-1999,1999,stage:unassigned,category:landscaping,subcategory:timber-retainer-walls-900-high,TIMBER RETAINER WALLS 900 HIGH,LM,,LANDSCAPING,unresolved,,false,,,,unresolved,,ambiguous labour/material item,requires-review,"No reliable product, trade, category, or formula signal."
quote-2000,2000,stage:unassigned,category:landscaping,subcategory:timber-retainer-walls-1200-high,TIMBER RETAINER WALLS 1200 HIGH,LM,,LANDSCAPING,unresolved,,false,,,,unresolved,,ambiguous labour/material item,requires-review,"No reliable product, trade, category, or formula signal."
quote-2001,2001,stage:unassigned,category:landscaping,subcategory:timber-retainer-walls-1500-high,TIMBER RETAINER WALLS 1500 HIGH,LM,,LANDSCAPING,unresolved,,false,,,,unresolved,,ambiguous labour/material item,requires-review,"No reliable product, trade, category, or formula signal."
quote-2002,2002,stage:external,category:external-works,subcategory:swimming-pools,SWIMMING POOLS,LM,,LANDSCAPING,unresolved,,false,,,,unresolved,,ambiguous labour/material item,requires-review,"No reliable product, trade, category, or formula signal."
quote-2003,2003,stage:external,category:external-works,subcategory:pool-fencing-panels-1-8m-panels,POOL FENCING PANELS 1.8M PANELS,EACH,,LANDSCAPING,unresolved,,false,,,,unresolved,,ambiguous labour/material item,requires-review,"No reliable product, trade, category, or formula signal."
quote-2004,2004,stage:external,category:external-works,subcategory:pool-gate,POOL GATE,EACH,,LANDSCAPING,unresolved,,false,,,,unresolved,,ambiguous labour/material item,requires-review,"No reliable product, trade, category, or formula signal."
quote-2005,2005,stage:unassigned,category:landscaping,subcategory:exterior-paving,EXTERIOR PAVING,M2,,LANDSCAPING,unresolved,,false,,,,unresolved,,ambiguous labour/material item,requires-review,"No reliable product, trade, category, or formula signal."
quote-2006,2006,stage:unassigned,category:landscaping,subcategory:turf-underlay,TURF UNDERLAY,M3,,LANDSCAPING,unresolved,,false,,,,unresolved,,ambiguous labour/material item,requires-review,"No reliable product, trade, category, or formula signal."
quote-2007,2007,stage:unassigned,category:landscaping,subcategory:labour,TURF INSTALLED,M2,,LANDSCAPING,estimating-item,estimating:landscaping:labour:turf-installed,false,,quote-2007,,derived-runtime,estimating:landscaping:labour:turf-installed,,existing-derived-estimating-row,"Labour, plant, service, fee, or construction resource candidate."
quote-2011,2011,stage:fix-out,category:flooring-tiling,subcategory:item,ITEM,UNIT,QTY,FLOORCOVERINGS,informational,,false,,,,rule,,,not-a-catalogue-record,Repeated imported column header row; not a catalogue record.
quote-2013,2013,stage:fix-out,category:flooring-tiling,subcategory:carpet-quote,CARPET QUOTE,ITEM,,FLOORCOVERINGS,estimating-item,estimating:flooring-tiling:carpet-quote:carpet-quote,false,,quote-2013,,derived-runtime,estimating:flooring-tiling:carpet-quote:carpet-quote,,existing-derived-estimating-row,"Labour, plant, service, fee, or construction resource candidate."
quote-2015,2015,stage:fix-out,category:flooring-tiling,subcategory:carpet,CARPET,M2,,FLOORCOVERINGS,unresolved,,false,,,,unresolved,,ambiguous labour/material item,requires-review,"No reliable product, trade, category, or formula signal."
quote-2016,2016,stage:fix-out,category:flooring-tiling,subcategory:vinyl-flooring,VINYL FLOORING,,,FLOORCOVERINGS,heading,,false,,,,rule,,,not-a-catalogue-record,Section-like row with no useful pricing unit or quantity.
quote-2017,2017,stage:fix-out,category:flooring-tiling,subcategory:solid-timber-flooring-base-range,SOLID TIMBER FLOORING - BASE RANGE,,,FLOORCOVERINGS,heading,,false,,,,rule,,,not-a-catalogue-record,Section-like row with no useful pricing unit or quantity.
quote-2018,2018,stage:fix-out,category:flooring-tiling,subcategory:solid-timber-flooring-mid-range,SOLID TIMBER FLOORING - MID RANGE,quote,,FLOORCOVERINGS,unresolved,,false,,,,unresolved,,ambiguous labour/material item,requires-review,"No reliable product, trade, category, or formula signal."
quote-2019,2019,stage:fix-out,category:flooring-tiling,subcategory:solid-timber-flooring-upper-range,SOLID TIMBER FLOORING - UPPER RANGE,,,FLOORCOVERINGS,heading,,false,,,,rule,,,not-a-catalogue-record,Section-like row with no useful pricing unit or quantity.
quote-2023,2023,stage:fix-out,category:flooring-tiling,subcategory:timber-look-laminated-flooring,TIMBER LOOK LAMINATED FLOORING,,,MISC FLOORING,heading,,false,,,,rule,,,not-a-catalogue-record,Section-like row with no useful pricing unit or quantity.
quote-2024,2024,stage:base,category:flooring-tiling,subcategory:polished-concrete,POLISHED CONCRETE,,,MISC FLOORING,heading,,false,,,,rule,,,not-a-catalogue-record,Section-like row with no useful pricing unit or quantity.
quote-2028,2028,stage:unassigned,category:miscellaneous,subcategory:item,ITEM,UNIT,QTY,MISCELLANEOUS,informational,,false,,,,rule,,,not-a-catalogue-record,Repeated imported column header row; not a catalogue record.
quote-2030,2030,stage:unassigned,category:miscellaneous,subcategory:dog-boards-to-lower-house,DOG BOARDS TO LOWER HOUSE,LM,,MISCELLANEOUS,unresolved,,false,,,,unresolved,,legacy row,requires-review,"No reliable product, trade, category, or formula signal."
quote-2031,2031,stage:unassigned,category:miscellaneous,subcategory:security-screens,security screens,EACH,,MISCELLANEOUS,unresolved,,false,,,,unresolved,,legacy row,requires-review,"No reliable product, trade, category, or formula signal."
quote-2032,2032,stage:unassigned,category:miscellaneous,subcategory:labour,LABOUR TO INSTALL DOG BOARDS,HR,,MISCELLANEOUS,estimating-item,estimating:miscellaneous:labour:labour-to-install-dog-boards,false,,quote-2032,,derived-runtime,estimating:miscellaneous:labour:labour-to-install-dog-boards,,existing-derived-estimating-row,"Labour, plant, service, fee, or construction resource candidate."
quote-2033,2033,stage:unassigned,category:miscellaneous,subcategory:wall-mounted-clothes-line,WALL MOUNTED CLOTHES LINE,EACH,,MISCELLANEOUS,unresolved,,false,,,,unresolved,,legacy row,requires-review,"No reliable product, trade, category, or formula signal."
quote-2034,2034,stage:unassigned,category:miscellaneous,subcategory:tv-arial-with-electric-booster,TV ARIAL WITH ELECTRIC BOOSTER,EACH,,MISCELLANEOUS,unresolved,,false,,,,unresolved,,legacy row,requires-review,"No reliable product, trade, category, or formula signal."
quote-2035,2035,stage:fix-out,category:flooring-tiling,subcategory:floor-insulation,FLOOR INSULATION,ITEM,,MISCELLANEOUS,estimating-item,estimating:flooring-tiling:floor-insulation:floor-insulation,false,,quote-2035,,derived-runtime,estimating:flooring-tiling:floor-insulation:floor-insulation,,existing-derived-estimating-row,"Labour, plant, service, fee, or construction resource candidate."
quote-2036,2036,stage:unassigned,category:miscellaneous,subcategory:letterbox,LETTERBOX,EACH,,MISCELLANEOUS,unresolved,,false,,,,unresolved,,legacy row,requires-review,"No reliable product, trade, category, or formula signal."
quote-2037,2037,stage:unassigned,category:miscellaneous,subcategory:timber-privacy-screens,timber privacy screens,ITEM,,MISCELLANEOUS,unresolved,,false,,,,unresolved,,legacy row,requires-review,"No reliable product, trade, category, or formula signal."
quote-2038,2038,stage:unassigned,category:miscellaneous,subcategory:ducted-vacuum-system-3-point,DUCTED VACUUM SYSTEM (3 POINT),ITEM,,MISCELLANEOUS,unresolved,,false,,,,unresolved,,legacy row,requires-review,"No reliable product, trade, category, or formula signal."
quote-2039,2039,stage:unassigned,category:miscellaneous,subcategory:ducted-vacuum-system-4-point,DUCTED VACUUM SYSTEM (4 POINT),ITEM,,MISCELLANEOUS,unresolved,,false,,,,unresolved,,legacy row,requires-review,"No reliable product, trade, category, or formula signal."
quote-2040,2040,stage:unassigned,category:miscellaneous,subcategory:security-screens,SECURITY SCREENS,QUOTE,,MISCELLANEOUS,unresolved,,false,,,,unresolved,,legacy row,requires-review,"No reliable product, trade, category, or formula signal."
quote-2041,2041,stage:unassigned,category:miscellaneous,subcategory:misc-delivery-allowance,MISC DELIVERY ALLOWANCE,EACH,,MISCELLANEOUS,allowance,allowance:miscellaneous:misc-delivery-allowance:misc-delivery-allowance,false,,quote-2041,,derived-runtime,estimating:miscellaneous:misc-delivery-allowance:misc-delivery-allowance,,requires-review,Allowance or provisional row; not an actual product model.
quote-2042,2042,stage:unassigned,category:miscellaneous,subcategory:air-conditioning,AIR CONDITIONING,ITEM,,MISCELLANEOUS,unresolved,,false,,,,unresolved,,legacy row,requires-review,"No reliable product, trade, category, or formula signal."
quote-2043,2043,stage:unassigned,category:miscellaneous,subcategory:contingency-allowance,CONTINGENCY ALLOWANCE,ITEM,,MISCELLANEOUS,allowance,allowance:miscellaneous:contingency-allowance:contingency-allowance,false,,quote-2043,,derived-runtime,estimating:miscellaneous:contingency-allowance:contingency-allowance,,requires-review,Allowance or provisional row; not an actual product model.
quote-2047,2047,stage:unassigned,category:period-maintenance,subcategory:item,ITEM,UNIT,QTY,PERIOD MAINTENANCE,informational,,false,,,,rule,,,not-a-catalogue-record,Repeated imported column header row; not a catalogue record.
quote-2049,2049,stage:unassigned,category:period-maintenance,subcategory:domestic-house-maintenance,DOMESTIC HOUSE MAINTENANCE,M2,-,PERIOD MAINTENANCE,formula,,false,,,,rule,,,not-a-catalogue-record,Formula-driven row; keep out of master catalogues.
