quotation_row_id,quotation_code,stage_id,category_id,subcategory_id,current_description,proposed_source_type,proposed_source_id,client_selectable,existing_product_library_match,existing_estimating_catalogue_match,match_confidence,duplicate_group,migration_status,notes
quote-4,4,stage:fix-out,category:plumbing-fixtures,subcategory:isolate-electrial-and-plumbing,ISOLATE ELECTRIAL & PLUMBING,estimating-item,estimating:isolate-electrial-and-plumbing:isolate-electrial-and-plumbing,false,,,rule,estimating-item:category:plumbing-fixtures:subcategory:isolate-electrial-and-plumbing:isolate-electrial-and-plumbing,missing-estimating-catalogue-candidate,"Labour, plant, fee, service, or construction resource candidate."
quote-5,5,stage:preliminaries,category:electrical,subcategory:install-builders-power-pole,INSTALL BUILDERS POWER POLE,estimating-item,estimating:install-builders-power-pole:install-builders-power-pole,false,,,rule,estimating-item:category:electrical:subcategory:install-builders-power-pole:install-builders-power-pole,missing-estimating-catalogue-candidate,"Labour, plant, fee, service, or construction resource candidate."
quote-6,6,stage:preliminaries,category:preliminaries,subcategory:documentation,DOCUMENTATION,estimating-item,estimating:documentation:documentation,false,,,rule,estimating-item:category:preliminaries:subcategory:documentation:documentation,missing-estimating-catalogue-candidate,"Labour, plant, fee, service, or construction resource candidate."
quote-7,7,stage:preliminaries,category:preliminaries,subcategory:titles-searchs-etc,TITLES SEARCHS ETC,estimating-item,estimating:titles-searchs-etc:titles-searchs-etc,false,,,rule,estimating-item:category:preliminaries:subcategory:titles-searchs-etc:titles-searchs-etc,missing-estimating-catalogue-candidate,"Labour, plant, fee, service, or construction resource candidate."
quote-8,8,stage:base,category:preliminaries,subcategory:site-survey,SITE SURVEY,estimating-item,estimating:site-survey:site-survey,false,,,rule,estimating-item:category:preliminaries:subcategory:site-survey:site-survey,missing-estimating-catalogue-candidate,"Labour, plant, fee, service, or construction resource candidate."
quote-9,9,stage:preliminaries,category:preliminaries,subcategory:soil-tests,SOIL TESTS,estimating-item,estimating:soil-tests:soil-tests,false,,,rule,estimating-item:category:preliminaries:subcategory:soil-tests:soil-tests,missing-estimating-catalogue-candidate,"Labour, plant, fee, service, or construction resource candidate."
quote-10,10,stage:preliminaries,category:preliminaries,subcategory:footing-design,FOOTING DESIGN,estimating-item,estimating:footing-design:footing-design,false,,,rule,estimating-item:category:preliminaries:subcategory:footing-design:footing-design,missing-estimating-catalogue-candidate,"Labour, plant, fee, service, or construction resource candidate."
quote-11,11,stage:preliminaries,category:preliminaries,subcategory:wind-classification,WIND CLASSIFICATION,estimating-item,estimating:wind-classification:wind-classification,false,,,rule,estimating-item:category:preliminaries:subcategory:wind-classification:wind-classification,missing-estimating-catalogue-candidate,"Labour, plant, fee, service, or construction resource candidate."
quote-12,12,stage:preliminaries,category:preliminaries,subcategory:engineering,ENGINEERING,estimating-item,estimating:engineering:engineering,false,,,rule,estimating-item:category:preliminaries:subcategory:engineering:engineering,missing-estimating-catalogue-candidate,"Labour, plant, fee, service, or construction resource candidate."
quote-13,13,stage:preliminaries,category:preliminaries,subcategory:set-out,SET OUT,estimating-item,estimating:set-out:set-out,false,,,rule,estimating-item:category:preliminaries:subcategory:set-out:set-out,missing-estimating-catalogue-candidate,"Labour, plant, fee, service, or construction resource candidate."
quote-14,14,stage:preliminaries,category:preliminaries,subcategory:qbsa-registration,QBSA REGISTRATION,estimating-item,estimating:qbsa-registration:qbsa-registration,false,,,rule,estimating-item:category:preliminaries:subcategory:qbsa-registration:qbsa-registration,missing-estimating-catalogue-candidate,"Labour, plant, fee, service, or construction resource candidate."
quote-15,15,stage:preliminaries,category:preliminaries,subcategory:statutory-fees,Q LEAVE FEES,estimating-item,estimating:statutory-fees:q-leave-fees,false,,,rule,estimating-item:category:preliminaries:subcategory:statutory-fees:q-leave-fees,missing-estimating-catalogue-candidate,"Labour, plant, fee, service, or construction resource candidate."
quote-16,16,stage:preliminaries,category:preliminaries,subcategory:statutory-fees,DRAFTING FEES,estimating-item,estimating:statutory-fees:drafting-fees,false,,,rule,estimating-item:category:preliminaries:subcategory:statutory-fees:drafting-fees,missing-estimating-catalogue-candidate,"Labour, plant, fee, service, or construction resource candidate."
quote-17,17,stage:preliminaries,category:preliminaries,subcategory:statutory-fees,DRAFTING FEES,estimating-item,estimating:statutory-fees:drafting-fees,false,,,rule,estimating-item:category:preliminaries:subcategory:statutory-fees:drafting-fees,missing-estimating-catalogue-candidate,"Labour, plant, fee, service, or construction resource candidate."
quote-18,18,stage:preliminaries,category:preliminaries,subcategory:statutory-fees,BUILDING DESIGN FEE,estimating-item,estimating:statutory-fees:building-design-fee,false,,,rule,estimating-item:category:preliminaries:subcategory:statutory-fees:building-design-fee,missing-estimating-catalogue-candidate,"Labour, plant, fee, service, or construction resource candidate."
quote-19,19,stage:base,category:preliminaries,subcategory:site-signage,SITE SIGNAGE,estimating-item,estimating:site-signage:site-signage,false,,,rule,estimating-item:category:preliminaries:subcategory:site-signage:site-signage,missing-estimating-catalogue-candidate,"Labour, plant, fee, service, or construction resource candidate."
quote-20,20,stage:external,category:preliminaries,subcategory:silt-fence,SILT FENCE,estimating-item,estimating:silt-fence:silt-fence,false,,,rule,estimating-item:category:preliminaries:subcategory:silt-fence:silt-fence,missing-estimating-catalogue-candidate,"Labour, plant, fee, service, or construction resource candidate."
quote-21,21,stage:preliminaries,category:preliminaries,subcategory:rumble-pad,RUMBLE PAD,estimating-item,estimating:rumble-pad:rumble-pad,false,,,rule,estimating-item:category:preliminaries:subcategory:rumble-pad:rumble-pad,missing-estimating-catalogue-candidate,"Labour, plant, fee, service, or construction resource candidate."
quote-22,22,stage:preliminaries,category:preliminaries,subcategory:all-risk-and-p-l-insurance,ALL RISK AND P/L INSURANCE,estimating-item,estimating:all-risk-and-p-l-insurance:all-risk-and-p-l-insurance,false,,,rule,estimating-item:category:preliminaries:subcategory:all-risk-and-p-l-insurance:all-risk-and-p-l-insurance,missing-estimating-catalogue-candidate,"Labour, plant, fee, service, or construction resource candidate."
quote-25,25,stage:preliminaries,category:preliminaries,subcategory:statutory-fees,QUOTED AMOUNT,unresolved,,false,,,unresolved,,requires-review,Insufficient deterministic evidence for automatic classification.
quote-26,26,stage:preliminaries,category:preliminaries,subcategory:statutory-fees,CERTIFIERS FEES (# INSPECTIONS),formula,,false,,,rule,,not-a-catalogue-record,Formula-driven quotation row.
quote-27,27,stage:preliminaries,category:preliminaries,subcategory:statutory-fees,BUILDING LODGEMENT FEE,estimating-item,estimating:statutory-fees:building-lodgement-fee,false,,,rule,estimating-item:category:preliminaries:subcategory:statutory-fees:building-lodgement-fee,missing-estimating-catalogue-candidate,"Labour, plant, fee, service, or construction resource candidate."
quote-28,28,stage:preliminaries,category:preliminaries,subcategory:statutory-fees,SEWERAGE PLANS,unresolved,,false,,,unresolved,,requires-review,Insufficient deterministic evidence for automatic classification.
quote-29,29,stage:preliminaries,category:preliminaries,subcategory:statutory-fees,FLOOD LEVEL DESIGN,unresolved,,false,,,unresolved,,requires-review,Insufficient deterministic evidence for automatic classification.
quote-30,30,stage:preliminaries,category:preliminaries,subcategory:statutory-fees,TITLE SEARCH,unresolved,,false,,,unresolved,,requires-review,Insufficient deterministic evidence for automatic classification.
quote-31,31,stage:preliminaries,category:preliminaries,subcategory:statutory-fees,BOUNDARY RELAXATION,unresolved,,false,,,unresolved,,requires-review,Insufficient deterministic evidence for automatic classification.
quote-32,32,stage:preliminaries,category:preliminaries,subcategory:statutory-fees,CLIMATE DESIGN,unresolved,,false,,,unresolved,,requires-review,Insufficient deterministic evidence for automatic classification.
quote-33,33,stage:preliminaries,category:preliminaries,subcategory:statutory-fees,SPECIAL PLANNING,unresolved,,false,,,unresolved,,requires-review,Insufficient deterministic evidence for automatic classification.
quote-34,34,stage:preliminaries,category:preliminaries,subcategory:statutory-fees,MANAGEMENT FEE,estimating-item,estimating:statutory-fees:management-fee,false,,,rule,estimating-item:category:preliminaries:subcategory:statutory-fees:management-fee,missing-estimating-catalogue-candidate,"Labour, plant, fee, service, or construction resource candidate."
quote-35,35,stage:fix-out,category:plumbing-fixtures,subcategory:statutory-fees,PLUMBING SCRUTINY/DESIGN,unresolved,,false,,,unresolved,,requires-review,Insufficient deterministic evidence for automatic classification.
quote-36,36,stage:fix-out,category:plumbing-fixtures,subcategory:statutory-fees,PLUMBING INSPECTIONS,unresolved,,false,,,unresolved,,requires-review,Insufficient deterministic evidence for automatic classification.
quote-37,37,stage:preliminaries,category:preliminaries,subcategory:statutory-fees,WATER CONNECTION - 20mm,unresolved,,false,,,unresolved,,requires-review,Insufficient deterministic evidence for automatic classification.
quote-38,38,stage:preliminaries,category:preliminaries,subcategory:statutory-fees,SEWERAGE CONNECTION,unresolved,,false,,,unresolved,,requires-review,Insufficient deterministic evidence for automatic classification.
quote-41,41,stage:unassigned,category:project-management,subcategory:item,ITEM,unresolved,,false,,,unresolved,,requires-review,Insufficient deterministic evidence for automatic classification.
quote-44,44,stage:preliminaries,category:preliminaries,subcategory:statutory-fees,PROJECT MANAGEMENT FEE,estimating-item,estimating:statutory-fees:project-management-fee,false,,,rule,estimating-item:category:preliminaries:subcategory:statutory-fees:project-management-fee,missing-estimating-catalogue-candidate,"Labour, plant, fee, service, or construction resource candidate."
quote-45,45,stage:base,category:preliminaries,subcategory:site-supervision,SITE SUPERVISION,estimating-item,estimating:site-supervision:site-supervision,false,,,rule,estimating-item:category:preliminaries:subcategory:site-supervision:site-supervision,missing-estimating-catalogue-candidate,"Labour, plant, fee, service, or construction resource candidate."
quote-46,46,stage:base,category:preliminaries,subcategory:site-classification,SITE CLASSIFICATION,unresolved,,false,,,unresolved,,requires-review,Insufficient deterministic evidence for automatic classification.
quote-47,47,stage:preliminaries,category:preliminaries,subcategory:statutory-fees,RISK ASSESSMENT FEE,estimating-item,estimating:statutory-fees:risk-assessment-fee,false,,,rule,estimating-item:category:preliminaries:subcategory:statutory-fees:risk-assessment-fee,missing-estimating-catalogue-candidate,"Labour, plant, fee, service, or construction resource candidate."
quote-48,48,stage:preliminaries,category:preliminaries,subcategory:statutory-fees,CONTRACT ADMINISTRATION FEE,estimating-item,estimating:statutory-fees:contract-administration-fee,false,,,rule,estimating-item:category:preliminaries:subcategory:statutory-fees:contract-administration-fee,missing-estimating-catalogue-candidate,"Labour, plant, fee, service, or construction resource candidate."
quote-49,49,stage:unassigned,category:management,subcategory:material-collections,MATERIAL COLLECTIONS,unresolved,,false,,,unresolved,,requires-review,Insufficient deterministic evidence for automatic classification.
quote-50,50,stage:preliminaries,category:preliminaries,subcategory:statutory-fees,"QUOTATION, QUANTITY SURVEYING FEES",estimating-item,estimating:statutory-fees:quotation-quantity-surveying-fees,false,,,rule,estimating-item:category:preliminaries:subcategory:statutory-fees:quotation-quantity-surveying-fees,missing-estimating-catalogue-candidate,"Labour, plant, fee, service, or construction resource candidate."
quote-55,55,stage:unassigned,category:base-stage-labour,subcategory:labour,STUMPS - SINGLE STOREY,estimating-item,estimating:labour:stumps-single-storey,false,,,rule,estimating-item:category:base-stage-labour:subcategory:labour:stumps-single-storey,missing-estimating-catalogue-candidate,"Labour, plant, fee, service, or construction resource candidate."
quote-56,56,stage:unassigned,category:base-stage-labour,subcategory:labour,STUMPS - HIGH SET HOUSE,estimating-item,estimating:labour:stumps-high-set-house,false,,,rule,estimating-item:category:base-stage-labour:subcategory:labour:stumps-high-set-house,missing-estimating-catalogue-candidate,"Labour, plant, fee, service, or construction resource candidate."
quote-57,57,stage:unassigned,category:base-stage-labour,subcategory:labour,BEARERS & JOISTS,estimating-item,estimating:labour:bearers-and-joists,false,,,rule,estimating-item:category:base-stage-labour:subcategory:labour:bearers-and-joists,missing-estimating-catalogue-candidate,"Labour, plant, fee, service, or construction resource candidate."
quote-58,58,stage:unassigned,category:base-stage-labour,subcategory:labour,BEARERS & JOISTS ADD FOR HIGH SET HOUSE,estimating-item,estimating:labour:bearers-and-joists-add-for-high-set-house,false,,,rule,estimating-item:category:base-stage-labour:subcategory:labour:bearers-and-joists-add-for-high-set-house,missing-estimating-catalogue-candidate,"Labour, plant, fee, service, or construction resource candidate."
quote-59,59,stage:fix-out,category:flooring-tiling,subcategory:labour,T & G FLOORING,estimating-item,estimating:labour:t-and-g-flooring,false,,,rule,estimating-item:category:flooring-tiling:subcategory:labour:t-and-g-flooring,missing-estimating-catalogue-candidate,"Labour, plant, fee, service, or construction resource candidate."
quote-60,60,stage:fix-out,category:flooring-tiling,subcategory:labour,SHEET FLOORING,estimating-item,estimating:labour:sheet-flooring,false,,,rule,estimating-item:category:flooring-tiling:subcategory:labour:sheet-flooring,missing-estimating-catalogue-candidate,"Labour, plant, fee, service, or construction resource candidate."
quote-61,61,stage:fix-out,category:flooring-tiling,subcategory:labour,DECKING/COMPRESSED FLOORING,estimating-item,estimating:labour:decking-compressed-flooring,false,,,rule,estimating-item:category:flooring-tiling:subcategory:labour:decking-compressed-flooring,missing-estimating-catalogue-candidate,"Labour, plant, fee, service, or construction resource candidate."
quote-62,62,stage:unassigned,category:base-stage-labour,subcategory:labour,PATIO JOISTS,estimating-item,estimating:labour:patio-joists,false,,,rule,estimating-item:category:base-stage-labour:subcategory:labour:patio-joists,missing-estimating-catalogue-candidate,"Labour, plant, fee, service, or construction resource candidate."
quote-66,66,stage:frame,category:frame,subcategory:labour,STANDARD WALL FLICK OUT,estimating-item,estimating:labour:standard-wall-flick-out,false,,,rule,estimating-item:category:frame:subcategory:labour:standard-wall-flick-out,missing-estimating-catalogue-candidate,"Labour, plant, fee, service, or construction resource candidate."
quote-67,67,stage:frame,category:frame,subcategory:labour,CONSTRUCT STICK FRAMES,estimating-item,estimating:labour:construct-stick-frames,false,,,rule,estimating-item:category:frame:subcategory:labour:construct-stick-frames,missing-estimating-catalogue-candidate,"Labour, plant, fee, service, or construction resource candidate."
quote-68,68,stage:frame,category:frame,subcategory:labour,EXTRA COST FOR 2.7m WALLS,estimating-item,estimating:labour:extra-cost-for-2-7m-walls,false,,,rule,estimating-item:category:frame:subcategory:labour:extra-cost-for-2-7m-walls,missing-estimating-catalogue-candidate,"Labour, plant, fee, service, or construction resource candidate."
quote-69,69,stage:frame,category:frame,subcategory:labour,EXTRA COST FOR 3.0m WALLS,estimating-item,estimating:labour:extra-cost-for-3-0m-walls,false,,,rule,estimating-item:category:frame:subcategory:labour:extra-cost-for-3-0m-walls,missing-estimating-catalogue-candidate,"Labour, plant, fee, service, or construction resource candidate."
quote-70,70,stage:frame,category:frame,subcategory:labour,INSTALL STRUCTURAL BEAM,estimating-item,estimating:labour:install-structural-beam,false,,,rule,estimating-item:category:frame:subcategory:labour:install-structural-beam,missing-estimating-catalogue-candidate,"Labour, plant, fee, service, or construction resource candidate."
quote-71,71,stage:frame,category:frame,subcategory:labour,INSTALL TIMBER POST,estimating-item,estimating:labour:install-timber-post,false,,,rule,estimating-item:category:frame:subcategory:labour:install-timber-post,missing-estimating-catalogue-candidate,"Labour, plant, fee, service, or construction resource candidate."
quote-72,72,stage:frame,category:frame,subcategory:labour,SET POST IN STIRRUP INC. DIG HOLE AND CONC.,estimating-item,estimating:labour:set-post-in-stirrup-inc-dig-hole-and-conc,false,,,rule,estimating-item:category:frame:subcategory:labour:set-post-in-stirrup-inc-dig-hole-and-conc,missing-estimating-catalogue-candidate,"Labour, plant, fee, service, or construction resource candidate."
quote-73,73,stage:frame,category:windows-doors,subcategory:labour,INSTALL WINDOWS,assembly,assembly:labour:install-windows,false,,,rule,assembly:category:windows-doors:subcategory:labour:install-windows,requires-assembly-model,Likely product plus installation/resource assembly.
quote-74,74,stage:frame,category:windows-doors,subcategory:labour,ADD FOR SECOND STOREY WINDOWS,estimating-item,estimating:labour:add-for-second-storey-windows,false,,,rule,estimating-item:category:windows-doors:subcategory:labour:add-for-second-storey-windows,missing-estimating-catalogue-candidate,"Labour, plant, fee, service, or construction resource candidate."
quote-75,75,stage:frame,category:plumbing-fixtures,subcategory:labour,PLUMB & STRAIGHTEN & PLANE WALLS,estimating-item,estimating:labour:plumb-and-straighten-and-plane-walls,false,,,rule,estimating-item:category:plumbing-fixtures:subcategory:labour:plumb-and-straighten-and-plane-walls,missing-estimating-catalogue-candidate,"Labour, plant, fee, service, or construction resource candidate."
quote-76,76,stage:frame,category:frame,subcategory:labour,RAKED CEILINGS - HAND PITCH,estimating-item,estimating:labour:raked-ceilings-hand-pitch,false,,,rule,estimating-item:category:frame:subcategory:labour:raked-ceilings-hand-pitch,missing-estimating-catalogue-candidate,"Labour, plant, fee, service, or construction resource candidate."
quote-77,77,stage:frame,category:roofing,subcategory:labour,STAND & INSTALL ROOF TRUSSES,estimating-item,estimating:labour:stand-and-install-roof-trusses,false,,,rule,estimating-item:category:roofing:subcategory:labour:stand-and-install-roof-trusses,missing-estimating-catalogue-candidate,"Labour, plant, fee, service, or construction resource candidate."
quote-78,78,stage:frame,category:frame,subcategory:labour,ADD FOR SECOND STOREY TRUSSES,formula,,false,,,rule,,not-a-catalogue-record,Formula-driven quotation row.
quote-79,79,stage:frame,category:flooring-tiling,subcategory:labour,ADD FOR TILE ROOF TRUSSES,estimating-item,estimating:labour:add-for-tile-roof-trusses,false,,,rule,estimating-item:category:flooring-tiling:subcategory:labour:add-for-tile-roof-trusses,missing-estimating-catalogue-candidate,"Labour, plant, fee, service, or construction resource candidate."
quote-80,80,stage:frame,category:flooring-tiling,subcategory:labour,INSTALL CEILING BATTENS GROUND FLOOR,formula,,false,,,rule,,not-a-catalogue-record,Formula-driven quotation row.
quote-30023,30023,stage:frame,category:frame,subcategory:labour,INSTALL CEILING BATTENS SECOND LEVEL,estimating-item,estimating:labour:install-ceiling-battens-second-level,false,,,rule,estimating-item:category:frame:subcategory:labour:install-ceiling-battens-second-level,missing-estimating-catalogue-candidate,"Labour, plant, fee, service, or construction resource candidate."
quote-30024,30024,stage:frame,category:frame,subcategory:labour,INSTALL CEILING BATTENS THIRD LEVEL,estimating-item,estimating:labour:install-ceiling-battens-third-level,false,,,rule,estimating-item:category:frame:subcategory:labour:install-ceiling-battens-third-level,missing-estimating-catalogue-candidate,"Labour, plant, fee, service, or construction resource candidate."
quote-81,81,stage:frame,category:frame,subcategory:labour,"GABLES - CUT, NOG & TRIM PER GABLE",estimating-item,estimating:labour:gables-cut-nog-and-trim-per-gable,false,,,rule,estimating-item:category:frame:subcategory:labour:gables-cut-nog-and-trim-per-gable,missing-estimating-catalogue-candidate,"Labour, plant, fee, service, or construction resource candidate."
quote-82,82,stage:frame,category:roofing,subcategory:labour,PORCH/VERANDAH ROOF & CEILING FRAMEWORK,formula,,false,,,rule,,not-a-catalogue-record,Formula-driven quotation row.
quote-83,83,stage:frame,category:frame,subcategory:labour,CONSTRUCT FRONT DECORATIVE AWNING,estimating-item,estimating:labour:construct-front-decorative-awning,false,,,rule,estimating-item:category:frame:subcategory:labour:construct-front-decorative-awning,missing-estimating-catalogue-candidate,"Labour, plant, fee, service, or construction resource candidate."
quote-84,84,stage:frame,category:roofing,subcategory:labour,CONSTRUCT ALFRESCO AND BOX GUTTERS,estimating-item,estimating:labour:construct-alfresco-and-box-gutters,false,,,rule,estimating-item:category:roofing:subcategory:labour:construct-alfresco-and-box-gutters,missing-estimating-catalogue-candidate,"Labour, plant, fee, service, or construction resource candidate."
quote-85,85,stage:frame,category:frame,subcategory:labour,CONSTRUCT PARAPET WALLS,estimating-item,estimating:labour:construct-parapet-walls,false,,,rule,estimating-item:category:frame:subcategory:labour:construct-parapet-walls,missing-estimating-catalogue-candidate,"Labour, plant, fee, service, or construction resource candidate."
quote-86,86,stage:frame,category:frame,subcategory:labour,INSTALL STEEL POST TO 3.0M,estimating-item,estimating:labour:install-steel-post-to-3-0m,false,,,rule,estimating-item:category:frame:subcategory:labour:install-steel-post-to-3-0m,missing-estimating-catalogue-candidate,"Labour, plant, fee, service, or construction resource candidate."
quote-87,87,stage:frame,category:frame,subcategory:labour,LABOUR FOR STRUCTURAL STEEL INSTALLATION,estimating-item,estimating:labour:labour-for-structural-steel-installation,false,,,rule,estimating-item:category:frame:subcategory:labour:labour-for-structural-steel-installation,missing-estimating-catalogue-candidate,"Labour, plant, fee, service, or construction resource candidate."
quote-88,88,stage:frame,category:frame,subcategory:labour,TIE DOWN & SHEET BRACING GROUND LEVEL,formula,,false,,,rule,,not-a-catalogue-record,Formula-driven quotation row.
quote-30020,30020,stage:frame,category:frame,subcategory:labour,TIE DOWN & SHEET BRACING SECOND LEVEL,estimating-item,estimating:labour:tie-down-and-sheet-bracing-second-level,false,,,rule,estimating-item:category:frame:subcategory:labour:tie-down-and-sheet-bracing-second-level,missing-estimating-catalogue-candidate,"Labour, plant, fee, service, or construction resource candidate."
quote-30021,30021,stage:frame,category:frame,subcategory:labour,TIE DOWN & SHEET BRACING THIRD LEVEL,estimating-item,estimating:labour:tie-down-and-sheet-bracing-third-level,false,,,rule,estimating-item:category:frame:subcategory:labour:tie-down-and-sheet-bracing-third-level,missing-estimating-catalogue-candidate,"Labour, plant, fee, service, or construction resource candidate."
quote-89,89,stage:frame,category:frame,subcategory:labour,EXTRA FOR W41 (N3) WIND RATING,estimating-item,estimating:labour:extra-for-w41-n3-wind-rating,false,,,rule,estimating-item:category:frame:subcategory:labour:extra-for-w41-n3-wind-rating,missing-estimating-catalogue-candidate,"Labour, plant, fee, service, or construction resource candidate."
quote-90,90,stage:frame,category:flooring-tiling,subcategory:labour,LABOUR - STAND EXTERIOR WALLS - GROUND FLOOR,estimating-item,estimating:labour:labour-stand-exterior-walls-ground-floor,false,,,rule,estimating-item:category:flooring-tiling:subcategory:labour:labour-stand-exterior-walls-ground-floor,missing-estimating-catalogue-candidate,"Labour, plant, fee, service, or construction resource candidate."
quote-91,91,stage:frame,category:frame,subcategory:labour,LABOUR - EXTERIOR WALLS - SECOND LEVEL,formula,,false,,,rule,,not-a-catalogue-record,Formula-driven quotation row.
quote-30019,30019,stage:frame,category:frame,subcategory:labour,LABOUR - EXTERIOR WALLS - THIRD LEVEL,estimating-item,estimating:labour:labour-exterior-walls-third-level,false,,,rule,estimating-item:category:frame:subcategory:labour:labour-exterior-walls-third-level,missing-estimating-catalogue-candidate,"Labour, plant, fee, service, or construction resource candidate."
quote-92,92,stage:frame,category:frame,subcategory:labour,LABOUR - STAND INTERIOR WALLS - LOWER,estimating-item,estimating:labour:labour-stand-interior-walls-lower,false,,,rule,estimating-item:category:frame:subcategory:labour:labour-stand-interior-walls-lower,missing-estimating-catalogue-candidate,"Labour, plant, fee, service, or construction resource candidate."
quote-93,93,stage:frame,category:frame,subcategory:labour,LABOUR - INTERIOR WALLS - SECOND LEVEL,formula,,false,,,rule,,not-a-catalogue-record,Formula-driven quotation row.
quote-30022,30022,stage:frame,category:frame,subcategory:labour,LABOUR - INTERIOR WALLS - THIRD LEVEL,estimating-item,estimating:labour:labour-interior-walls-third-level,false,,,rule,estimating-item:category:frame:subcategory:labour:labour-interior-walls-third-level,missing-estimating-catalogue-candidate,"Labour, plant, fee, service, or construction resource candidate."
quote-94,94,stage:frame,category:frame,subcategory:labour,EXTRA COST FOR 2.7m WALLS,formula,,false,,,rule,,not-a-catalogue-record,Formula-driven quotation row.
quote-95,95,stage:frame,category:frame,subcategory:labour,EXTRA COST FOR 3.0m WALLS,estimating-item,estimating:labour:extra-cost-for-3-0m-walls,false,,,rule,estimating-item:category:frame:subcategory:labour:extra-cost-for-3-0m-walls,missing-estimating-catalogue-candidate,"Labour, plant, fee, service, or construction resource candidate."
quote-96,96,stage:frame,category:frame,subcategory:labour,LABOUR TO FRAME BULKHEADS,estimating-item,estimating:labour:labour-to-frame-bulkheads,false,,,rule,estimating-item:category:frame:subcategory:labour:labour-to-frame-bulkheads,missing-estimating-catalogue-candidate,"Labour, plant, fee, service, or construction resource candidate."
quote-97,97,stage:frame,category:flooring-tiling,subcategory:labour,LABOUR TO INSTALL FLOORING SUPPORT BEAMS,estimating-item,estimating:labour:labour-to-install-flooring-support-beams,false,,,rule,estimating-item:category:flooring-tiling:subcategory:labour:labour-to-install-flooring-support-beams,missing-estimating-catalogue-candidate,"Labour, plant, fee, service, or construction resource candidate."
quote-98,98,stage:frame,category:flooring-tiling,subcategory:labour,LABOUR TO INSTALL FLOOR JOISTS,estimating-item,estimating:labour:labour-to-install-floor-joists,false,,,rule,estimating-item:category:flooring-tiling:subcategory:labour:labour-to-install-floor-joists,missing-estimating-catalogue-candidate,"Labour, plant, fee, service, or construction resource candidate."
quote-99,99,stage:frame,category:flooring-tiling,subcategory:labour,LABOUR TO LAY SHEET FLOORING,estimating-item,estimating:labour:labour-to-lay-sheet-flooring,false,,,rule,estimating-item:category:flooring-tiling:subcategory:labour:labour-to-lay-sheet-flooring,missing-estimating-catalogue-candidate,"Labour, plant, fee, service, or construction resource candidate."
quote-100,100,stage:frame,category:frame,subcategory:labour,CHIPPY HIGHT SET ALLOWANCE,allowance,,false,,,rule,allowance:category:frame:subcategory:labour:chippy-hight-set-allowance,requires-review,Allowance row; do not import as a physical product.
quote-101,101,stage:frame,category:plumbing-fixtures,subcategory:baths,LABOUR TO INSTALL STANDARD BATH,assembly,assembly:baths:labour-to-install-standard-bath,false,,,rule,assembly:category:plumbing-fixtures:subcategory:baths:labour-to-install-standard-bath,requires-assembly-model,Likely product plus installation/resource assembly.
quote-102,102,stage:frame,category:plumbing-fixtures,subcategory:baths,FABRICATE BATH PODIUM,estimating-item,estimating:baths:fabricate-bath-podium,false,,,rule,estimating-item:category:plumbing-fixtures:subcategory:baths:fabricate-bath-podium,missing-estimating-catalogue-candidate,"Labour, plant, fee, service, or construction resource candidate."
quote-103,103,stage:frame,category:frame,subcategory:labour,LABOUR TO INSTALL SPA AND HOB,estimating-item,estimating:labour:labour-to-install-spa-and-hob,false,,,rule,estimating-item:category:frame:subcategory:labour:labour-to-install-spa-and-hob,missing-estimating-catalogue-candidate,"Labour, plant, fee, service, or construction resource candidate."
quote-104,104,stage:frame,category:windows-doors,subcategory:labour,INSTALL CAVITY DOOR CAGE,assembly,assembly:labour:install-cavity-door-cage,false,,,rule,assembly:category:windows-doors:subcategory:labour:install-cavity-door-cage,requires-assembly-model,Likely product plus installation/resource assembly.
quote-105,105,stage:frame,category:frame,subcategory:labour,CEILING COFFERS,estimating-item,estimating:labour:ceiling-coffers,false,,,rule,estimating-item:category:frame:subcategory:labour:ceiling-coffers,missing-estimating-catalogue-candidate,"Labour, plant, fee, service, or construction resource candidate."
quote-106,106,stage:frame,category:frame,subcategory:labour,LABOUR TO FRAME PORCH WITH SCISSOR TRUSS,estimating-item,estimating:labour:labour-to-frame-porch-with-scissor-truss,false,,,rule,estimating-item:category:frame:subcategory:labour:labour-to-frame-porch-with-scissor-truss,missing-estimating-catalogue-candidate,"Labour, plant, fee, service, or construction resource candidate."
quote-107,107,stage:frame,category:frame,subcategory:labour,FRAMEWORKS FOR DUTCH GABLES,estimating-item,estimating:labour:frameworks-for-dutch-gables,false,,,rule,estimating-item:category:frame:subcategory:labour:frameworks-for-dutch-gables,missing-estimating-catalogue-candidate,"Labour, plant, fee, service, or construction resource candidate."
quote-108,108,stage:frame,category:frame,subcategory:labour,LABOUR TO INSTALL BALCONY JOISTS,estimating-item,estimating:labour:labour-to-install-balcony-joists,false,,,rule,estimating-item:category:frame:subcategory:labour:labour-to-install-balcony-joists,missing-estimating-catalogue-candidate,"Labour, plant, fee, service, or construction resource candidate."
quote-109,109,stage:frame,category:frame,subcategory:labour,INSTALL EXTERIOR STAIRS,estimating-item,estimating:labour:install-exterior-stairs,false,,,rule,estimating-item:category:frame:subcategory:labour:install-exterior-stairs,missing-estimating-catalogue-candidate,"Labour, plant, fee, service, or construction resource candidate."
quote-110,110,stage:frame,category:frame,subcategory:labour,NAIL ALLOWANCE,allowance,,false,,,rule,allowance:category:frame:subcategory:labour:nail-allowance,requires-review,Allowance row; do not import as a physical product.
quote-115,115,stage:lock-up,category:lock-up-stage-labour,subcategory:labour,LINE EAVES - FLAT,estimating-item,estimating:labour:line-eaves-flat,false,,,rule,estimating-item:category:lock-up-stage-labour:subcategory:labour:line-eaves-flat,missing-estimating-catalogue-candidate,"Labour, plant, fee, service, or construction resource candidate."
quote-116,116,stage:lock-up,category:lock-up-stage-labour,subcategory:labour,LINE EAVES - RAKED,estimating-item,estimating:labour:line-eaves-raked,false,,,rule,estimating-item:category:lock-up-stage-labour:subcategory:labour:line-eaves-raked,missing-estimating-catalogue-candidate,"Labour, plant, fee, service, or construction resource candidate."
quote-117,117,stage:lock-up,category:lock-up-stage-labour,subcategory:labour,ADD FOR SECOND STOREY,estimating-item,estimating:labour:add-for-second-storey,false,,,rule,estimating-item:category:lock-up-stage-labour:subcategory:labour:add-for-second-storey,missing-estimating-catalogue-candidate,"Labour, plant, fee, service, or construction resource candidate."
quote-118,118,stage:lock-up,category:lock-up-stage-labour,subcategory:labour,LABOUR TO INSTALL SISALATION GROUND LEVEL,formula,,false,,,rule,,not-a-catalogue-record,Formula-driven quotation row.
quote-119,119,stage:lock-up,category:lock-up-stage-labour,subcategory:labour,LABOUR TO INSTALL SISALATION SECOND LEVEL,formula,,false,,,rule,,not-a-catalogue-record,Formula-driven quotation row.
quote-30034,30034,stage:lock-up,category:lock-up-stage-labour,subcategory:labour,LABOUR TO INSTALL SISALATION THIRD LEVEL,estimating-item,estimating:labour:labour-to-install-sisalation-third-level,false,,,rule,estimating-item:category:lock-up-stage-labour:subcategory:labour:labour-to-install-sisalation-third-level,missing-estimating-catalogue-candidate,"Labour, plant, fee, service, or construction resource candidate."
quote-120,120,stage:lock-up,category:lock-up-stage-labour,subcategory:labour,LABOUR TO INSTALL WALL INSULATION BATTS GROUND LEVEL,formula,,false,,,rule,,not-a-catalogue-record,Formula-driven quotation row.
quote-30035,30035,stage:lock-up,category:lock-up-stage-labour,subcategory:labour,LABOUR TO INSTALL WALL INSULATION BATTS SECOND LEVEL,estimating-item,estimating:labour:labour-to-install-wall-insulation-batts-second-level,false,,,rule,estimating-item:category:lock-up-stage-labour:subcategory:labour:labour-to-install-wall-insulation-batts-second-level,missing-estimating-catalogue-candidate,"Labour, plant, fee, service, or construction resource candidate."
quote-30036,30036,stage:lock-up,category:lock-up-stage-labour,subcategory:labour,LABOUR TO INSTALL WALL INSULATION BATTS THIRD LEVEL,estimating-item,estimating:labour:labour-to-install-wall-insulation-batts-third-level,false,,,rule,estimating-item:category:lock-up-stage-labour:subcategory:labour:labour-to-install-wall-insulation-batts-third-level,missing-estimating-catalogue-candidate,"Labour, plant, fee, service, or construction resource candidate."
quote-121,121,stage:lock-up,category:lock-up-stage-labour,subcategory:labour,LABOUR TO INSTALL INSULATION CEILING BATTS,estimating-item,estimating:labour:labour-to-install-insulation-ceiling-batts,false,,,rule,estimating-item:category:lock-up-stage-labour:subcategory:labour:labour-to-install-insulation-ceiling-batts,missing-estimating-catalogue-candidate,"Labour, plant, fee, service, or construction resource candidate."
quote-122,122,stage:lock-up,category:windows-doors,subcategory:labour,INSTALL WINDOW INFILLS TO GABLES,assembly,assembly:labour:install-window-infills-to-gables,false,,,rule,assembly:category:windows-doors:subcategory:labour:install-window-infills-to-gables,requires-assembly-model,Likely product plus installation/resource assembly.
quote-123,123,stage:lock-up,category:windows-doors,subcategory:labour,WINDOW INFILLS,estimating-item,estimating:labour:window-infills,false,,,rule,estimating-item:category:windows-doors:subcategory:labour:window-infills,missing-estimating-catalogue-candidate,"Labour, plant, fee, service, or construction resource candidate."
quote-124,124,stage:lock-up,category:lock-up-stage-labour,subcategory:labour,INSTALL HARDIES LINEA WEATHERBOARDS,estimating-item,estimating:labour:install-hardies-linea-weatherboards,false,,,rule,estimating-item:category:lock-up-stage-labour:subcategory:labour:install-hardies-linea-weatherboards,missing-estimating-catalogue-candidate,"Labour, plant, fee, service, or construction resource candidate."
quote-30039,30039,stage:lock-up,category:external-cladding,subcategory:labour,INSTALL LINEA BOARD CLADDING,estimating-item,estimating:labour:install-linea-board-cladding,false,,,rule,estimating-item:category:external-cladding:subcategory:labour:install-linea-board-cladding,missing-estimating-catalogue-candidate,"Labour, plant, fee, service, or construction resource candidate."
quote-125,125,stage:lock-up,category:roofing,subcategory:labour,CONSTRUCT BULKHEADS FOR BOX GUTTERS,estimating-item,estimating:labour:construct-bulkheads-for-box-gutters,false,,,rule,estimating-item:category:roofing:subcategory:labour:construct-bulkheads-for-box-gutters,missing-estimating-catalogue-candidate,"Labour, plant, fee, service, or construction resource candidate."
quote-126,126,stage:lock-up,category:lock-up-stage-labour,subcategory:labour,INSTALL FIBRO SHEET & STRAPS TO EXT WALLS,estimating-item,estimating:labour:install-fibro-sheet-and-straps-to-ext-walls,false,,,rule,estimating-item:category:lock-up-stage-labour:subcategory:labour:install-fibro-sheet-and-straps-to-ext-walls,missing-estimating-catalogue-candidate,"Labour, plant, fee, service, or construction resource candidate."
quote-127,127,stage:lock-up,category:external-cladding,subcategory:labour,INSTALL MATRIX CLADDING,estimating-item,estimating:labour:install-matrix-cladding,false,,,rule,estimating-item:category:external-cladding:subcategory:labour:install-matrix-cladding,missing-estimating-catalogue-candidate,"Labour, plant, fee, service, or construction resource candidate."
quote-128,128,stage:lock-up,category:electrical,subcategory:light-fittings,INSTALL LIGHTWEIGHT CLADDING GROUND FLOOR,estimating-item,estimating:light-fittings:install-lightweight-cladding-ground-floor,false,,,rule,estimating-item:category:electrical:subcategory:light-fittings:install-lightweight-cladding-ground-floor,missing-estimating-catalogue-candidate,"Labour, plant, fee, service, or construction resource candidate."
quote-30037,30037,stage:lock-up,category:electrical,subcategory:light-fittings,INSTALL LIGHTWEIGHT CLADDING SECOND LEVEL,estimating-item,estimating:light-fittings:install-lightweight-cladding-second-level,false,,,rule,estimating-item:category:electrical:subcategory:light-fittings:install-lightweight-cladding-second-level,missing-estimating-catalogue-candidate,"Labour, plant, fee, service, or construction resource candidate."
quote-30038,30038,stage:lock-up,category:electrical,subcategory:light-fittings,INSTALL LIGHTWEIGHT CLADDING THIRD LEVEL,estimating-item,estimating:light-fittings:install-lightweight-cladding-third-level,false,,,rule,estimating-item:category:electrical:subcategory:light-fittings:install-lightweight-cladding-third-level,missing-estimating-catalogue-candidate,"Labour, plant, fee, service, or construction resource candidate."
quote-129,129,stage:lock-up,category:external-cladding,subcategory:labour,INSTALL WEATHERTEX CLADDING,estimating-item,estimating:labour:install-weathertex-cladding,false,,,rule,estimating-item:category:external-cladding:subcategory:labour:install-weathertex-cladding,missing-estimating-catalogue-candidate,"Labour, plant, fee, service, or construction resource candidate."
quote-130,130,stage:lock-up,category:lock-up-stage-labour,subcategory:labour,INSTALL SHADOW CLAD TO GABLES,estimating-item,estimating:labour:install-shadow-clad-to-gables,false,,,rule,estimating-item:category:lock-up-stage-labour:subcategory:labour:install-shadow-clad-to-gables,missing-estimating-catalogue-candidate,"Labour, plant, fee, service, or construction resource candidate."
quote-131,131,stage:lock-up,category:lock-up-stage-labour,subcategory:labour,INSTALL STEP FLASHING TO EXTERIOR WALLS,estimating-item,estimating:labour:install-step-flashing-to-exterior-walls,false,,,rule,estimating-item:category:lock-up-stage-labour:subcategory:labour:install-step-flashing-to-exterior-walls,missing-estimating-catalogue-candidate,"Labour, plant, fee, service, or construction resource candidate."
quote-132,132,stage:lock-up,category:external-cladding,subcategory:labour,INSTALL HARDIFLEX SHEETING FOR RENDER,estimating-item,estimating:labour:install-hardiflex-sheeting-for-render,false,,,rule,estimating-item:category:external-cladding:subcategory:labour:install-hardiflex-sheeting-for-render,missing-estimating-catalogue-candidate,"Labour, plant, fee, service, or construction resource candidate."
quote-133,133,stage:lock-up,category:lock-up-stage-labour,subcategory:labour,INSTALL COLOURBOND PANELS TO EXT WALLS,estimating-item,estimating:labour:install-colourbond-panels-to-ext-walls,false,,,rule,estimating-item:category:lock-up-stage-labour:subcategory:labour:install-colourbond-panels-to-ext-walls,missing-estimating-catalogue-candidate,"Labour, plant, fee, service, or construction resource candidate."
quote-134,134,stage:lock-up,category:external-cladding,subcategory:labour,INSTALL STYROFOAM CLADDING,estimating-item,estimating:labour:install-styrofoam-cladding,false,,,rule,estimating-item:category:external-cladding:subcategory:labour:install-styrofoam-cladding,missing-estimating-catalogue-candidate,"Labour, plant, fee, service, or construction resource candidate."
quote-135,135,stage:lock-up,category:windows-doors,subcategory:labour,ADDITIONAL HEIGHT WALLS (WINDOW INFILLS),estimating-item,estimating:labour:additional-height-walls-window-infills,false,,,rule,estimating-item:category:windows-doors:subcategory:labour:additional-height-walls-window-infills,missing-estimating-catalogue-candidate,"Labour, plant, fee, service, or construction resource candidate."
quote-136,136,stage:lock-up,category:windows-doors,subcategory:labour,INSTALL GARAGE DOOR JAMB,assembly,assembly:labour:install-garage-door-jamb,false,,,rule,assembly:category:windows-doors:subcategory:labour:install-garage-door-jamb,requires-assembly-model,Likely product plus installation/resource assembly.
quote-137,137,stage:lock-up,category:windows-doors,subcategory:labour,FABRICATE ENTRY DOOR JAMB,estimating-item,estimating:labour:fabricate-entry-door-jamb,false,,,rule,estimating-item:category:windows-doors:subcategory:labour:fabricate-entry-door-jamb,missing-estimating-catalogue-candidate,"Labour, plant, fee, service, or construction resource candidate."
quote-138,138,stage:lock-up,category:windows-doors,subcategory:labour,INSTALL SINGLE ENTRY DOOR INC. JAMB/FURN,assembly,assembly:labour:install-single-entry-door-inc-jamb-furn,false,,,rule,assembly:category:windows-doors:subcategory:labour:install-single-entry-door-inc-jamb-furn,requires-assembly-model,Likely product plus installation/resource assembly.
quote-139,139,stage:lock-up,category:electrical,subcategory:light-fittings,ADD FOR ADDITIONAL SIDELIGHTS,estimating-item,estimating:light-fittings:add-for-additional-sidelights,false,,,rule,estimating-item:category:electrical:subcategory:light-fittings:add-for-additional-sidelights,missing-estimating-catalogue-candidate,"Labour, plant, fee, service, or construction resource candidate."
quote-140,140,stage:lock-up,category:flooring-tiling,subcategory:labour,LOCK-UP GROUND FLOOR,estimating-item,estimating:labour:lock-up-ground-floor,false,,,rule,estimating-item:category:flooring-tiling:subcategory:labour:lock-up-ground-floor,missing-estimating-catalogue-candidate,"Labour, plant, fee, service, or construction resource candidate."
quote-141,141,stage:lock-up,category:lock-up-stage-labour,subcategory:labour,INSTALL TIMBER HANDRAILS TO BALUSTRADES,estimating-item,estimating:labour:install-timber-handrails-to-balustrades,false,,,rule,estimating-item:category:lock-up-stage-labour:subcategory:labour:install-timber-handrails-to-balustrades,missing-estimating-catalogue-candidate,"Labour, plant, fee, service, or construction resource candidate."
quote-142,142,stage:lock-up,category:lock-up-stage-labour,subcategory:labour,FABRICATE & INSTALL TIMBER BALUSTRADING,estimating-item,estimating:labour:fabricate-and-install-timber-balustrading,false,,,rule,estimating-item:category:lock-up-stage-labour:subcategory:labour:fabricate-and-install-timber-balustrading,missing-estimating-catalogue-candidate,"Labour, plant, fee, service, or construction resource candidate."
quote-143,143,stage:lock-up,category:lock-up-stage-labour,subcategory:labour,INSTALL CABLE BALUSTRADE,estimating-item,estimating:labour:install-cable-balustrade,false,,,rule,estimating-item:category:lock-up-stage-labour:subcategory:labour:install-cable-balustrade,missing-estimating-catalogue-candidate,"Labour, plant, fee, service, or construction resource candidate."
quote-144,144,stage:lock-up,category:lock-up-stage-labour,subcategory:labour,LABOUR FOR FAÇADE DETAIL,estimating-item,estimating:labour:labour-for-fa-ade-detail,false,,,rule,estimating-item:category:lock-up-stage-labour:subcategory:labour:labour-for-fa-ade-detail,missing-estimating-catalogue-candidate,"Labour, plant, fee, service, or construction resource candidate."
quote-145,145,stage:lock-up,category:lock-up-stage-labour,subcategory:labour,LABOUR FOR FAÇADE DETAIL,estimating-item,estimating:labour:labour-for-fa-ade-detail,false,,,rule,estimating-item:category:lock-up-stage-labour:subcategory:labour:labour-for-fa-ade-detail,missing-estimating-catalogue-candidate,"Labour, plant, fee, service, or construction resource candidate."
quote-146,146,stage:lock-up,category:lock-up-stage-labour,subcategory:labour,LINE DUTCH GABLES,estimating-item,estimating:labour:line-dutch-gables,false,,,rule,estimating-item:category:lock-up-stage-labour:subcategory:labour:line-dutch-gables,missing-estimating-catalogue-candidate,"Labour, plant, fee, service, or construction resource candidate."
quote-150,150,stage:lock-up,category:windows-doors,subcategory:labour,HANG DOOR IN CAVITY SLIDER UNIT,formula,,false,,,rule,,not-a-catalogue-record,Formula-driven quotation row.
quote-151,151,stage:lock-up,category:windows-doors,subcategory:labour,HANG FOW SLIDING DOOR,estimating-item,estimating:labour:hang-fow-sliding-door,false,,,rule,estimating-item:category:windows-doors:subcategory:labour:hang-fow-sliding-door,missing-estimating-catalogue-candidate,"Labour, plant, fee, service, or construction resource candidate."
quote-152,152,stage:lock-up,category:windows-doors,subcategory:labour,HANG SINGLE DOOR INC. JAMB/ARCH/FURNITURE,formula,,false,,,rule,,not-a-catalogue-record,Formula-driven quotation row.
quote-153,153,stage:lock-up,category:windows-doors,subcategory:labour,HANG DOUBLE DOORS INC. JAMB/FURNITURE,estimating-item,estimating:labour:hang-double-doors-inc-jamb-furniture,false,,,rule,estimating-item:category:windows-doors:subcategory:labour:hang-double-doors-inc-jamb-furniture,missing-estimating-catalogue-candidate,"Labour, plant, fee, service, or construction resource candidate."
quote-154,154,stage:unassigned,category:fix-out-stage-labour,subcategory:labour,"INSTALL ROBE JAMB, SHELF & HANGING RAIL",estimating-item,estimating:labour:install-robe-jamb-shelf-and-hanging-rail,false,,,rule,estimating-item:category:fix-out-stage-labour:subcategory:labour:install-robe-jamb-shelf-and-hanging-rail,missing-estimating-catalogue-candidate,"Labour, plant, fee, service, or construction resource candidate."
quote-155,155,stage:unassigned,category:fix-out-stage-labour,subcategory:labour,INSTALL SHELVING TO WIR,estimating-item,estimating:labour:install-shelving-to-wir,false,,,rule,estimating-item:category:fix-out-stage-labour:subcategory:labour:install-shelving-to-wir,missing-estimating-catalogue-candidate,"Labour, plant, fee, service, or construction resource candidate."
quote-156,156,stage:unassigned,category:fix-out-stage-labour,subcategory:labour,INSTALL SHELVING TO LINEN/BROOM/PANTRY,estimating-item,estimating:labour:install-shelving-to-linen-broom-pantry,false,,,rule,estimating-item:category:fix-out-stage-labour:subcategory:labour:install-shelving-to-linen-broom-pantry,missing-estimating-catalogue-candidate,"Labour, plant, fee, service, or construction resource candidate."
quote-157,157,stage:lock-up,category:windows-doors,subcategory:labour,INSTALL WINDOW ARCHITRAVES,assembly,assembly:labour:install-window-architraves,false,,,rule,assembly:category:windows-doors:subcategory:labour:install-window-architraves,requires-assembly-model,Likely product plus installation/resource assembly.
quote-158,158,stage:lock-up,category:windows-doors,subcategory:labour,INSTALL EXTERIOR DOOR ARCHITRAVES,assembly,assembly:labour:install-exterior-door-architraves,false,,,rule,assembly:category:windows-doors:subcategory:labour:install-exterior-door-architraves,requires-assembly-model,Likely product plus installation/resource assembly.
quote-159,159,stage:unassigned,category:fix-out-stage-labour,subcategory:labour,INSTALL SKIRTING,formula,,false,,,rule,,not-a-catalogue-record,Formula-driven quotation row.
quote-160,160,stage:unassigned,category:fix-out-stage-labour,subcategory:labour,INTERNAL FINAL FIX-OUT,formula,,false,,,rule,,not-a-catalogue-record,Formula-driven quotation row.
quote-163,163,stage:unassigned,category:practical-completion-stage-labour,subcategory:labour,INSTALL WALL MOUNTED CLOTHES LINE,estimating-item,estimating:labour:install-wall-mounted-clothes-line,false,,,rule,estimating-item:category:practical-completion-stage-labour:subcategory:labour:install-wall-mounted-clothes-line,missing-estimating-catalogue-candidate,"Labour, plant, fee, service, or construction resource candidate."
quote-164,164,stage:unassigned,category:practical-completion-stage-labour,subcategory:labour,INSTALL ROTARY CLOTHES LINE,estimating-item,estimating:labour:install-rotary-clothes-line,false,,,rule,estimating-item:category:practical-completion-stage-labour:subcategory:labour:install-rotary-clothes-line,missing-estimating-catalogue-candidate,"Labour, plant, fee, service, or construction resource candidate."
quote-165,165,stage:unassigned,category:practical-completion-stage-labour,subcategory:labour,INSTALL LETTER BOX ON POST,estimating-item,estimating:labour:install-letter-box-on-post,false,,,rule,estimating-item:category:practical-completion-stage-labour:subcategory:labour:install-letter-box-on-post,missing-estimating-catalogue-candidate,"Labour, plant, fee, service, or construction resource candidate."
quote-168,168,stage:unassigned,category:hourly-rate,subcategory:alterations-to-existing,ALTERATIONS TO EXISTING,formula,,false,,,rule,,not-a-catalogue-record,Formula-driven quotation row.
quote-169,169,stage:unassigned,category:hourly-rate,subcategory:incidentials,INCIDENTIALS,formula,,false,,,rule,,not-a-catalogue-record,Formula-driven quotation row.
quote-170,170,stage:unassigned,category:hourly-rate,subcategory:wind-beam,WIND BEAM,formula,,false,,,rule,,not-a-catalogue-record,Formula-driven quotation row.
quote-171,171,stage:unassigned,category:hourly-rate,subcategory:posts,POSTS,formula,,false,,,rule,,not-a-catalogue-record,Formula-driven quotation row.
quote-172,172,stage:unassigned,category:hourly-rate,subcategory:steel-bearers,STEEL BEARERS,formula,,false,,,rule,,not-a-catalogue-record,Formula-driven quotation row.
quote-173,173,stage:unassigned,category:hourly-rate,subcategory:bearers-and-joists,BEARERS & JOISTS,formula,,false,,,rule,,not-a-catalogue-record,Formula-driven quotation row.
quote-174,174,stage:fix-out,category:flooring-tiling,subcategory:flooring,FLOORING,formula,,false,,,rule,,not-a-catalogue-record,Formula-driven quotation row.
quote-175,175,stage:fix-out,category:flooring-tiling,subcategory:compressed-sheet-flooring,COMPRESSED SHEET FLOORING,formula,,false,,,rule,,not-a-catalogue-record,Formula-driven quotation row.
quote-176,176,stage:frame,category:frame,subcategory:wall-frames,WALL FRAMES,formula,,false,,,rule,,not-a-catalogue-record,Formula-driven quotation row.
quote-177,177,stage:unassigned,category:hourly-rate,subcategory:weatherboards,WEATHERBOARDS,formula,,false,,,rule,,not-a-catalogue-record,Formula-driven quotation row.
quote-178,178,stage:unassigned,category:hourly-rate,subcategory:soffitts,SOFFITTS,formula,,false,,,rule,,not-a-catalogue-record,Formula-driven quotation row.
quote-179,179,stage:lock-up,category:windows-doors,subcategory:windows,WINDOWS,formula,,false,,,rule,,not-a-catalogue-record,Formula-driven quotation row.
quote-180,180,stage:fix-out,category:flooring-tiling,subcategory:deck-floor,DECK FLOOR,formula,,false,,,rule,,not-a-catalogue-record,Formula-driven quotation row.
quote-181,181,stage:unassigned,category:hourly-rate,subcategory:beams,BEAMS,formula,,false,,,rule,,not-a-catalogue-record,Formula-driven quotation row.
quote-182,182,stage:unassigned,category:hourly-rate,subcategory:pergolia,PERGOLIA,formula,,false,,,rule,,not-a-catalogue-record,Formula-driven quotation row.
quote-183,183,stage:unassigned,category:hourly-rate,subcategory:purlins,PURLINS,formula,,false,,,rule,,not-a-catalogue-record,Formula-driven quotation row.
quote-184,184,stage:frame,category:frame,subcategory:trussess,TRUSSESS,formula,,false,,,rule,,not-a-catalogue-record,Formula-driven quotation row.
quote-185,185,stage:lock-up,category:roofing,subcategory:roof-framing,ROOF FRAMING,formula,,false,,,rule,,not-a-catalogue-record,Formula-driven quotation row.
quote-186,186,stage:lock-up,category:hourly-rate,subcategory:lock-up,LOCK UP,formula,,false,,,rule,,not-a-catalogue-record,Formula-driven quotation row.
quote-187,187,stage:unassigned,category:hourly-rate,subcategory:fix-out,FIX OUT,formula,,false,,,rule,,not-a-catalogue-record,Formula-driven quotation row.
quote-188,188,stage:unassigned,category:hourly-rate,subcategory:extras,EXTRAS,unresolved,,false,,,unresolved,,requires-review,Insufficient deterministic evidence for automatic classification.
quote-191,191,stage:unassigned,category:travel,subcategory:travel-costs-local,TRAVEL COSTS - LOCAL,unresolved,,false,,,unresolved,,requires-review,Insufficient deterministic evidence for automatic classification.
quote-192,192,stage:unassigned,category:travel,subcategory:travel-costs-1-2-1-hour-travel,TRAVEL COSTS - 1/2 - 1 HOUR TRAVEL,unresolved,,false,,,unresolved,,requires-review,Insufficient deterministic evidence for automatic classification.
quote-193,193,stage:unassigned,category:travel,subcategory:deliver-and-collect-tools-trailer,DELIVER & COLLECT TOOLS TRAILER,unresolved,,false,,,unresolved,,requires-review,Insufficient deterministic evidence for automatic classification.
quote-197,197,stage:base,category:demolition-works,subcategory:item,ITEM,unresolved,,false,,,unresolved,,requires-review,Insufficient deterministic evidence for automatic classification.
quote-199,199,stage:base,category:demolition-works,subcategory:labour,GENERAL DEMOLITION LABOUR,formula,,false,,,rule,,not-a-catalogue-record,Formula-driven quotation row.
quote-200,200,stage:base,category:roofing,subcategory:strip-roofing-iron,STRIP ROOFING IRON,formula,,false,,,rule,,not-a-catalogue-record,Formula-driven quotation row.
quote-201,201,stage:base,category:demolition-works,subcategory:strip-internal-walls,STRIP INTERNAL WALLS,formula,,false,,,rule,,not-a-catalogue-record,Formula-driven quotation row.
quote-202,202,stage:base,category:roofing,subcategory:remove-fascias-and-guttering,REMOVE FASCIAS AND GUTTERING,formula,,false,,,rule,,not-a-catalogue-record,Formula-driven quotation row.
quote-203,203,stage:base,category:external-works,subcategory:strip-timber-decking,STRIP TIMBER DECKING,formula,,false,,,rule,,not-a-catalogue-record,Formula-driven quotation row.
quote-204,204,stage:base,category:demolition-works,subcategory:strip-plaster-ceilings,STRIP PLASTER CEILINGS,formula,,false,,,rule,,not-a-catalogue-record,Formula-driven quotation row.
quote-205,205,stage:base,category:roofing,subcategory:strip-roof-framing,STRIP ROOF FRAMING,formula,,false,,,rule,,not-a-catalogue-record,Formula-driven quotation row.
quote-206,206,stage:base,category:windows-doors,subcategory:remove-windows,REMOVE WINDOWS,formula,,false,,,rule,,not-a-catalogue-record,Formula-driven quotation row.
quote-207,207,stage:base,category:demolition-works,subcategory:strip-architraves-skirts-etc,"STRIP ARCHITRAVES, SKIRTS ETC.",formula,,false,,,rule,,not-a-catalogue-record,Formula-driven quotation row.
quote-208,208,stage:base,category:demolition-works,subcategory:strip-soffits,STRIP SOFFITS,formula,,false,,,rule,,not-a-catalogue-record,Formula-driven quotation row.
quote-209,209,stage:base,category:preliminaries,subcategory:clean-debris-from-site,CLEAN DEBRIS FROM SITE,formula,,false,,,rule,,not-a-catalogue-record,Formula-driven quotation row.
quote-210,210,stage:base,category:demolition-works,subcategory:remove-old-kitchen,REMOVE OLD KITCHEN,formula,,false,,,rule,,not-a-catalogue-record,Formula-driven quotation row.
quote-211,211,stage:base,category:flooring-tiling,subcategory:strip-roof-tiles-and-stockpile-for-re-use,STRIP ROOF TILES AND STOCKPILE FOR RE-USE,formula,,false,,,rule,,not-a-catalogue-record,Formula-driven quotation row.
quote-212,212,stage:base,category:demolition-works,subcategory:2-hr-45-00,2 | HR | - | $45.00 | $-,formula,,false,,,rule,,not-a-catalogue-record,Formula-driven quotation row.
quote-213,213,stage:base,category:external-cladding,subcategory:strip-bricks,STRIP BRICKS,formula,,false,,,rule,,not-a-catalogue-record,Formula-driven quotation row.
quote-214,214,stage:base,category:plumbing-fixtures,subcategory:baths,STRIP OLD BATHROOM,formula,,false,,,rule,,not-a-catalogue-record,Formula-driven quotation row.
quote-215,215,stage:base,category:windows-doors,subcategory:remove-windows-for-re-use,REMOVE WINDOWS FOR RE-USE,formula,,false,,,rule,,not-a-catalogue-record,Formula-driven quotation row.
quote-216,216,stage:base,category:demolition-works,subcategory:remove-existing-handrails-etc,REMOVE EXISTING HANDRAILS ETC.,formula,,false,,,rule,,not-a-catalogue-record,Formula-driven quotation row.
quote-217,217,stage:base,category:windows-doors,subcategory:cut-window-into-side-wall,CUT WINDOW INTO SIDE WALL,formula,,false,,,rule,,not-a-catalogue-record,Formula-driven quotation row.
quote-218,218,stage:base,category:roofing,subcategory:cut-back-existing-roofing-iron,CUT BACK EXISTING ROOFING IRON,formula,,false,,,rule,,not-a-catalogue-record,Formula-driven quotation row.
quote-219,219,stage:base,category:roofing,subcategory:cut-back-rafters-to-form-box-gutter,CUT BACK RAFTERS TO FORM BOX GUTTER,formula,,false,,,rule,,not-a-catalogue-record,Formula-driven quotation row.
quote-220,220,stage:base,category:demolition-works,subcategory:misc-additional-time-allowance,MISC ADDITIONAL TIME ALLOWANCE,allowance,,false,,,rule,allowance:category:demolition-works:subcategory:misc-additional-time-allowance:misc-additional-time-allowance,requires-review,Allowance row; do not import as a physical product.
quote-221,221,stage:base,category:demolition-works,subcategory:cut-openings-in-block-walls,CUT OPENINGS IN BLOCK WALLS,formula,,false,,,rule,,not-a-catalogue-record,Formula-driven quotation row.
quote-222,222,stage:base,category:demolition-works,subcategory:cut-new-opening-into-rear-wall,CUT NEW OPENING INTO REAR WALL,formula,,false,,,rule,,not-a-catalogue-record,Formula-driven quotation row.
quote-224,224,stage:base,category:demolition-works,subcategory:plant-hire,PLANT HIRE,estimating-item,estimating:plant-hire:plant-hire,false,,,rule,estimating-item:category:demolition-works:subcategory:plant-hire:plant-hire,missing-estimating-catalogue-candidate,"Labour, plant, fee, service, or construction resource candidate."
quote-225,225,stage:base,category:slab,subcategory:demolish-and-remove-ext-slabs-b-cat,DEMOLISH & REMOVE EXT SLABS (B/CAT),unresolved,,false,,,unresolved,,requires-review,Insufficient deterministic evidence for automatic classification.
quote-226,226,stage:base,category:external-works,subcategory:remove-exist-driveway-b-cat,REMOVE EXIST DRIVEWAY (B/CAT),unresolved,,false,,,unresolved,,requires-review,Insufficient deterministic evidence for automatic classification.
quote-227,227,stage:base,category:slab,subcategory:concrete-cutting,CONCRETE CUTTING,unresolved,,false,,,unresolved,,requires-review,Insufficient deterministic evidence for automatic classification.
quote-228,228,stage:base,category:demolition-works,subcategory:pneumatic-jack-hammer,PNEUMATIC JACK HAMMER,unresolved,,false,,,unresolved,,requires-review,Insufficient deterministic evidence for automatic classification.
quote-229,229,stage:base,category:demolition-works,subcategory:consumables,CONSUMABLES,unresolved,,false,,,unresolved,,requires-review,Insufficient deterministic evidence for automatic classification.
quote-230,230,stage:base,category:demolition-works,subcategory:plant-hire,HIRE OF SKIPS,estimating-item,estimating:plant-hire:hire-of-skips,false,,,rule,estimating-item:category:demolition-works:subcategory:plant-hire:hire-of-skips,missing-estimating-catalogue-candidate,"Labour, plant, fee, service, or construction resource candidate."
quote-231,231,stage:base,category:demolition-works,subcategory:plant-hire,BOBCAT & TRUCK HIRE TO CLEAN UP,estimating-item,estimating:plant-hire:bobcat-and-truck-hire-to-clean-up,false,,,rule,estimating-item:category:demolition-works:subcategory:plant-hire:bobcat-and-truck-hire-to-clean-up,missing-estimating-catalogue-candidate,"Labour, plant, fee, service, or construction resource candidate."
quote-245,245,stage:unassigned,category:job-set-out,subcategory:labour,LABOUR TO SET-OUT BUILDING,formula,,false,,,rule,,not-a-catalogue-record,Formula-driven quotation row.
quote-246,246,stage:unassigned,category:job-set-out,subcategory:surveyor-set-out-up-up-25-points,SURVEYOR SET OUT (UP UP 25 POINTS),unresolved,,false,,,unresolved,,requires-review,Insufficient deterministic evidence for automatic classification.
quote-247,247,stage:unassigned,category:job-set-out,subcategory:additional-point-corners-over-25,ADDITIONAL POINT (CORNERS) OVER 25,unresolved,,false,,,unresolved,,requires-review,Insufficient deterministic evidence for automatic classification.
quote-234,234,stage:unassigned,category:job-set-out,subcategory:item,ITEM,unresolved,,false,,,unresolved,,requires-review,Insufficient deterministic evidence for automatic classification.
quote-236,236,stage:unassigned,category:job-set-out,subcategory:quote,QUOTE,unresolved,,false,,,unresolved,,requires-review,Insufficient deterministic evidence for automatic classification.
quote-237,237,stage:unassigned,category:job-set-out,subcategory:gos-pine,GOS PINE,formula,,false,,,rule,,not-a-catalogue-record,Formula-driven quotation row.
quote-238,238,stage:unassigned,category:job-set-out,subcategory:nails,NAILS,unresolved,,false,,,unresolved,,requires-review,Insufficient deterministic evidence for automatic classification.
quote-239,239,stage:unassigned,category:job-set-out,subcategory:stringline,STRINGLINE,unresolved,,false,,,unresolved,,requires-review,Insufficient deterministic evidence for automatic classification.
quote-240,240,stage:fix-out,category:painting,subcategory:spray-paint,SPRAY PAINT,unresolved,,false,,,unresolved,,requires-review,Insufficient deterministic evidence for automatic classification.
quote-243,243,stage:unassigned,category:job-set-out,subcategory:item,ITEM,unresolved,,false,,,unresolved,,requires-review,Insufficient deterministic evidence for automatic classification.
quote-250,250,stage:base,category:bulk-earthworks,subcategory:item,ITEM,unresolved,,false,,,unresolved,,requires-review,Insufficient deterministic evidence for automatic classification.
quote-252,252,stage:base,category:bulk-earthworks,subcategory:plant-hire,EXCAVATOR HIRE,estimating-item,estimating:plant-hire:excavator-hire,false,,,rule,estimating-item:category:bulk-earthworks:subcategory:plant-hire:excavator-hire,missing-estimating-catalogue-candidate,"Labour, plant, fee, service, or construction resource candidate."
quote-253,253,stage:base,category:bulk-earthworks,subcategory:plant-hire,BOBCAT HIRE,estimating-item,estimating:plant-hire:bobcat-hire,false,,,rule,estimating-item:category:bulk-earthworks:subcategory:plant-hire:bobcat-hire,missing-estimating-catalogue-candidate,"Labour, plant, fee, service, or construction resource candidate."
quote-254,254,stage:base,category:bulk-earthworks,subcategory:plant-hire,BACKHOE HIRE,estimating-item,estimating:plant-hire:backhoe-hire,false,,,rule,estimating-item:category:bulk-earthworks:subcategory:plant-hire:backhoe-hire,missing-estimating-catalogue-candidate,"Labour, plant, fee, service, or construction resource candidate."
quote-255,255,stage:base,category:bulk-earthworks,subcategory:plant-hire,TIP TRUCK HIRE,estimating-item,estimating:plant-hire:tip-truck-hire,false,,,rule,estimating-item:category:bulk-earthworks:subcategory:plant-hire:tip-truck-hire,missing-estimating-catalogue-candidate,"Labour, plant, fee, service, or construction resource candidate."
quote-256,256,stage:base,category:bulk-earthworks,subcategory:plant-hire,DROTT HIRE,estimating-item,estimating:plant-hire:drott-hire,false,,,rule,estimating-item:category:bulk-earthworks:subcategory:plant-hire:drott-hire,missing-estimating-catalogue-candidate,"Labour, plant, fee, service, or construction resource candidate."
quote-257,257,stage:base,category:bulk-earthworks,subcategory:bulldozer,BULLDOZER,unresolved,,false,,,unresolved,,requires-review,Insufficient deterministic evidence for automatic classification.
quote-258,258,stage:base,category:bulk-earthworks,subcategory:float-costs,FLOAT COSTS,unresolved,,false,,,unresolved,,requires-review,Insufficient deterministic evidence for automatic classification.
quote-259,259,stage:base,category:bulk-earthworks,subcategory:bulldozer-min-charge,BULLDOZER - MIN CHARGE,unresolved,,false,,,unresolved,,requires-review,Insufficient deterministic evidence for automatic classification.
quote-260,260,stage:base,category:bulk-earthworks,subcategory:removal-of-rock,REMOVAL OF ROCK,unresolved,,false,,,unresolved,,requires-review,Insufficient deterministic evidence for automatic classification.
quote-261,261,stage:base,category:preliminaries,subcategory:site-excavation,SITE EXCAVATION,estimating-item,estimating:site-excavation:site-excavation,false,,,rule,estimating-item:category:preliminaries:subcategory:site-excavation:site-excavation,missing-estimating-catalogue-candidate,"Labour, plant, fee, service, or construction resource candidate."
quote-262,262,stage:base,category:preliminaries,subcategory:soil-removal-import-from-to-site,SOIL REMOVAL - IMPORT FROM - TO SITE,unresolved,,false,,,unresolved,,requires-review,Insufficient deterministic evidence for automatic classification.
quote-265,265,stage:base,category:foundations,subcategory:item,ITEM,unresolved,,false,,,unresolved,,requires-review,Insufficient deterministic evidence for automatic classification.
quote-267,267,stage:base,category:foundations,subcategory:excavation-backhoe,EXCAVATION - BACKHOE,estimating-item,estimating:excavation-backhoe:excavation-backhoe,false,,,rule,estimating-item:category:foundations:subcategory:excavation-backhoe:excavation-backhoe,missing-estimating-catalogue-candidate,"Labour, plant, fee, service, or construction resource candidate."
quote-268,268,stage:base,category:foundations,subcategory:excavation-min-charge,EXCAVATION - MIN CHARGE,estimating-item,estimating:excavation-min-charge:excavation-min-charge,false,,,rule,estimating-item:category:foundations:subcategory:excavation-min-charge:excavation-min-charge,missing-estimating-catalogue-candidate,"Labour, plant, fee, service, or construction resource candidate."
quote-269,269,stage:base,category:foundations,subcategory:boxing-allowance,BOXING ALLOWANCE,allowance,,false,,,rule,allowance:category:foundations:subcategory:boxing-allowance:boxing-allowance,requires-review,Allowance row; do not import as a physical product.
quote-270,270,stage:base,category:foundations,subcategory:f8-3bar-trench-mesh,F8 3BAR TRENCH MESH,unresolved,,false,,,unresolved,,requires-review,Insufficient deterministic evidence for automatic classification.
quote-271,271,stage:base,category:foundations,subcategory:f11-3-bar-trench-mesh,F11 3 BAR TRENCH MESH,unresolved,,false,,,unresolved,,requires-review,Insufficient deterministic evidence for automatic classification.
quote-272,272,stage:base,category:foundations,subcategory:200-x-300-z-cage,200 X 300 Z CAGE,unresolved,,false,,,unresolved,,requires-review,Insufficient deterministic evidence for automatic classification.
quote-273,273,stage:base,category:foundations,subcategory:corner-bars,CORNER BARS,unresolved,,false,,,unresolved,,requires-review,Insufficient deterministic evidence for automatic classification.
quote-274,274,stage:base,category:foundations,subcategory:starter-bars,STARTER BARS,unresolved,,false,,,unresolved,,requires-review,Insufficient deterministic evidence for automatic classification.
quote-275,275,stage:base,category:foundations,subcategory:rg-ligatures,RG LIGATURES,unresolved,,false,,,unresolved,,requires-review,Insufficient deterministic evidence for automatic classification.
quote-276,276,stage:base,category:foundations,subcategory:trench-mesh-chairs,TRENCH MESH CHAIRS,unresolved,,false,,,unresolved,,requires-review,Insufficient deterministic evidence for automatic classification.
quote-277,277,stage:base,category:foundations,subcategory:350-x-450-strip-footing-1-x-f11-3-bar,350 x 450 STRIP FOOTING 1 X F11 3 BAR,formula,,false,,,rule,,not-a-catalogue-record,Formula-driven quotation row.
quote-278,278,stage:base,category:foundations,subcategory:h-footings-to-350-x-600-2-x-f11-bar-add-y,"H FOOTINGS TO 350 X 600 2 X F11 BAR ADD ""Y""",formula,,false,,,rule,,not-a-catalogue-record,Formula-driven quotation row.
quote-279,279,stage:base,category:slab,subcategory:concrete-piers,concrete piers,formula,,false,,,rule,,not-a-catalogue-record,Formula-driven quotation row.
quote-280,280,stage:base,category:foundations,subcategory:add-corner-bars,ADD CORNER BARS,unresolved,,false,,,unresolved,,requires-review,Insufficient deterministic evidence for automatic classification.
quote-281,281,stage:base,category:slab,subcategory:20-mpa-concrete,20 mpa CONCRETE,unresolved,,false,,,unresolved,,requires-review,Insufficient deterministic evidence for automatic classification.
quote-283,283,stage:base,category:slab,subcategory:concrete-pump,CONCRETE PUMP,estimating-item,estimating:concrete-pump:concrete-pump,false,,,rule,estimating-item:category:slab:subcategory:concrete-pump:concrete-pump,missing-estimating-catalogue-candidate,"Labour, plant, fee, service, or construction resource candidate."
quote-284,284,stage:base,category:slab,subcategory:concrete-pump-min-charge,CONCRETE PUMP MIN CHARGE,estimating-item,estimating:concrete-pump-min-charge:concrete-pump-min-charge,false,,,rule,estimating-item:category:slab:subcategory:concrete-pump-min-charge:concrete-pump-min-charge,missing-estimating-catalogue-candidate,"Labour, plant, fee, service, or construction resource candidate."
quote-285,285,stage:base,category:foundations,subcategory:labour,LABOUR - PREPARATION OF EXCAVATIONS,estimating-item,estimating:labour:labour-preparation-of-excavations,false,,,rule,estimating-item:category:foundations:subcategory:labour:labour-preparation-of-excavations,missing-estimating-catalogue-candidate,"Labour, plant, fee, service, or construction resource candidate."
quote-286,286,stage:base,category:foundations,subcategory:labour,LABOUR TO PREP & POUR STD FOOTINGS,estimating-item,estimating:labour:labour-to-prep-and-pour-std-footings,false,,,rule,estimating-item:category:foundations:subcategory:labour:labour-to-prep-and-pour-std-footings,missing-estimating-catalogue-candidate,"Labour, plant, fee, service, or construction resource candidate."
quote-287,287,stage:base,category:foundations,subcategory:labout-to-set-up-piers,LABOUT TO SET UP PIERS,unresolved,,false,,,unresolved,,requires-review,Insufficient deterministic evidence for automatic classification.
quote-288,288,stage:base,category:foundations,subcategory:labour,LABOUR TO UPGRADE FOOTINGS TO H CLASS,estimating-item,estimating:labour:labour-to-upgrade-footings-to-h-class,false,,,rule,estimating-item:category:foundations:subcategory:labour:labour-to-upgrade-footings-to-h-class,missing-estimating-catalogue-candidate,"Labour, plant, fee, service, or construction resource candidate."
quote-292,292,stage:lock-up,category:external-cladding,subcategory:item,ITEM,product,product:item:item,true,,,rule,product:category:external-cladding:subcategory:item:item,missing-product-library-candidate,Physical selectable or supplier product candidate.
quote-294,294,stage:lock-up,category:external-cladding,subcategory:face-bricks-base-range,FACE BRICKS - BASE RANGE,product,product:face-bricks-base-range:face-bricks-base-range,true,,,rule,product:category:external-cladding:subcategory:face-bricks-base-range:face-bricks-base-range,missing-product-library-candidate,Physical selectable or supplier product candidate.
quote-295,295,stage:lock-up,category:external-cladding,subcategory:face-bricks-mid-range,FACE BRICKS - MID RANGE,product,product:face-bricks-mid-range:face-bricks-mid-range,true,,,rule,product:category:external-cladding:subcategory:face-bricks-mid-range:face-bricks-mid-range,missing-product-library-candidate,Physical selectable or supplier product candidate.
quote-296,296,stage:lock-up,category:external-cladding,subcategory:common-bricks-for-rendering,COMMON BRICKS FOR RENDERING,product,product:common-bricks-for-rendering:common-bricks-for-rendering,true,,,rule,product:category:external-cladding:subcategory:common-bricks-for-rendering:common-bricks-for-rendering,missing-product-library-candidate,Physical selectable or supplier product candidate.
quote-297,297,stage:lock-up,category:external-cladding,subcategory:200-series-blocks,200 SERIES BLOCKS,product,product:200-series-blocks:200-series-blocks,true,,,rule,product:category:external-cladding:subcategory:200-series-blocks:200-series-blocks,missing-product-library-candidate,Physical selectable or supplier product candidate.
quote-298,298,stage:lock-up,category:external-cladding,subcategory:200-series-blocks-3-4-blocks,200 SERIES BLOCKS 3/4 BLOCKS,product,product:200-series-blocks-3-4-blocks:200-series-blocks-3-4-blocks,true,,,rule,product:category:external-cladding:subcategory:200-series-blocks-3-4-blocks:200-series-blocks-3-4-blocks,missing-product-library-candidate,Physical selectable or supplier product candidate.
quote-299,299,stage:lock-up,category:external-cladding,subcategory:200-series-blocks-halve-blocks,200 SERIES BLOCKS - HALVE BLOCKS,product,product:200-series-blocks-halve-blocks:200-series-blocks-halve-blocks,true,,,rule,product:category:external-cladding:subcategory:200-series-blocks-halve-blocks:200-series-blocks-halve-blocks,missing-product-library-candidate,Physical selectable or supplier product candidate.
quote-300,300,stage:lock-up,category:external-cladding,subcategory:mortar-mix-sand-cement-etc,"MORTAR MIX (SAND, CEMENT ETC.)",product,product:mortar-mix-sand-cement-etc:mortar-mix-sand-cement-etc,true,,,rule,product:category:external-cladding:subcategory:mortar-mix-sand-cement-etc:mortar-mix-sand-cement-etc,missing-product-library-candidate,Physical selectable or supplier product candidate.
quote-301,301,stage:lock-up,category:external-cladding,subcategory:m12-rod,M12 ROD,product,product:m12-rod:m12-rod,true,,,rule,product:category:external-cladding:subcategory:m12-rod:m12-rod,missing-product-library-candidate,Physical selectable or supplier product candidate.
quote-302,302,stage:base,category:external-cladding,subcategory:blockwork-core-fill-concrete,BLOCKWORK CORE FILL CONCRETE,formula,,false,,,rule,,not-a-catalogue-record,Formula-driven quotation row.
quote-303,303,stage:lock-up,category:external-cladding,subcategory:blockwork-reo,BLOCKWORK REO,product,product:blockwork-reo:blockwork-reo,true,,,rule,product:category:external-cladding:subcategory:blockwork-reo:blockwork-reo,missing-product-library-candidate,Physical selectable or supplier product candidate.
quote-315,315,stage:base,category:slab,subcategory:item,ITEM,unresolved,,false,,,unresolved,,requires-review,Insufficient deterministic evidence for automatic classification.
quote-318,318,stage:base,category:slab,subcategory:slab-and-footing-quote,SLAB & FOOTING QUOTE,unresolved,,false,,,unresolved,,requires-review,Insufficient deterministic evidence for automatic classification.
quote-319,319,stage:base,category:slab,subcategory:concrete-engineered-slab-rough-price,CONCRETE ENGINEERED SLAB (ROUGH PRICE),unresolved,,false,,,unresolved,,requires-review,Insufficient deterministic evidence for automatic classification.
quote-320,320,stage:base,category:plumbing-fixtures,subcategory:showers,RECESSED SHOWER,product,product:showers:recessed-shower,true,,,rule,product:category:plumbing-fixtures:subcategory:showers:recessed-shower,missing-product-library-candidate,Physical selectable or supplier product candidate.
quote-321,321,stage:base,category:windows-doors,subcategory:recessed-garage,RECESSED GARAGE,unresolved,,false,,,unresolved,,requires-review,Insufficient deterministic evidence for automatic classification.
quote-322,322,stage:base,category:slab,subcategory:broom-fnished-concrete-paving,BROOM FNISHED CONCRETE PAVING,unresolved,,false,,,unresolved,,requires-review,Insufficient deterministic evidence for automatic classification.
quote-323,323,stage:base,category:slab,subcategory:edge-beams,EDGE BEAMS,unresolved,,false,,,unresolved,,requires-review,Insufficient deterministic evidence for automatic classification.
quote-324,324,stage:base,category:slab,subcategory:internal-beams,INTERNAL BEAMS,unresolved,,false,,,unresolved,,requires-review,Insufficient deterministic evidence for automatic classification.
quote-325,325,stage:base,category:slab,subcategory:100mm-slab,100mm SLAB,unresolved,,false,,,unresolved,,requires-review,Insufficient deterministic evidence for automatic classification.
quote-328,328,stage:unassigned,category:excavations-and-machine-hire-costs,subcategory:plant-hire,BOBCAT,estimating-item,estimating:plant-hire:bobcat,false,,,rule,estimating-item:category:excavations-and-machine-hire-costs:subcategory:plant-hire:bobcat,missing-estimating-catalogue-candidate,"Labour, plant, fee, service, or construction resource candidate."
quote-329,329,stage:unassigned,category:excavations-and-machine-hire-costs,subcategory:plant-hire,BOBCAT - MIN CHARGE,estimating-item,estimating:plant-hire:bobcat-min-charge,false,,,rule,estimating-item:category:excavations-and-machine-hire-costs:subcategory:plant-hire:bobcat-min-charge,missing-estimating-catalogue-candidate,"Labour, plant, fee, service, or construction resource candidate."
quote-330,330,stage:unassigned,category:excavations-and-machine-hire-costs,subcategory:plant-hire,EXCAVATOR,estimating-item,estimating:plant-hire:excavator,false,,,rule,estimating-item:category:excavations-and-machine-hire-costs:subcategory:plant-hire:excavator,missing-estimating-catalogue-candidate,"Labour, plant, fee, service, or construction resource candidate."
quote-331,331,stage:unassigned,category:excavations-and-machine-hire-costs,subcategory:plant-hire,EXCAVATOR - DIG FOOTINGS PRICE PER LM,estimating-item,estimating:plant-hire:excavator-dig-footings-price-per-lm,false,,,rule,estimating-item:category:excavations-and-machine-hire-costs:subcategory:plant-hire:excavator-dig-footings-price-per-lm,missing-estimating-catalogue-candidate,"Labour, plant, fee, service, or construction resource candidate."
quote-332,332,stage:unassigned,category:excavations-and-machine-hire-costs,subcategory:plant-hire,EXCAVATOR - MIN CHARGE,estimating-item,estimating:plant-hire:excavator-min-charge,false,,,rule,estimating-item:category:excavations-and-machine-hire-costs:subcategory:plant-hire:excavator-min-charge,missing-estimating-catalogue-candidate,"Labour, plant, fee, service, or construction resource candidate."
quote-336,336,stage:unassigned,category:trench-mesh,subcategory:l08tm3w,L08TM3W,unresolved,,false,,,unresolved,,requires-review,Insufficient deterministic evidence for automatic classification.
quote-337,337,stage:unassigned,category:trench-mesh,subcategory:l08tm4w,L08TM4W,unresolved,,false,,,unresolved,,requires-review,Insufficient deterministic evidence for automatic classification.
quote-338,338,stage:unassigned,category:trench-mesh,subcategory:l08tm5w,L08TM5W,unresolved,,false,,,unresolved,,requires-review,Insufficient deterministic evidence for automatic classification.
quote-339,339,stage:unassigned,category:trench-mesh,subcategory:l08tm6w,L08TM6W,unresolved,,false,,,unresolved,,requires-review,Insufficient deterministic evidence for automatic classification.
quote-340,340,stage:unassigned,category:trench-mesh,subcategory:l11tm3w,L11TM3W,unresolved,,false,,,unresolved,,requires-review,Insufficient deterministic evidence for automatic classification.
quote-341,341,stage:unassigned,category:trench-mesh,subcategory:l11tm4w,L11TM4W,unresolved,,false,,,unresolved,,requires-review,Insufficient deterministic evidence for automatic classification.
quote-342,342,stage:unassigned,category:trench-mesh,subcategory:l11tm5w,L11TM5W,unresolved,,false,,,unresolved,,requires-review,Insufficient deterministic evidence for automatic classification.
quote-343,343,stage:unassigned,category:trench-mesh,subcategory:l11tm6w,L11TM6W,unresolved,,false,,,unresolved,,requires-review,Insufficient deterministic evidence for automatic classification.
quote-344,344,stage:unassigned,category:trench-mesh,subcategory:l12tm3w,L12TM3W,unresolved,,false,,,unresolved,,requires-review,Insufficient deterministic evidence for automatic classification.
quote-345,345,stage:unassigned,category:trench-mesh,subcategory:l12tm4w,L12TM4W,unresolved,,false,,,unresolved,,requires-review,Insufficient deterministic evidence for automatic classification.
quote-346,346,stage:unassigned,category:trench-mesh,subcategory:l12tm5w,L12TM5W,unresolved,,false,,,unresolved,,requires-review,Insufficient deterministic evidence for automatic classification.
quote-347,347,stage:unassigned,category:trench-mesh,subcategory:l12tm6w,L12TM6W,unresolved,,false,,,unresolved,,requires-review,Insufficient deterministic evidence for automatic classification.
quote-348,348,stage:unassigned,category:trench-mesh,subcategory:trench-mesh-supports-8-12mm-bag-20,TRENCH MESH SUPPORTS 8-12mm (BAG 20),unresolved,,false,,,unresolved,,requires-review,Insufficient deterministic evidence for automatic classification.
quote-351,351,stage:unassigned,category:reinforcing-fabric,subcategory:sl81,SL81,unresolved,,false,,,unresolved,,requires-review,Insufficient deterministic evidence for automatic classification.
quote-352,352,stage:unassigned,category:reinforcing-fabric,subcategory:sl102,SL102,unresolved,,false,,,unresolved,,requires-review,Insufficient deterministic evidence for automatic classification.
quote-353,353,stage:unassigned,category:reinforcing-fabric,subcategory:sl92,SL92,unresolved,,false,,,unresolved,,requires-review,Insufficient deterministic evidence for automatic classification.
quote-354,354,stage:unassigned,category:reinforcing-fabric,subcategory:sl82,SL82,unresolved,,false,,,unresolved,,requires-review,Insufficient deterministic evidence for automatic classification.
quote-355,355,stage:unassigned,category:reinforcing-fabric,subcategory:sl72,SL72,unresolved,,false,,,unresolved,,requires-review,Insufficient deterministic evidence for automatic classification.
quote-356,356,stage:unassigned,category:reinforcing-fabric,subcategory:sl62,SL62,unresolved,,false,,,unresolved,,requires-review,Insufficient deterministic evidence for automatic classification.
quote-357,357,stage:unassigned,category:reinforcing-fabric,subcategory:sl52,SL52,unresolved,,false,,,unresolved,,requires-review,Insufficient deterministic evidence for automatic classification.
quote-358,358,stage:unassigned,category:reinforcing-fabric,subcategory:support-chairs-50-65mm,SUPPORT CHAIRS (50-65mm),unresolved,,false,,,unresolved,,requires-review,Insufficient deterministic evidence for automatic classification.
quote-361,361,stage:unassigned,category:deformed-bar,subcategory:n12s,N12S,unresolved,,false,,,unresolved,,requires-review,Insufficient deterministic evidence for automatic classification.
quote-362,362,stage:unassigned,category:deformed-bar,subcategory:n16s,N16S,unresolved,,false,,,unresolved,,requires-review,Insufficient deterministic evidence for automatic classification.
quote-363,363,stage:unassigned,category:deformed-bar,subcategory:n20s,N20S,unresolved,,false,,,unresolved,,requires-review,Insufficient deterministic evidence for automatic classification.
quote-364,364,stage:external,category:external-works,subcategory:s12s-250n-deformed-pool-bar,S12S (250N DEFORMED POOL BAR),unresolved,,false,,,unresolved,,requires-review,Insufficient deterministic evidence for automatic classification.
quote-365,365,stage:unassigned,category:deformed-bar,subcategory:support-chairs-50-65mm,SUPPORT CHAIRS (50-65mm),unresolved,,false,,,unresolved,,requires-review,Insufficient deterministic evidence for automatic classification.
quote-368,368,stage:unassigned,category:starter-bars-and-corner-bars,subcategory:r10-starter-1000-x-200,R10 STARTER (1000 x 200),unresolved,,false,,,unresolved,,requires-review,Insufficient deterministic evidence for automatic classification.
quote-369,369,stage:unassigned,category:starter-bars-and-corner-bars,subcategory:n12-starter-1000-x-200,N12 STARTER (1000 x 200),unresolved,,false,,,unresolved,,requires-review,Insufficient deterministic evidence for automatic classification.
quote-370,370,stage:unassigned,category:starter-bars-and-corner-bars,subcategory:r10-corner-600-x-600,R10 CORNER (600 x 600),unresolved,,false,,,unresolved,,requires-review,Insufficient deterministic evidence for automatic classification.
quote-371,371,stage:unassigned,category:starter-bars-and-corner-bars,subcategory:n12-corner-600-x-600,N12 CORNER (600 x 600),unresolved,,false,,,unresolved,,requires-review,Insufficient deterministic evidence for automatic classification.
quote-372,372,stage:unassigned,category:starter-bars-and-corner-bars,subcategory:n12-corner-900-x-900,N12 CORNER (900 x 900),unresolved,,false,,,unresolved,,requires-review,Insufficient deterministic evidence for automatic classification.
quote-375,375,stage:unassigned,category:dowells,subcategory:16-x-400-dowells,16 x 400 DOWELLS,unresolved,,false,,,unresolved,,requires-review,Insufficient deterministic evidence for automatic classification.
quote-376,376,stage:unassigned,category:dowells,subcategory:16-x-600-dowells,16 x 600 DOWELLS,unresolved,,false,,,unresolved,,requires-review,Insufficient deterministic evidence for automatic classification.
quote-377,377,stage:unassigned,category:dowells,subcategory:20-x-400-dowells,20 x 400 DOWELLS,unresolved,,false,,,unresolved,,requires-review,Insufficient deterministic evidence for automatic classification.
quote-378,378,stage:unassigned,category:dowells,subcategory:20-x-600-dowells,20 x 600 DOWELLS,unresolved,,false,,,unresolved,,requires-review,Insufficient deterministic evidence for automatic classification.
quote-380,380,stage:unassigned,category:dowells,subcategory:delivery-charge,DELIVERY CHARGE,unresolved,,false,,,unresolved,,requires-review,Insufficient deterministic evidence for automatic classification.
quote-383,383,stage:unassigned,category:accessories,subcategory:plastic-4m-x-50m-x-200um-black,PLASTIC 4m x 50m x 200um BLACK,unresolved,,false,,,unresolved,,requires-review,Insufficient deterministic evidence for automatic classification.
quote-384,384,stage:unassigned,category:accessories,subcategory:plastic-4m-x-50m-x-200um-orange,PLASTIC 4m x 50m x 200um ORANGE,unresolved,,false,,,unresolved,,requires-review,Insufficient deterministic evidence for automatic classification.
quote-385,385,stage:unassigned,category:plumbing-fixtures,subcategory:tapware,GREY TAPE,product,product:tapware:grey-tape,true,,,rule,product:category:plumbing-fixtures:subcategory:tapware:grey-tape,missing-product-library-candidate,Physical selectable or supplier product candidate.
quote-389,389,stage:unassigned,category:waffle-pods,subcategory:waffle-pods-1090-x-1090-x-150,WAFFLE PODS 1090 x 1090 x 150,formula,,false,,,rule,,not-a-catalogue-record,Formula-driven quotation row.
quote-390,390,stage:unassigned,category:waffle-pods,subcategory:waffle-pods-1090-x-1090-x-225,WAFFLE PODS 1090 x 1090 x 225,formula,,false,,,rule,,not-a-catalogue-record,Formula-driven quotation row.
quote-391,391,stage:unassigned,category:waffle-pods,subcategory:waffle-pods-1090-x-1090-x-300,WAFFLE PODS 1090 x 1090 x 300,formula,,false,,,rule,,not-a-catalogue-record,Formula-driven quotation row.
quote-392,392,stage:unassigned,category:waffle-pods,subcategory:waffle-pods-1090-x-1090-x-525,WAFFLE PODS 1090 x 1090 x 525,formula,,false,,,rule,,not-a-catalogue-record,Formula-driven quotation row.
quote-393,393,stage:unassigned,category:waffle-pods,subcategory:delivery,DELIVERY,unresolved,,false,,,unresolved,,requires-review,Insufficient deterministic evidence for automatic classification.
quote-397,397,stage:unassigned,category:bulk-materials,subcategory:bedding-sand,BEDDING SAND,unresolved,,false,,,unresolved,,requires-review,Insufficient deterministic evidence for automatic classification.
quote-398,398,stage:unassigned,category:bulk-materials,subcategory:crusher-dust,CRUSHER DUST,unresolved,,false,,,unresolved,,requires-review,Insufficient deterministic evidence for automatic classification.
quote-401,401,stage:base,category:slab,subcategory:concrete-20mpa,CONCRETE - 20MPA,unresolved,,false,,,unresolved,,requires-review,Insufficient deterministic evidence for automatic classification.
quote-402,402,stage:base,category:slab,subcategory:concrete-25mpa,CONCRETE - 25MPA,unresolved,,false,,,unresolved,,requires-review,Insufficient deterministic evidence for automatic classification.
quote-403,403,stage:base,category:slab,subcategory:concrete-32mpa,CONCRETE - 32MPA,unresolved,,false,,,unresolved,,requires-review,Insufficient deterministic evidence for automatic classification.
quote-406,406,stage:unassigned,category:internal-beams,subcategory:internal-beams-350-x-350-1-row-f11-t-mesh,INTERNAL BEAMS 350 x 350 1 ROW F11 T/MESH,formula,,false,,,rule,,not-a-catalogue-record,Formula-driven quotation row.
quote-409,409,stage:base,category:slab,subcategory:boom-pump-25m-min-charge,BOOM PUMP 25M (MIN CHARGE),estimating-item,estimating:boom-pump-25m-min-charge:boom-pump-25m-min-charge,false,,,rule,estimating-item:category:slab:subcategory:boom-pump-25m-min-charge:boom-pump-25m-min-charge,missing-estimating-catalogue-candidate,"Labour, plant, fee, service, or construction resource candidate."
quote-410,410,stage:base,category:slab,subcategory:additional-cost-per-hour,ADDITIONAL COST PER HOUR,estimating-item,estimating:additional-cost-per-hour:additional-cost-per-hour,false,,,rule,estimating-item:category:slab:subcategory:additional-cost-per-hour:additional-cost-per-hour,missing-estimating-catalogue-candidate,"Labour, plant, fee, service, or construction resource candidate."
quote-411,411,stage:base,category:slab,subcategory:concrete-pump-rate,CONCRETE PUMP RATE,estimating-item,estimating:concrete-pump-rate:concrete-pump-rate,false,,,rule,estimating-item:category:slab:subcategory:concrete-pump-rate:concrete-pump-rate,missing-estimating-catalogue-candidate,"Labour, plant, fee, service, or construction resource candidate."
quote-412,412,stage:base,category:slab,subcategory:travel-cost,TRAVEL COST,estimating-item,estimating:travel-cost:travel-cost,false,,,rule,estimating-item:category:slab:subcategory:travel-cost:travel-cost,missing-estimating-catalogue-candidate,"Labour, plant, fee, service, or construction resource candidate."
quote-414,414,stage:base,category:slab,subcategory:boom-pump-33m-min-charge,BOOM PUMP 33M (MIN CHARGE),estimating-item,estimating:boom-pump-33m-min-charge:boom-pump-33m-min-charge,false,,,rule,estimating-item:category:slab:subcategory:boom-pump-33m-min-charge:boom-pump-33m-min-charge,missing-estimating-catalogue-candidate,"Labour, plant, fee, service, or construction resource candidate."
quote-415,415,stage:base,category:slab,subcategory:additional-cost-per-hour,ADDITIONAL COST PER HOUR,estimating-item,estimating:additional-cost-per-hour:additional-cost-per-hour,false,,,rule,estimating-item:category:slab:subcategory:additional-cost-per-hour:additional-cost-per-hour,missing-estimating-catalogue-candidate,"Labour, plant, fee, service, or construction resource candidate."
quote-416,416,stage:base,category:slab,subcategory:concrete-pump-rate,CONCRETE PUMP RATE,estimating-item,estimating:concrete-pump-rate:concrete-pump-rate,false,,,rule,estimating-item:category:slab:subcategory:concrete-pump-rate:concrete-pump-rate,missing-estimating-catalogue-candidate,"Labour, plant, fee, service, or construction resource candidate."
quote-417,417,stage:base,category:slab,subcategory:travel-cost,TRAVEL COST,estimating-item,estimating:travel-cost:travel-cost,false,,,rule,estimating-item:category:slab:subcategory:travel-cost:travel-cost,missing-estimating-catalogue-candidate,"Labour, plant, fee, service, or construction resource candidate."
quote-419,419,stage:base,category:slab,subcategory:line-pump-33m,LINE PUMP 33M,estimating-item,estimating:line-pump-33m:line-pump-33m,false,,,rule,estimating-item:category:slab:subcategory:line-pump-33m:line-pump-33m,missing-estimating-catalogue-candidate,"Labour, plant, fee, service, or construction resource candidate."
quote-420,420,stage:base,category:slab,subcategory:additional-cost-per-hour,ADDITIONAL COST PER HOUR,estimating-item,estimating:additional-cost-per-hour:additional-cost-per-hour,false,,,rule,estimating-item:category:slab:subcategory:additional-cost-per-hour:additional-cost-per-hour,missing-estimating-catalogue-candidate,"Labour, plant, fee, service, or construction resource candidate."
quote-421,421,stage:base,category:slab,subcategory:concrete-pump-rate,CONCRETE PUMP RATE,estimating-item,estimating:concrete-pump-rate:concrete-pump-rate,false,,,rule,estimating-item:category:slab:subcategory:concrete-pump-rate:concrete-pump-rate,missing-estimating-catalogue-candidate,"Labour, plant, fee, service, or construction resource candidate."
quote-422,422,stage:base,category:slab,subcategory:travel-cost,TRAVEL COST,estimating-item,estimating:travel-cost:travel-cost,false,,,rule,estimating-item:category:slab:subcategory:travel-cost:travel-cost,missing-estimating-catalogue-candidate,"Labour, plant, fee, service, or construction resource candidate."
quote-425,425,stage:unassigned,category:concretor-s-labour,subcategory:labour,ITEM,estimating-item,estimating:labour:item,false,,,rule,estimating-item:category:concretor-s-labour:subcategory:labour:item,missing-estimating-catalogue-candidate,"Labour, plant, fee, service, or construction resource candidate."
quote-427,427,stage:base,category:slab,subcategory:labour,CONCRETOR - BOXING SLAB,estimating-item,estimating:labour:concretor-boxing-slab,false,,,rule,estimating-item:category:slab:subcategory:labour:concretor-boxing-slab,missing-estimating-catalogue-candidate,"Labour, plant, fee, service, or construction resource candidate."
quote-428,428,stage:unassigned,category:concretor-s-labour,subcategory:labour,CONCRETOR - PREPARATION,estimating-item,estimating:labour:concretor-preparation,false,,,rule,estimating-item:category:concretor-s-labour:subcategory:labour:concretor-preparation,missing-estimating-catalogue-candidate,"Labour, plant, fee, service, or construction resource candidate."
quote-429,429,stage:unassigned,category:concretor-s-labour,subcategory:labour,INTERNAL BEAMS,estimating-item,estimating:labour:internal-beams,false,,,rule,estimating-item:category:concretor-s-labour:subcategory:labour:internal-beams,missing-estimating-catalogue-candidate,"Labour, plant, fee, service, or construction resource candidate."
quote-430,430,stage:unassigned,category:concretor-s-labour,subcategory:labour,"CONCRETOR - PREP, POUR & DRESS",estimating-item,estimating:labour:concretor-prep-pour-and-dress,false,,,rule,estimating-item:category:concretor-s-labour:subcategory:labour:concretor-prep-pour-and-dress,missing-estimating-catalogue-candidate,"Labour, plant, fee, service, or construction resource candidate."
quote-433,433,stage:fix-out,category:flooring-tiling,subcategory:item,ITEM,unresolved,,false,,,unresolved,,requires-review,Insufficient deterministic evidence for automatic classification.
quote-435,435,stage:base,category:flooring-tiling,subcategory:metal-stumps-in-concrete,METAL STUMPS IN CONCRETE,unresolved,,false,,,unresolved,,requires-review,Insufficient deterministic evidence for automatic classification.
quote-436,436,stage:fix-out,category:flooring-tiling,subcategory:ant-caps,ANT CAPS,unresolved,,false,,,unresolved,,requires-review,Insufficient deterministic evidence for automatic classification.
quote-437,437,stage:fix-out,category:flooring-tiling,subcategory:bearer-tie-down-bolts,BEARER TIE DOWN BOLTS,unresolved,,false,,,unresolved,,requires-review,Insufficient deterministic evidence for automatic classification.
quote-438,438,stage:fix-out,category:flooring-tiling,subcategory:245-x-45-lvl,245 x 45 LVL,formula,,false,,,rule,,not-a-catalogue-record,Formula-driven quotation row.
quote-439,439,stage:fix-out,category:flooring-tiling,subcategory:bearers-125-x-75-f14-rhw,BEARERS 125 X 75 F14 RHW,unresolved,,false,,,unresolved,,requires-review,Insufficient deterministic evidence for automatic classification.
quote-440,440,stage:fix-out,category:flooring-tiling,subcategory:joists-125-x-38-f14,JOISTS 125 X 38 F14,formula,,false,,,rule,,not-a-catalogue-record,Formula-driven quotation row.
quote-441,441,stage:fix-out,category:flooring-tiling,subcategory:sheet-flooring-yellow-tongue,SHEET FLOORING - YELLOW TONGUE,unresolved,,false,,,unresolved,,requires-review,Insufficient deterministic evidence for automatic classification.
quote-442,442,stage:fix-out,category:flooring-tiling,subcategory:300-ub-bearer,300 UB BEARER,unresolved,,false,,,unresolved,,requires-review,Insufficient deterministic evidence for automatic classification.
quote-443,443,stage:fix-out,category:flooring-tiling,subcategory:300-ub-bearer,300 UB BEARER,unresolved,,false,,,unresolved,,requires-review,Insufficient deterministic evidence for automatic classification.
quote-444,444,stage:fix-out,category:flooring-tiling,subcategory:300-ub-bearer,300 UB BEARER,unresolved,,false,,,unresolved,,requires-review,Insufficient deterministic evidence for automatic classification.
quote-445,445,stage:fix-out,category:flooring-tiling,subcategory:b3-300-x-45-edgebeam,B3 300 X 45 EDGEBEAM,formula,,false,,,rule,,not-a-catalogue-record,Formula-driven quotation row.
quote-446,446,stage:fix-out,category:flooring-tiling,subcategory:b3-300-x-45-edgebeam,B3 300 X 45 EDGEBEAM,formula,,false,,,rule,,not-a-catalogue-record,Formula-driven quotation row.
quote-447,447,stage:fix-out,category:flooring-tiling,subcategory:b3-300-x-45-edgebeam,B3 300 X 45 EDGEBEAM,formula,,false,,,rule,,not-a-catalogue-record,Formula-driven quotation row.
quote-448,448,stage:fix-out,category:flooring-tiling,subcategory:30088-i-beam,30088 I BEAM,formula,,false,,,rule,,not-a-catalogue-record,Formula-driven quotation row.
quote-449,449,stage:fix-out,category:flooring-tiling,subcategory:30088-i-beam,30088 I BEAM,formula,,false,,,rule,,not-a-catalogue-record,Formula-driven quotation row.
quote-450,450,stage:fix-out,category:flooring-tiling,subcategory:30088-i-beam,30088 I BEAM,formula,,false,,,rule,,not-a-catalogue-record,Formula-driven quotation row.
quote-451,451,stage:fix-out,category:flooring-tiling,subcategory:175-x-38-f14,175 X 38 F14,formula,,false,,,rule,,not-a-catalogue-record,Formula-driven quotation row.
quote-452,452,stage:fix-out,category:flooring-tiling,subcategory:230-x-85-tas-beam,230 X 85 TAS BEAM,formula,,false,,,rule,,not-a-catalogue-record,Formula-driven quotation row.
quote-453,453,stage:fix-out,category:flooring-tiling,subcategory:200-x-75-f14,200 X 75 F14,formula,,false,,,rule,,not-a-catalogue-record,Formula-driven quotation row.
quote-454,454,stage:fix-out,category:flooring-tiling,subcategory:150-x-150-hwd-posts,150 X 150 HWD POSTS,formula,,false,,,rule,,not-a-catalogue-record,Formula-driven quotation row.
quote-455,455,stage:fix-out,category:flooring-tiling,subcategory:151-x-150-hwd-posts,151 X 150 HWD POSTS,formula,,false,,,rule,,not-a-catalogue-record,Formula-driven quotation row.
quote-456,456,stage:fix-out,category:flooring-tiling,subcategory:300-x-66-lvl-13,300 X 66 LVL 13,formula,,false,,,rule,,not-a-catalogue-record,Formula-driven quotation row.
quote-457,457,stage:fix-out,category:flooring-tiling,subcategory:300-x-85-21s,300 X 85 21S,formula,,false,,,rule,,not-a-catalogue-record,Formula-driven quotation row.
quote-458,458,stage:fix-out,category:flooring-tiling,subcategory:300-x-90-lvl-13,300 X 90 LVL 13,formula,,false,,,rule,,not-a-catalogue-record,Formula-driven quotation row.
quote-459,459,stage:fix-out,category:flooring-tiling,subcategory:245-x-65-21s,245 X 65 21S,formula,,false,,,rule,,not-a-catalogue-record,Formula-driven quotation row.
quote-460,460,stage:fix-out,category:flooring-tiling,subcategory:275-x-50-f14,275 X 50 F14,formula,,false,,,rule,,not-a-catalogue-record,Formula-driven quotation row.
quote-461,461,stage:fix-out,category:flooring-tiling,subcategory:165-x-85-17s,165 X 85 17S,formula,,false,,,rule,,not-a-catalogue-record,Formula-driven quotation row.
quote-462,462,stage:fix-out,category:flooring-tiling,subcategory:225-x-50-f14,225 X 50 F14,formula,,false,,,rule,,not-a-catalogue-record,Formula-driven quotation row.
quote-463,463,stage:fix-out,category:flooring-tiling,subcategory:100-x-50-f14,100 X 50 F14,formula,,false,,,rule,,not-a-catalogue-record,Formula-driven quotation row.
quote-464,464,stage:fix-out,category:flooring-tiling,subcategory:170-x-45-lvl-13,170 X 45 LVL 13,formula,,false,,,rule,,not-a-catalogue-record,Formula-driven quotation row.
quote-465,465,stage:fix-out,category:flooring-tiling,subcategory:200-x-200-posts,200 X 200 POSTS,formula,,false,,,rule,,not-a-catalogue-record,Formula-driven quotation row.
quote-466,466,stage:fix-out,category:flooring-tiling,subcategory:hardware,HARDWARE,unresolved,,false,,,unresolved,,requires-review,Insufficient deterministic evidence for automatic classification.
quote-467,467,stage:fix-out,category:flooring-tiling,subcategory:150mm-tensioning-ring,150mm TENSIONING RING,unresolved,,false,,,unresolved,,requires-review,Insufficient deterministic evidence for automatic classification.
quote-468,468,stage:fix-out,category:flooring-tiling,subcategory:plant-hire,CRANE HIRE,formula,,false,,,rule,,not-a-catalogue-record,Formula-driven quotation row.
quote-471,471,stage:unassigned,category:termite-protection,subcategory:item,ITEM,unresolved,,false,,,unresolved,,requires-review,Insufficient deterministic evidence for automatic classification.
quote-473,473,stage:unassigned,category:termite-protection,subcategory:termite-quote,TERMITE QUOTE,unresolved,,false,,,unresolved,,requires-review,Insufficient deterministic evidence for automatic classification.
quote-474,474,stage:unassigned,category:termite-protection,subcategory:peremeter-physical-barrier,PEREMETER PHYSICAL BARRIER,unresolved,,false,,,unresolved,,requires-review,Insufficient deterministic evidence for automatic classification.
quote-475,475,stage:base,category:slab,subcategory:slab-penetrations,SLAB PENETRATIONS,unresolved,,false,,,unresolved,,requires-review,Insufficient deterministic evidence for automatic classification.
quote-476,476,stage:unassigned,category:termite-protection,subcategory:stump-protection,STUMP PROTECTION,unresolved,,false,,,unresolved,,requires-review,Insufficient deterministic evidence for automatic classification.
quote-477,477,stage:lock-up,category:termite-protection,subcategory:block-wall-sheeting,BLOCK WALL SHEETING,unresolved,,false,,,unresolved,,requires-review,Insufficient deterministic evidence for automatic classification.
quote-478,478,stage:unassigned,category:termite-protection,subcategory:reticulation-system,RETICULATION SYSTEM,unresolved,,false,,,unresolved,,requires-review,Insufficient deterministic evidence for automatic classification.
quote-479,479,stage:unassigned,category:termite-protection,subcategory:cold-jointing,COLD JOINTING,unresolved,,false,,,unresolved,,requires-review,Insufficient deterministic evidence for automatic classification.
quote-480,480,stage:fix-out,category:flooring-tiling,subcategory:under-floor-chemical-spray,UNDER FLOOR CHEMICAL SPRAY,unresolved,,false,,,unresolved,,requires-review,Insufficient deterministic evidence for automatic classification.
quote-553,553,stage:unassigned,category:structural-steel,subcategory:beams,BEAMS,formula,,false,,,rule,,not-a-catalogue-record,Formula-driven quotation row.
quote-554,554,stage:unassigned,category:structural-steel,subcategory:310-ub-40,310 UB 40,formula,,false,,,rule,,not-a-catalogue-record,Formula-driven quotation row.
quote-555,555,stage:unassigned,category:structural-steel,subcategory:310-ub-32,310 UB 32,formula,,false,,,rule,,not-a-catalogue-record,Formula-driven quotation row.
quote-556,556,stage:unassigned,category:structural-steel,subcategory:250-pfc,250 PFC,formula,,false,,,rule,,not-a-catalogue-record,Formula-driven quotation row.
quote-557,557,stage:unassigned,category:structural-steel,subcategory:fabrication-allowance,FABRICATION ALLOWANCE,allowance,,false,,,rule,allowance:category:structural-steel:subcategory:fabrication-allowance:fabrication-allowance,requires-review,Allowance row; do not import as a physical product.
quote-559,559,stage:unassigned,category:structural-steel,subcategory:75x75x4-shs-duragal-posts,75X75X4 SHS DURAGAL POSTS,formula,,false,,,rule,,not-a-catalogue-record,Formula-driven quotation row.
quote-560,560,stage:unassigned,category:structural-steel,subcategory:90x90x4-shs-duragal-posts,90X90X4 SHS DURAGAL POSTS,formula,,false,,,rule,,not-a-catalogue-record,Formula-driven quotation row.
quote-484,484,stage:frame,category:frame,subcategory:item,ITEM,unresolved,,false,,,unresolved,,requires-review,Insufficient deterministic evidence for automatic classification.
quote-487,487,stage:frame,category:frame,subcategory:quotes,QUOTES,formula,,false,,,rule,,not-a-catalogue-record,Formula-driven quotation row.
quote-489,489,stage:frame,category:frame,subcategory:exterior-wall-frames,EXTERIOR WALL FRAMES,formula,,false,,,rule,,not-a-catalogue-record,Formula-driven quotation row.
quote-490,490,stage:frame,category:frame,subcategory:interior-wall-frames,INTERIOR WALL FRAMES,formula,,false,,,rule,,not-a-catalogue-record,Formula-driven quotation row.
quote-640,640,stage:frame,category:frame,subcategory:trusstec-quote,TRUSSTEC QUOTE,unresolved,,false,,,unresolved,,requires-review,Insufficient deterministic evidence for automatic classification.
quote-642,642,stage:frame,category:frame,subcategory:exterior-wall-frames,EXTERIOR WALL FRAMES,formula,,false,,,rule,,not-a-catalogue-record,Formula-driven quotation row.
quote-643,643,stage:frame,category:frame,subcategory:interior-wall-frames,INTERIOR WALL FRAMES,formula,,false,,,rule,,not-a-catalogue-record,Formula-driven quotation row.
quote-493,493,stage:unassigned,category:framing-timber,subcategory:wall-studs-70-x-35-mpg-12,WALL STUDS 70 X 35 MPG 12,formula,,false,,,rule,,not-a-catalogue-record,Formula-driven quotation row.
quote-494,494,stage:unassigned,category:framing-timber,subcategory:70-x-35-mpg-10,70 X 35 MPG 10,formula,,false,,,rule,,not-a-catalogue-record,Formula-driven quotation row.
quote-495,495,stage:unassigned,category:framing-timber,subcategory:70-x-35-mpg-12,70 X 35 MPG 12,formula,,false,,,rule,,not-a-catalogue-record,Formula-driven quotation row.
quote-496,496,stage:unassigned,category:framing-timber,subcategory:100-x-100-timber-post,100 X 100 TIMBER POST,formula,,false,,,rule,,not-a-catalogue-record,Formula-driven quotation row.
quote-497,497,stage:unassigned,category:framing-timber,subcategory:125-x-125-timber-post,125 X 125 TIMBER POST,formula,,false,,,rule,,not-a-catalogue-record,Formula-driven quotation row.
quote-498,498,stage:unassigned,category:framing-timber,subcategory:150x150-timber-post,150X150 TIMBER POST,formula,,false,,,rule,,not-a-catalogue-record,Formula-driven quotation row.
quote-499,499,stage:base,category:slab,subcategory:post-stirrups-inc-concrete,POST STIRRUPS INC CONCRETE,estimating-item,estimating:post-stirrups-inc-concrete:post-stirrups-inc-concrete,false,,,rule,estimating-item:category:slab:subcategory:post-stirrups-inc-concrete:post-stirrups-inc-concrete,missing-estimating-catalogue-candidate,"Labour, plant, fee, service, or construction resource candidate."
quote-500,500,stage:unassigned,category:framing-timber,subcategory:90-x-35-mgp-12,90 X 35 MGP 12,formula,,false,,,rule,,not-a-catalogue-record,Formula-driven quotation row.
quote-501,501,stage:unassigned,category:framing-timber,subcategory:70-x-35-mgp-12,70 X 35 MGP 12,formula,,false,,,rule,,not-a-catalogue-record,Formula-driven quotation row.
quote-646,646,stage:unassigned,category:framing-timber,subcategory:wall-studs-70-x-35-mpg-12,WALL STUDS 70 X 35 MPG 12,formula,,false,,,rule,,not-a-catalogue-record,Formula-driven quotation row.
quote-647,647,stage:unassigned,category:framing-timber,subcategory:70-x-35-mpg-10,70 X 35 MPG 10,formula,,false,,,rule,,not-a-catalogue-record,Formula-driven quotation row.
quote-648,648,stage:unassigned,category:framing-timber,subcategory:70-x-35-mpg-12,70 X 35 MPG 12,formula,,false,,,rule,,not-a-catalogue-record,Formula-driven quotation row.
quote-649,649,stage:unassigned,category:framing-timber,subcategory:100-x-100-timber-post,100 X 100 TIMBER POST,formula,,false,,,rule,,not-a-catalogue-record,Formula-driven quotation row.
quote-650,650,stage:unassigned,category:framing-timber,subcategory:125-x-125-timber-post,125 X 125 TIMBER POST,formula,,false,,,rule,,not-a-catalogue-record,Formula-driven quotation row.
quote-504,504,stage:frame,category:frame,subcategory:2-4m-external-lb-walls-70mm-no-lintel,2.4m EXTERNAL LB WALLS - 70mm (NO LINTEL),formula,,false,,,rule,,not-a-catalogue-record,Formula-driven quotation row.
quote-505,505,stage:frame,category:frame,subcategory:2-4m-internal-walls-70mm,2.4m INTERNAL WALLS - 70mm,formula,,false,,,rule,,not-a-catalogue-record,Formula-driven quotation row.
quote-507,507,stage:frame,category:frame,subcategory:2-7m-external-lb-walls-70mm-no-lintel,2.7m EXTERNAL LB WALLS - 70mm (NO LINTEL),formula,,false,,,rule,,not-a-catalogue-record,Formula-driven quotation row.
quote-508,508,stage:frame,category:frame,subcategory:2-7m-internal-walls-70mm,2.7m INTERNAL WALLS - 70mm,formula,,false,,,rule,,not-a-catalogue-record,Formula-driven quotation row.
quote-510,510,stage:frame,category:frame,subcategory:2-4m-external-lb-walls-90mm-no-lintel,2.4m EXTERNAL LB WALLS - 90mm (NO LINTEL),formula,,false,,,rule,,not-a-catalogue-record,Formula-driven quotation row.
quote-511,511,stage:frame,category:frame,subcategory:2-4m-internal-walls-90mm,2.4m INTERNAL WALLS - 90mm,formula,,false,,,rule,,not-a-catalogue-record,Formula-driven quotation row.
quote-513,513,stage:frame,category:frame,subcategory:2-7m-external-lb-walls-90mm-no-lintel,2.7m EXTERNAL LB WALLS - 90mm (NO LINTEL),formula,,false,,,rule,,not-a-catalogue-record,Formula-driven quotation row.
quote-514,514,stage:frame,category:frame,subcategory:2-7m-internal-walls-90mm,2.7m INTERNAL WALLS - 90mm,formula,,false,,,rule,,not-a-catalogue-record,Formula-driven quotation row.
quote-653,653,stage:frame,category:frame,subcategory:2-4m-external-lb-walls-70mm-no-lintel,2.4m EXTERNAL LB WALLS - 70mm (NO LINTEL),formula,,false,,,rule,,not-a-catalogue-record,Formula-driven quotation row.
quote-654,654,stage:frame,category:frame,subcategory:2-4m-internal-walls-70mm,2.4m INTERNAL WALLS - 70mm,formula,,false,,,rule,,not-a-catalogue-record,Formula-driven quotation row.
quote-656,656,stage:frame,category:frame,subcategory:2-7m-external-lb-walls-70mm-no-lintel,2.7m EXTERNAL LB WALLS - 70mm (NO LINTEL),formula,,false,,,rule,,not-a-catalogue-record,Formula-driven quotation row.
quote-657,657,stage:frame,category:frame,subcategory:2-7m-internal-walls-70mm,2.7m INTERNAL WALLS - 70mm,formula,,false,,,rule,,not-a-catalogue-record,Formula-driven quotation row.
quote-659,659,stage:frame,category:frame,subcategory:2-4m-external-lb-walls-90mm-no-lintel,2.4m EXTERNAL LB WALLS - 90mm (NO LINTEL),formula,,false,,,rule,,not-a-catalogue-record,Formula-driven quotation row.
quote-660,660,stage:frame,category:frame,subcategory:2-4m-internal-walls-90mm,2.4m INTERNAL WALLS - 90mm,formula,,false,,,rule,,not-a-catalogue-record,Formula-driven quotation row.
quote-662,662,stage:frame,category:frame,subcategory:2-7m-external-lb-walls-90mm-no-lintel,2.7m EXTERNAL LB WALLS - 90mm (NO LINTEL),formula,,false,,,rule,,not-a-catalogue-record,Formula-driven quotation row.
quote-663,663,stage:frame,category:frame,subcategory:2-7m-internal-walls-90mm,2.7m INTERNAL WALLS - 90mm,formula,,false,,,rule,,not-a-catalogue-record,Formula-driven quotation row.
quote-517,517,stage:unassigned,category:lintels-and-beams,subcategory:90-x-35-f17,90 X 35 F17,formula,,false,,,rule,,not-a-catalogue-record,Formula-driven quotation row.
quote-518,518,stage:unassigned,category:lintels-and-beams,subcategory:120-x-35-f17,120 X 35 F17,formula,,false,,,rule,,not-a-catalogue-record,Formula-driven quotation row.
quote-519,519,stage:unassigned,category:lintels-and-beams,subcategory:120-x-35-f17,120 X 35 F17,formula,,false,,,rule,,not-a-catalogue-record,Formula-driven quotation row.
quote-520,520,stage:unassigned,category:lintels-and-beams,subcategory:140-x-35-f17,140 X 35 F17,formula,,false,,,rule,,not-a-catalogue-record,Formula-driven quotation row.
quote-521,521,stage:unassigned,category:lintels-and-beams,subcategory:140-x-35-f17,140 X 35 F17,formula,,false,,,rule,,not-a-catalogue-record,Formula-driven quotation row.
quote-522,522,stage:unassigned,category:lintels-and-beams,subcategory:140-x-35-f17,140 X 35 F17,formula,,false,,,rule,,not-a-catalogue-record,Formula-driven quotation row.
quote-523,523,stage:unassigned,category:lintels-and-beams,subcategory:140-x-35-f17,140 X 35 F17,formula,,false,,,rule,,not-a-catalogue-record,Formula-driven quotation row.
quote-524,524,stage:unassigned,category:lintels-and-beams,subcategory:140-x-35-f17,140 X 35 F17,formula,,false,,,rule,,not-a-catalogue-record,Formula-driven quotation row.
quote-525,525,stage:unassigned,category:lintels-and-beams,subcategory:170-x-35-f17,170 X 35 F17,formula,,false,,,rule,,not-a-catalogue-record,Formula-driven quotation row.
quote-526,526,stage:unassigned,category:lintels-and-beams,subcategory:170-x-35-f17,170 X 35 F17,formula,,false,,,rule,,not-a-catalogue-record,Formula-driven quotation row.
quote-527,527,stage:unassigned,category:lintels-and-beams,subcategory:190-x-35-f17,190 X 35 F17,formula,,false,,,rule,,not-a-catalogue-record,Formula-driven quotation row.
quote-528,528,stage:unassigned,category:lintels-and-beams,subcategory:191-x-35-f17,191 X 35 F17,formula,,false,,,rule,,not-a-catalogue-record,Formula-driven quotation row.
quote-529,529,stage:unassigned,category:lintels-and-beams,subcategory:190-x-45-f17,190 X 45 F17,formula,,false,,,rule,,not-a-catalogue-record,Formula-driven quotation row.
quote-530,530,stage:unassigned,category:lintels-and-beams,subcategory:220-x-35-f17,220 X 35 F17,formula,,false,,,rule,,not-a-catalogue-record,Formula-driven quotation row.
quote-531,531,stage:unassigned,category:lintels-and-beams,subcategory:220-x-45-f17,220 X 45 F17,formula,,false,,,rule,,not-a-catalogue-record,Formula-driven quotation row.
quote-532,532,stage:unassigned,category:lintels-and-beams,subcategory:240-x-35-f17,240 X 35 F17,formula,,false,,,rule,,not-a-catalogue-record,Formula-driven quotation row.
quote-533,533,stage:unassigned,category:lintels-and-beams,subcategory:240-x-45-f17,240 X 45 F17,formula,,false,,,rule,,not-a-catalogue-record,Formula-driven quotation row.
quote-534,534,stage:unassigned,category:lintels-and-beams,subcategory:230-x-85-17c,230 X 85 17C,formula,,false,,,rule,,not-a-catalogue-record,Formula-driven quotation row.
quote-535,535,stage:unassigned,category:lintels-and-beams,subcategory:240-x-45-f17,240 X 45 F17,formula,,false,,,rule,,not-a-catalogue-record,Formula-driven quotation row.
quote-536,536,stage:unassigned,category:lintels-and-beams,subcategory:240-x-35-f17,240 X 35 F17,formula,,false,,,rule,,not-a-catalogue-record,Formula-driven quotation row.
quote-537,537,stage:unassigned,category:lintels-and-beams,subcategory:240-x-45-f17,240 X 45 F17,formula,,false,,,rule,,not-a-catalogue-record,Formula-driven quotation row.
quote-538,538,stage:unassigned,category:lintels-and-beams,subcategory:155-x-85-21c-lamibeam,155 X 85 21C LAMIBEAM,formula,,false,,,rule,,not-a-catalogue-record,Formula-driven quotation row.
quote-539,539,stage:unassigned,category:lintels-and-beams,subcategory:215-x-65-18c,215 X 65 18C,formula,,false,,,rule,,not-a-catalogue-record,Formula-driven quotation row.
quote-540,540,stage:unassigned,category:lintels-and-beams,subcategory:195-x-65-17c,195 X 65 17C,formula,,false,,,rule,,not-a-catalogue-record,Formula-driven quotation row.
quote-541,541,stage:unassigned,category:lintels-and-beams,subcategory:300-x-45-lvl,300 X 45 LVL,formula,,false,,,rule,,not-a-catalogue-record,Formula-driven quotation row.
quote-542,542,stage:unassigned,category:lintels-and-beams,subcategory:230-x-65-17c,230 x 65 17C,formula,,false,,,rule,,not-a-catalogue-record,Formula-driven quotation row.
quote-543,543,stage:unassigned,category:lintels-and-beams,subcategory:245-x-65-18c-tasbeam,245 X 65 18C TASBEAM,formula,,false,,,rule,,not-a-catalogue-record,Formula-driven quotation row.
quote-544,544,stage:unassigned,category:lintels-and-beams,subcategory:330-x-85-17c,330 X 85 17C,formula,,false,,,rule,,not-a-catalogue-record,Formula-driven quotation row.
quote-545,545,stage:unassigned,category:lintels-and-beams,subcategory:300-x-63-h2-losp,300 X 63 H2 LOSP,formula,,false,,,rule,,not-a-catalogue-record,Formula-driven quotation row.
quote-546,546,stage:unassigned,category:lintels-and-beams,subcategory:300-x-45-edgebeam,300 X 45 EDGEBEAM,formula,,false,,,rule,,not-a-catalogue-record,Formula-driven quotation row.
quote-547,547,stage:unassigned,category:lintels-and-beams,subcategory:360-x-45-edgebeam,360 X 45 EDGEBEAM,formula,,false,,,rule,,not-a-catalogue-record,Formula-driven quotation row.
quote-548,548,stage:unassigned,category:lintels-and-beams,subcategory:360-x-135-17c-lamibeam,360 X 135 17C LAMIBEAM,formula,,false,,,rule,,not-a-catalogue-record,Formula-driven quotation row.
quote-549,549,stage:unassigned,category:lintels-and-beams,subcategory:330-x-65-17c,330 X 65 17C,formula,,false,,,rule,,not-a-catalogue-record,Formula-driven quotation row.
quote-550,550,stage:frame,category:windows-doors,subcategory:garage-web-truss-4-8m-span,GARAGE WEB TRUSS 4.8M SPAN,unresolved,,false,,,unresolved,,requires-review,Insufficient deterministic evidence for automatic classification.
quote-666,666,stage:unassigned,category:lintels-and-beams,subcategory:90-x-35-f17,90 X 35 F17,formula,,false,,,rule,,not-a-catalogue-record,Formula-driven quotation row.
quote-667,667,stage:unassigned,category:lintels-and-beams,subcategory:120-x-35-f17,120 X 35 F17,formula,,false,,,rule,,not-a-catalogue-record,Formula-driven quotation row.
quote-668,668,stage:unassigned,category:lintels-and-beams,subcategory:120-x-35-f17,120 X 35 F17,formula,,false,,,rule,,not-a-catalogue-record,Formula-driven quotation row.
quote-669,669,stage:unassigned,category:lintels-and-beams,subcategory:140-x-35-f17,140 X 35 F17,formula,,false,,,rule,,not-a-catalogue-record,Formula-driven quotation row.
quote-670,670,stage:unassigned,category:lintels-and-beams,subcategory:140-x-45-f17,140 X 45 F17,formula,,false,,,rule,,not-a-catalogue-record,Formula-driven quotation row.
quote-671,671,stage:unassigned,category:lintels-and-beams,subcategory:170-x-35-f17,170 X 35 F17,formula,,false,,,rule,,not-a-catalogue-record,Formula-driven quotation row.
quote-672,672,stage:unassigned,category:lintels-and-beams,subcategory:170-x-45-f17,170 X 45 F17,formula,,false,,,rule,,not-a-catalogue-record,Formula-driven quotation row.
quote-673,673,stage:unassigned,category:lintels-and-beams,subcategory:190-x-35-f17,190 X 35 F17,formula,,false,,,rule,,not-a-catalogue-record,Formula-driven quotation row.
quote-674,674,stage:unassigned,category:lintels-and-beams,subcategory:190-x-35-f17,190 X 35 F17,formula,,false,,,rule,,not-a-catalogue-record,Formula-driven quotation row.
quote-675,675,stage:unassigned,category:lintels-and-beams,subcategory:190-x-45-f17,190 X 45 F17,formula,,false,,,rule,,not-a-catalogue-record,Formula-driven quotation row.
quote-676,676,stage:unassigned,category:lintels-and-beams,subcategory:220-x-35-f17,220 X 35 F17,formula,,false,,,rule,,not-a-catalogue-record,Formula-driven quotation row.
quote-677,677,stage:unassigned,category:lintels-and-beams,subcategory:220-x-45-f17,220 X 45 F17,formula,,false,,,rule,,not-a-catalogue-record,Formula-driven quotation row.
quote-678,678,stage:unassigned,category:lintels-and-beams,subcategory:240-x-35-f17,240 X 35 F17,formula,,false,,,rule,,not-a-catalogue-record,Formula-driven quotation row.
quote-679,679,stage:unassigned,category:lintels-and-beams,subcategory:240-x-35-f17,240 X 35 F17,formula,,false,,,rule,,not-a-catalogue-record,Formula-driven quotation row.
quote-680,680,stage:unassigned,category:lintels-and-beams,subcategory:240-x-35-f17,240 X 35 F17,formula,,false,,,rule,,not-a-catalogue-record,Formula-driven quotation row.
quote-681,681,stage:unassigned,category:lintels-and-beams,subcategory:240-x-35-f17,240 X 35 F17,formula,,false,,,rule,,not-a-catalogue-record,Formula-driven quotation row.
quote-682,682,stage:unassigned,category:lintels-and-beams,subcategory:240-x-45-f17,240 X 45 F17,formula,,false,,,rule,,not-a-catalogue-record,Formula-driven quotation row.
quote-683,683,stage:unassigned,category:lintels-and-beams,subcategory:155-x-85-21c-lamibeam,155 X 85 21C LAMIBEAM,formula,,false,,,rule,,not-a-catalogue-record,Formula-driven quotation row.
quote-684,684,stage:unassigned,category:lintels-and-beams,subcategory:215-x-65-18c,215 X 65 18C,formula,,false,,,rule,,not-a-catalogue-record,Formula-driven quotation row.
quote-685,685,stage:unassigned,category:lintels-and-beams,subcategory:200-x-63-lvl,200 X 63 LVL,formula,,false,,,rule,,not-a-catalogue-record,Formula-driven quotation row.
quote-686,686,stage:unassigned,category:lintels-and-beams,subcategory:230-x-65-17c,230 x 65 17C,formula,,false,,,rule,,not-a-catalogue-record,Formula-driven quotation row.
quote-687,687,stage:unassigned,category:lintels-and-beams,subcategory:245-x-65-18c-tasbeam,245 X 65 18C TASBEAM,formula,,false,,,rule,,not-a-catalogue-record,Formula-driven quotation row.
quote-688,688,stage:unassigned,category:lintels-and-beams,subcategory:300-x-45-edgebeam,300 X 45 EDGEBEAM,formula,,false,,,rule,,not-a-catalogue-record,Formula-driven quotation row.
quote-689,689,stage:unassigned,category:lintels-and-beams,subcategory:360-x-45-edgebeam,360 X 45 EDGEBEAM,formula,,false,,,rule,,not-a-catalogue-record,Formula-driven quotation row.
quote-690,690,stage:unassigned,category:lintels-and-beams,subcategory:360-x-135-17c-lamibeam,360 X 135 17C LAMIBEAM,formula,,false,,,rule,,not-a-catalogue-record,Formula-driven quotation row.
quote-691,691,stage:unassigned,category:lintels-and-beams,subcategory:330-x-65-17c,330 X 65 17C,formula,,false,,,rule,,not-a-catalogue-record,Formula-driven quotation row.
quote-692,692,stage:frame,category:windows-doors,subcategory:garage-web-truss-4-8m-span,GARAGE WEB TRUSS 4.8M SPAN,unresolved,,false,,,unresolved,,requires-review,Insufficient deterministic evidence for automatic classification.
quote-563,563,stage:unassigned,category:misc-timber,subcategory:200-x-200-dressed-posts,200 X 200 DRESSED POSTS,formula,,false,,,rule,,not-a-catalogue-record,Formula-driven quotation row.
quote-564,564,stage:unassigned,category:misc-timber,subcategory:post-supports,POST SUPPORTS,unresolved,,false,,,unresolved,,requires-review,Insufficient deterministic evidence for automatic classification.
quote-565,565,stage:unassigned,category:misc-timber,subcategory:150-x-25-r-s-pine,150 X 25 R/S PINE,formula,,false,,,rule,,not-a-catalogue-record,Formula-driven quotation row.
quote-695,695,stage:unassigned,category:misc-timber,subcategory:75-x-38-rhw,75 X 38 RHW,formula,,false,,,rule,,not-a-catalogue-record,Formula-driven quotation row.
quote-696,696,stage:unassigned,category:misc-timber,subcategory:75-x-38-cca-hwd-rail,75 X 38 CCA HWD RAIL,formula,,false,,,rule,,not-a-catalogue-record,Formula-driven quotation row.
quote-697,697,stage:unassigned,category:misc-timber,subcategory:150-x-25-r-s-pine,150 X 25 R/S PINE,formula,,false,,,rule,,not-a-catalogue-record,Formula-driven quotation row.
quote-571,571,stage:unassigned,category:ply-bracing-sheets,subcategory:2440-x-900,2440 X 900,formula,,false,,,rule,,not-a-catalogue-record,Formula-driven quotation row.
quote-572,572,stage:unassigned,category:ply-bracing-sheets,subcategory:2440-x-1200,2440 X 1200,formula,,false,,,rule,,not-a-catalogue-record,Formula-driven quotation row.
quote-573,573,stage:unassigned,category:ply-bracing-sheets,subcategory:2745-x-900,2745 X 900,formula,,false,,,rule,,not-a-catalogue-record,Formula-driven quotation row.
quote-574,574,stage:unassigned,category:ply-bracing-sheets,subcategory:2745-x-1200,2745 X 1200,formula,,false,,,rule,,not-a-catalogue-record,Formula-driven quotation row.
quote-713,713,stage:unassigned,category:ply-bracing-sheets,subcategory:2440-x-900,2440 X 900,formula,,false,,,rule,,not-a-catalogue-record,Formula-driven quotation row.
quote-714,714,stage:unassigned,category:ply-bracing-sheets,subcategory:2440-x-1200,2440 X 1200,formula,,false,,,rule,,not-a-catalogue-record,Formula-driven quotation row.
quote-715,715,stage:unassigned,category:ply-bracing-sheets,subcategory:2745-x-900,2745 X 900,formula,,false,,,rule,,not-a-catalogue-record,Formula-driven quotation row.
quote-716,716,stage:unassigned,category:ply-bracing-sheets,subcategory:2745-x-1200,2745 X 1200,formula,,false,,,rule,,not-a-catalogue-record,Formula-driven quotation row.
quote-577,577,stage:unassigned,category:tie-down,subcategory:cyclone-rods-2-7m,CYCLONE RODS 2.7m,unresolved,,false,,,unresolved,,requires-review,Insufficient deterministic evidence for automatic classification.
quote-578,578,stage:unassigned,category:tie-down,subcategory:add-extra-for-3-0m-cyclone-rods,ADD EXTRA FOR 3.0m CYCLONE RODS,formula,,false,,,rule,,not-a-catalogue-record,Formula-driven quotation row.
quote-579,579,stage:unassigned,category:tie-down,subcategory:connector-nuts,CONNECTOR NUTS,unresolved,,false,,,unresolved,,requires-review,Insufficient deterministic evidence for automatic classification.
quote-580,580,stage:unassigned,category:tie-down,subcategory:tie-down-plates,TIE DOWN PLATES,unresolved,,false,,,unresolved,,requires-review,Insufficient deterministic evidence for automatic classification.
quote-581,581,stage:unassigned,category:tie-down,subcategory:12mm-cyclone-starter-bolts,12mm CYCLONE STARTER BOLTS,unresolved,,false,,,unresolved,,requires-review,Insufficient deterministic evidence for automatic classification.
quote-582,582,stage:unassigned,category:tie-down,subcategory:sq-washers,SQ WASHERS,formula,,false,,,rule,,not-a-catalogue-record,Formula-driven quotation row.
quote-583,583,stage:unassigned,category:tie-down,subcategory:nuts,NUTS,formula,,false,,,rule,,not-a-catalogue-record,Formula-driven quotation row.
quote-584,584,stage:unassigned,category:tie-down,subcategory:12mm-x-100mm-dynabolts,12mm X 100mm DYNABOLTS,unresolved,,false,,,unresolved,,requires-review,Insufficient deterministic evidence for automatic classification.
quote-585,585,stage:unassigned,category:tie-down,subcategory:chemset,CHEMSET,formula,,false,,,rule,,not-a-catalogue-record,Formula-driven quotation row.
quote-703,703,stage:unassigned,category:tie-down,subcategory:cyclone-rods-3-0m,CYCLONE RODS 3.0m,unresolved,,false,,,unresolved,,requires-review,Insufficient deterministic evidence for automatic classification.
quote-704,704,stage:unassigned,category:tie-down,subcategory:add-extra-for-3-6m-cyclone-rods,ADD EXTRA FOR 3.6m CYCLONE RODS,formula,,false,,,rule,,not-a-catalogue-record,Formula-driven quotation row.
quote-705,705,stage:unassigned,category:tie-down,subcategory:connector-nuts,CONNECTOR NUTS,formula,,false,,,rule,,not-a-catalogue-record,Formula-driven quotation row.
quote-706,706,stage:unassigned,category:tie-down,subcategory:12mm-cyclone-starter-bolts,12mm CYCLONE STARTER BOLTS,unresolved,,false,,,unresolved,,requires-review,Insufficient deterministic evidence for automatic classification.
quote-707,707,stage:unassigned,category:tie-down,subcategory:sq-washers,SQ WASHERS,formula,,false,,,rule,,not-a-catalogue-record,Formula-driven quotation row.
quote-708,708,stage:unassigned,category:tie-down,subcategory:nuts,NUTS,formula,,false,,,rule,,not-a-catalogue-record,Formula-driven quotation row.
quote-709,709,stage:unassigned,category:tie-down,subcategory:12mm-x-100mm-dynabolts,12mm X 100mm DYNABOLTS,unresolved,,false,,,unresolved,,requires-review,Insufficient deterministic evidence for automatic classification.
quote-710,710,stage:unassigned,category:tie-down,subcategory:chemset,CHEMSET,unresolved,,false,,,unresolved,,requires-review,Insufficient deterministic evidence for automatic classification.
quote-593,593,stage:fix-out,category:flooring-tiling,subcategory:item,ITEM,unresolved,,false,,,unresolved,,requires-review,Insufficient deterministic evidence for automatic classification.
quote-595,595,stage:fix-out,category:flooring-tiling,subcategory:quote,QUOTE,formula,,false,,,rule,,not-a-catalogue-record,Formula-driven quotation row.
quote-596,596,stage:fix-out,category:flooring-tiling,subcategory:allowance-for-steel-beams-and-posts,ALLOWANCE FOR STEEL BEAMS AND POSTS,allowance,,false,,,rule,allowance:category:flooring-tiling:subcategory:allowance-for-steel-beams-and-posts:allowance-for-steel-beams-and-posts,requires-review,Allowance row; do not import as a physical product.
quote-597,597,stage:fix-out,category:flooring-tiling,subcategory:shs-stumps,SHS STUMPS,unresolved,,false,,,unresolved,,requires-review,Insufficient deterministic evidence for automatic classification.
quote-598,598,stage:fix-out,category:flooring-tiling,subcategory:ant-caps,ANT CAPS,unresolved,,false,,,unresolved,,requires-review,Insufficient deterministic evidence for automatic classification.
quote-599,599,stage:fix-out,category:flooring-tiling,subcategory:bearer-tie-down-bolts,BEARER TIE DOWN BOLTS,unresolved,,false,,,unresolved,,requires-review,Insufficient deterministic evidence for automatic classification.
quote-600,600,stage:fix-out,category:flooring-tiling,subcategory:bearers-125-x-75-f14-rhw,BEARERS 125 X 75 F14 RHW,formula,,false,,,rule,,not-a-catalogue-record,Formula-driven quotation row.
quote-601,601,stage:fix-out,category:flooring-tiling,subcategory:250-x-50-treated-pine-bearer,250 X 50 TREATED PINE BEARER,formula,,false,,,rule,,not-a-catalogue-record,Formula-driven quotation row.
quote-602,602,stage:fix-out,category:flooring-tiling,subcategory:200-x-50-treated-pine-patio-rafters,200 X 50 TREATED PINE PATIO RAFTERS,formula,,false,,,rule,,not-a-catalogue-record,Formula-driven quotation row.
quote-603,603,stage:fix-out,category:flooring-tiling,subcategory:dwarf-walls,DWARF WALLS,formula,,false,,,rule,,not-a-catalogue-record,Formula-driven quotation row.
quote-604,604,stage:fix-out,category:flooring-tiling,subcategory:joists-125-x-38-f14,JOISTS 125 X 38 F14,formula,,false,,,rule,,not-a-catalogue-record,Formula-driven quotation row.
quote-605,605,stage:fix-out,category:flooring-tiling,subcategory:300-ub-bearer,300 UB BEARER,unresolved,,false,,,unresolved,,requires-review,Insufficient deterministic evidence for automatic classification.
quote-606,606,stage:fix-out,category:flooring-tiling,subcategory:300-ub-bearer,300 UB BEARER,unresolved,,false,,,unresolved,,requires-review,Insufficient deterministic evidence for automatic classification.
quote-607,607,stage:fix-out,category:flooring-tiling,subcategory:300-ub-bearer,300 UB BEARER,unresolved,,false,,,unresolved,,requires-review,Insufficient deterministic evidence for automatic classification.
quote-608,608,stage:fix-out,category:flooring-tiling,subcategory:300-x-45-edgebeam,300 X 45 EDGEBEAM,formula,,false,,,rule,,not-a-catalogue-record,Formula-driven quotation row.
quote-609,609,stage:fix-out,category:flooring-tiling,subcategory:300-x-45-edgebeam,300 X 45 EDGEBEAM,formula,,false,,,rule,,not-a-catalogue-record,Formula-driven quotation row.
quote-610,610,stage:fix-out,category:flooring-tiling,subcategory:360-x-45-edgebeam,360 X 45 EDGEBEAM,formula,,false,,,rule,,not-a-catalogue-record,Formula-driven quotation row.
quote-611,611,stage:fix-out,category:flooring-tiling,subcategory:30070-i-beam,30070 I BEAM,formula,,false,,,rule,,not-a-catalogue-record,Formula-driven quotation row.
quote-612,612,stage:fix-out,category:flooring-tiling,subcategory:30070-i-beam,30070 I BEAM,formula,,false,,,rule,,not-a-catalogue-record,Formula-driven quotation row.
quote-613,613,stage:fix-out,category:flooring-tiling,subcategory:30070-i-beam,30070 I BEAM,formula,,false,,,rule,,not-a-catalogue-record,Formula-driven quotation row.
quote-614,614,stage:fix-out,category:flooring-tiling,subcategory:30070-i-beam,30070 I BEAM,formula,,false,,,rule,,not-a-catalogue-record,Formula-driven quotation row.
quote-615,615,stage:fix-out,category:flooring-tiling,subcategory:30070-i-beam,30070 I BEAM,formula,,false,,,rule,,not-a-catalogue-record,Formula-driven quotation row.
quote-616,616,stage:fix-out,category:flooring-tiling,subcategory:30070-i-beam,30070 I BEAM,formula,,false,,,rule,,not-a-catalogue-record,Formula-driven quotation row.
quote-617,617,stage:fix-out,category:flooring-tiling,subcategory:30090-i-beam,30090 I BEAM,formula,,false,,,rule,,not-a-catalogue-record,Formula-driven quotation row.
quote-618,618,stage:fix-out,category:flooring-tiling,subcategory:36070-hyne-i-beams,36070 HYNE I BEAMS,formula,,false,,,rule,,not-a-catalogue-record,Formula-driven quotation row.
quote-619,619,stage:fix-out,category:flooring-tiling,subcategory:36090-hyne-i-beams,36090 HYNE I BEAMS,formula,,false,,,rule,,not-a-catalogue-record,Formula-driven quotation row.
quote-620,620,stage:fix-out,category:flooring-tiling,subcategory:175-x-38-f14,175 X 38 F14,formula,,false,,,rule,,not-a-catalogue-record,Formula-driven quotation row.
quote-621,621,stage:fix-out,category:flooring-tiling,subcategory:200-x-75-f14,200 X 75 F14,formula,,false,,,rule,,not-a-catalogue-record,Formula-driven quotation row.
quote-624,624,stage:fix-out,category:flooring-tiling,subcategory:85mm-tandg-hdw-strip-flooring,85mm T&G HDW STRIP FLOORING,formula,,false,,,rule,,not-a-catalogue-record,Formula-driven quotation row.
quote-625,625,stage:fix-out,category:flooring-tiling,subcategory:85mm-grooved-timber-decking,85mm GROOVED TIMBER DECKING,formula,,false,,,rule,,not-a-catalogue-record,Formula-driven quotation row.
quote-626,626,stage:fix-out,category:flooring-tiling,subcategory:19mm-yellow-tongue-sheet-flooring,19mm YELLOW TONGUE SHEET FLOORING,unresolved,,false,,,unresolved,,requires-review,Insufficient deterministic evidence for automatic classification.
quote-627,627,stage:fix-out,category:flooring-tiling,subcategory:upgrade-to-secura-flooring-in-wet-ares,UPGRADE TO SECURA FLOORING IN WET ARES,unresolved,,false,,,unresolved,,requires-review,Insufficient deterministic evidence for automatic classification.
quote-628,628,stage:fix-out,category:flooring-tiling,subcategory:adhesive,ADHESIVE,unresolved,,false,,,unresolved,,requires-review,Insufficient deterministic evidence for automatic classification.
quote-629,629,stage:fix-out,category:flooring-tiling,subcategory:secura-flooring-to-alfresco-and-balcony,SECURA FLOORING TO ALFRESCO AND BALCONY,unresolved,,false,,,unresolved,,requires-review,Insufficient deterministic evidence for automatic classification.
quote-630,630,stage:fix-out,category:flooring-tiling,subcategory:15mm-compressed-sheet-1-8-x-9,15mm COMPRESSED SHEET 1.8 X .9,formula,,false,,,rule,,not-a-catalogue-record,Formula-driven quotation row.
quote-631,631,stage:fix-out,category:flooring-tiling,subcategory:i-beam-joist-hangers,I BEAM JOIST HANGERS,unresolved,,false,,,unresolved,,requires-review,Insufficient deterministic evidence for automatic classification.
quote-633,633,stage:fix-out,category:flooring-tiling,subcategory:plant-hire,CRANE HIRE,formula,,false,,,rule,,not-a-catalogue-record,Formula-driven quotation row.
quote-857,857,stage:fix-out,category:flooring-tiling,subcategory:85mm-tandg-hdw-strip-flooring,85mm T&G HDW STRIP FLOORING,formula,,false,,,rule,,not-a-catalogue-record,Formula-driven quotation row.
quote-858,858,stage:fix-out,category:flooring-tiling,subcategory:85mm-grooved-timber-decking,85mm GROOVED TIMBER DECKING,formula,,false,,,rule,,not-a-catalogue-record,Formula-driven quotation row.
quote-859,859,stage:fix-out,category:flooring-tiling,subcategory:19mm-yellow-tongue-sheet-flooring,19mm YELLOW TONGUE SHEET FLOORING,formula,,false,,,rule,,not-a-catalogue-record,Formula-driven quotation row.
quote-860,860,stage:fix-out,category:flooring-tiling,subcategory:15mm-compressed-sheet,15mm COMPRESSED SHEET,formula,,false,,,rule,,not-a-catalogue-record,Formula-driven quotation row.
quote-724,724,stage:lock-up,category:roofing,subcategory:item,ITEM,estimating-item,estimating:item:item,false,,,rule,estimating-item:category:roofing:subcategory:item:item,missing-estimating-catalogue-candidate,"Labour, plant, fee, service, or construction resource candidate."
quote-726,726,stage:frame,category:roofing,subcategory:roof-trusses,ROOF TRUSSES,estimating-item,estimating:roof-trusses:roof-trusses,false,,,rule,estimating-item:category:roofing:subcategory:roof-trusses:roof-trusses,missing-estimating-catalogue-candidate,"Labour, plant, fee, service, or construction resource candidate."
quote-727,727,stage:frame,category:roofing,subcategory:roof-trusses,ROOF TRUSSES,estimating-item,estimating:roof-trusses:roof-trusses,false,,,rule,estimating-item:category:roofing:subcategory:roof-trusses:roof-trusses,missing-estimating-catalogue-candidate,"Labour, plant, fee, service, or construction resource candidate."
quote-728,728,stage:lock-up,category:roofing,subcategory:roof-battens,ROOF BATTENS,estimating-item,estimating:roof-battens:roof-battens,false,,,rule,estimating-item:category:roofing:subcategory:roof-battens:roof-battens,missing-estimating-catalogue-candidate,"Labour, plant, fee, service, or construction resource candidate."
quote-729,729,stage:lock-up,category:roofing,subcategory:valley-boards,VALLEY BOARDS,estimating-item,estimating:valley-boards:valley-boards,false,,,rule,estimating-item:category:roofing:subcategory:valley-boards:valley-boards,missing-estimating-catalogue-candidate,"Labour, plant, fee, service, or construction resource candidate."
quote-730,730,stage:lock-up,category:roofing,subcategory:hoop-iron,HOOP IRON,estimating-item,estimating:hoop-iron:hoop-iron,false,,,rule,estimating-item:category:roofing:subcategory:hoop-iron:hoop-iron,missing-estimating-catalogue-candidate,"Labour, plant, fee, service, or construction resource candidate."
quote-731,731,stage:lock-up,category:roofing,subcategory:speedbrace,SPEEDBRACE,estimating-item,estimating:speedbrace:speedbrace,false,,,rule,estimating-item:category:roofing:subcategory:speedbrace:speedbrace,missing-estimating-catalogue-candidate,"Labour, plant, fee, service, or construction resource candidate."
quote-732,732,stage:lock-up,category:roofing,subcategory:tiedown-brackets,TIEDOWN BRACKETS,estimating-item,estimating:tiedown-brackets:tiedown-brackets,false,,,rule,estimating-item:category:roofing:subcategory:tiedown-brackets:tiedown-brackets,missing-estimating-catalogue-candidate,"Labour, plant, fee, service, or construction resource candidate."
quote-733,733,stage:lock-up,category:roofing,subcategory:concealed-guttering-supports,CONCEALED GUTTERING SUPPORTS,estimating-item,estimating:concealed-guttering-supports:concealed-guttering-supports,false,,,rule,estimating-item:category:roofing:subcategory:concealed-guttering-supports:concealed-guttering-supports,missing-estimating-catalogue-candidate,"Labour, plant, fee, service, or construction resource candidate."
quote-734,734,stage:lock-up,category:roofing,subcategory:50-x-38-gos-pine,50 X 38 GOS PINE,estimating-item,estimating:50-x-38-gos-pine:50-x-38-gos-pine,false,,,rule,estimating-item:category:roofing:subcategory:50-x-38-gos-pine:50-x-38-gos-pine,missing-estimating-catalogue-candidate,"Labour, plant, fee, service, or construction resource candidate."
quote-735,735,stage:lock-up,category:roofing,subcategory:125-x-38-f8-ceiling-joists,125 X 38 F8 CEILING JOISTS,estimating-item,estimating:125-x-38-f8-ceiling-joists:125-x-38-f8-ceiling-joists,false,,,rule,estimating-item:category:roofing:subcategory:125-x-38-f8-ceiling-joists:125-x-38-f8-ceiling-joists,missing-estimating-catalogue-candidate,"Labour, plant, fee, service, or construction resource candidate."
quote-736,736,stage:lock-up,category:roofing,subcategory:240-x-45-lvl-rafters,240 X 45 LVL RAFTERS,estimating-item,estimating:240-x-45-lvl-rafters:240-x-45-lvl-rafters,false,,,rule,estimating-item:category:roofing:subcategory:240-x-45-lvl-rafters:240-x-45-lvl-rafters,missing-estimating-catalogue-candidate,"Labour, plant, fee, service, or construction resource candidate."
quote-737,737,stage:lock-up,category:roofing,subcategory:200-x-38-f14-hanging-beam,200 X 38 F14 HANGING BEAM,estimating-item,estimating:200-x-38-f14-hanging-beam:200-x-38-f14-hanging-beam,false,,,rule,estimating-item:category:roofing:subcategory:200-x-38-f14-hanging-beam:200-x-38-f14-hanging-beam,missing-estimating-catalogue-candidate,"Labour, plant, fee, service, or construction resource candidate."
quote-738,738,stage:lock-up,category:roofing,subcategory:170-x-35-f17-roof-ratfers,170 X 35 F17 ROOF RATFERS,estimating-item,estimating:170-x-35-f17-roof-ratfers:170-x-35-f17-roof-ratfers,false,,,rule,estimating-item:category:roofing:subcategory:170-x-35-f17-roof-ratfers:170-x-35-f17-roof-ratfers,missing-estimating-catalogue-candidate,"Labour, plant, fee, service, or construction resource candidate."
quote-739,739,stage:lock-up,category:roofing,subcategory:240-x-35-f17-lintels-beams,240 X 35 F17 LINTELS BEAMS,estimating-item,estimating:240-x-35-f17-lintels-beams:240-x-35-f17-lintels-beams,false,,,rule,estimating-item:category:roofing:subcategory:240-x-35-f17-lintels-beams:240-x-35-f17-lintels-beams,missing-estimating-catalogue-candidate,"Labour, plant, fee, service, or construction resource candidate."
quote-740,740,stage:lock-up,category:roofing,subcategory:175-x-38-f14-rafters,175 X 38 F14 RAFTERS,estimating-item,estimating:175-x-38-f14-rafters:175-x-38-f14-rafters,false,,,rule,estimating-item:category:roofing:subcategory:175-x-38-f14-rafters:175-x-38-f14-rafters,missing-estimating-catalogue-candidate,"Labour, plant, fee, service, or construction resource candidate."
quote-741,741,stage:lock-up,category:roofing,subcategory:120-x-45-f17-kd,120 X 45 F17 KD,estimating-item,estimating:120-x-45-f17-kd:120-x-45-f17-kd,false,,,rule,estimating-item:category:roofing:subcategory:120-x-45-f17-kd:120-x-45-f17-kd,missing-estimating-catalogue-candidate,"Labour, plant, fee, service, or construction resource candidate."
quote-742,742,stage:lock-up,category:roofing,subcategory:150-x-25-valley-boards,150 X 25 VALLEY BOARDS,estimating-item,estimating:150-x-25-valley-boards:150-x-25-valley-boards,false,,,rule,estimating-item:category:roofing:subcategory:150-x-25-valley-boards:150-x-25-valley-boards,missing-estimating-catalogue-candidate,"Labour, plant, fee, service, or construction resource candidate."
quote-743,743,stage:lock-up,category:roofing,subcategory:roofing-battens-75-x-38,ROOFING BATTENS 75 X 38,estimating-item,estimating:roofing-battens-75-x-38:roofing-battens-75-x-38,false,,,rule,estimating-item:category:roofing:subcategory:roofing-battens-75-x-38:roofing-battens-75-x-38,missing-estimating-catalogue-candidate,"Labour, plant, fee, service, or construction resource candidate."
quote-744,744,stage:lock-up,category:roofing,subcategory:plant-hire,CRANE HIRE,estimating-item,estimating:plant-hire:crane-hire,false,,,rule,estimating-item:category:roofing:subcategory:plant-hire:crane-hire,missing-estimating-catalogue-candidate,"Labour, plant, fee, service, or construction resource candidate."
quote-588,588,stage:unassigned,category:ceiling-battens,subcategory:metal-6m,METAL 6M,unresolved,,false,,,unresolved,,requires-review,Insufficient deterministic evidence for automatic classification.
quote-589,589,stage:unassigned,category:ceiling-battens,subcategory:50-x-38-g-o-s-pine,50 X 38 G.O.S. PINE,unresolved,,false,,,unresolved,,requires-review,Insufficient deterministic evidence for automatic classification.
quote-719,719,stage:unassigned,category:ceiling-battens,subcategory:metal-6m,METAL 6M,unresolved,,false,,,unresolved,,requires-review,Insufficient deterministic evidence for automatic classification.
quote-720,720,stage:unassigned,category:ceiling-battens,subcategory:50-x-38-g-o-s-pine,50 X 38 G.O.S. PINE,unresolved,,false,,,unresolved,,requires-review,Insufficient deterministic evidence for automatic classification.
quote-748,748,stage:lock-up,category:windows-doors,subcategory:item,ITEM,product,product:item:item,true,,,rule,product:category:windows-doors:subcategory:item:item,missing-product-library-candidate,Physical selectable or supplier product candidate.
quote-750,750,stage:lock-up,category:windows-doors,subcategory:windows-quote,WINDOWS QUOTE,product,product:windows-quote:windows-quote,true,,,rule,product:category:windows-doors:subcategory:windows-quote:windows-quote,missing-product-library-candidate,Physical selectable or supplier product candidate.
quote-753,753,stage:lock-up,category:windows-doors,subcategory:flyscreen-quote,FLYSCREEN QUOTE,product,product:flyscreen-quote:flyscreen-quote,true,,,rule,product:category:windows-doors:subcategory:flyscreen-quote:flyscreen-quote,missing-product-library-candidate,Physical selectable or supplier product candidate.
quote-757,757,stage:unassigned,category:hardware,subcategory:item,ITEM,unresolved,,false,,,unresolved,,requires-review,Insufficient deterministic evidence for automatic classification.
quote-760,760,stage:unassigned,category:bolts-nuts-and-screws,subcategory:120-x-12-cup-head-bolt,120 X 12 CUP HEAD BOLT,unresolved,,false,,,unresolved,,requires-review,Insufficient deterministic evidence for automatic classification.
quote-761,761,stage:unassigned,category:bolts-nuts-and-screws,subcategory:170-x-12-cup-head-bolt,170 X 12 CUP HEAD BOLT,unresolved,,false,,,unresolved,,requires-review,Insufficient deterministic evidence for automatic classification.
quote-762,762,stage:unassigned,category:bolts-nuts-and-screws,subcategory:12mm-galv-washer,12MM GALV WASHER,unresolved,,false,,,unresolved,,requires-review,Insufficient deterministic evidence for automatic classification.
quote-763,763,stage:unassigned,category:bolts-nuts-and-screws,subcategory:100-x-12-galv-coash-screws,100 X 12 GALV COASH SCREWS,unresolved,,false,,,unresolved,,requires-review,Insufficient deterministic evidence for automatic classification.
quote-764,764,stage:unassigned,category:bolts-nuts-and-screws,subcategory:220-x-12-bolt-and-nut,220 X 12 BOLT & NUT,unresolved,,false,,,unresolved,,requires-review,Insufficient deterministic evidence for automatic classification.
quote-765,765,stage:unassigned,category:bolts-nuts-and-screws,subcategory:170-x-12-bolt-and-nut,170 X 12 BOLT & NUT,unresolved,,false,,,unresolved,,requires-review,Insufficient deterministic evidence for automatic classification.
quote-766,766,stage:unassigned,category:bolts-nuts-and-screws,subcategory:batten-screws,BATTEN SCREWS,unresolved,,false,,,unresolved,,requires-review,Insufficient deterministic evidence for automatic classification.
quote-769,769,stage:unassigned,category:couplings,subcategory:12mm-x-100mm-dynabolts,12mm X 100mm DYNABOLTS,unresolved,,false,,,unresolved,,requires-review,Insufficient deterministic evidence for automatic classification.
quote-770,770,stage:unassigned,category:couplings,subcategory:joist-hangers-35-x-120,JOIST HANGERS 35 X 120,unresolved,,false,,,unresolved,,requires-review,Insufficient deterministic evidence for automatic classification.
quote-771,771,stage:unassigned,category:couplings,subcategory:multi-grips-100-x-35,MULTI GRIPS 100 X 35,unresolved,,false,,,unresolved,,requires-review,Insufficient deterministic evidence for automatic classification.
quote-772,772,stage:unassigned,category:couplings,subcategory:hoop-iron-strap-20-x-30mm,HOOP IRON STRAP 20 X 30MM,unresolved,,false,,,unresolved,,requires-review,Insufficient deterministic evidence for automatic classification.
quote-773,773,stage:unassigned,category:couplings,subcategory:cyclone-straps,CYCLONE STRAPS,unresolved,,false,,,unresolved,,requires-review,Insufficient deterministic evidence for automatic classification.
quote-774,774,stage:unassigned,category:couplings,subcategory:plate-joiners,PLATE JOINERS,unresolved,,false,,,unresolved,,requires-review,Insufficient deterministic evidence for automatic classification.
quote-775,775,stage:unassigned,category:couplings,subcategory:post-stirrups,POST STIRRUPS,unresolved,,false,,,unresolved,,requires-review,Insufficient deterministic evidence for automatic classification.
quote-776,776,stage:unassigned,category:couplings,subcategory:l-h-triple-grips,L/H TRIPLE GRIPS,unresolved,,false,,,unresolved,,requires-review,Insufficient deterministic evidence for automatic classification.
quote-777,777,stage:unassigned,category:couplings,subcategory:r-h-triple-grips,R/H TRIPLE GRIPS,unresolved,,false,,,unresolved,,requires-review,Insufficient deterministic evidence for automatic classification.
quote-780,780,stage:unassigned,category:nails,subcategory:75mm-gun-nails,75mm GUN NAILS,unresolved,,false,,,unresolved,,requires-review,Insufficient deterministic evidence for automatic classification.
quote-781,781,stage:unassigned,category:nails,subcategory:coil-nails,COIL NAILS,unresolved,,false,,,unresolved,,requires-review,Insufficient deterministic evidence for automatic classification.
quote-782,782,stage:fix-out,category:flooring-tiling,subcategory:50mm-gun-nails-flooring,50mm GUN NAILS (FLOORING),unresolved,,false,,,unresolved,,requires-review,Insufficient deterministic evidence for automatic classification.
quote-783,783,stage:unassigned,category:nails,subcategory:32mm-fixing-nails,32mm FIXING NAILS,estimating-item,estimating:32mm-fixing-nails:32mm-fixing-nails,false,,,rule,estimating-item:category:nails:subcategory:32mm-fixing-nails:32mm-fixing-nails,missing-estimating-catalogue-candidate,"Labour, plant, fee, service, or construction resource candidate."
quote-784,784,stage:unassigned,category:nails,subcategory:50mm-fixing-nails,50mm FIXING NAILS,estimating-item,estimating:50mm-fixing-nails:50mm-fixing-nails,false,,,rule,estimating-item:category:nails:subcategory:50mm-fixing-nails:50mm-fixing-nails,missing-estimating-catalogue-candidate,"Labour, plant, fee, service, or construction resource candidate."
quote-785,785,stage:unassigned,category:nails,subcategory:65mm-fixing-nails,65mm FIXING NAILS,estimating-item,estimating:65mm-fixing-nails:65mm-fixing-nails,false,,,rule,estimating-item:category:nails:subcategory:65mm-fixing-nails:65mm-fixing-nails,missing-estimating-catalogue-candidate,"Labour, plant, fee, service, or construction resource candidate."
quote-786,786,stage:unassigned,category:nails,subcategory:30mm-clouts,30mm CLOUTS,unresolved,,false,,,unresolved,,requires-review,Insufficient deterministic evidence for automatic classification.
quote-789,789,stage:unassigned,category:adhesives,subcategory:fast-grip-max-bond-tube,FAST GRIP MAX BOND TUBE,unresolved,,false,,,unresolved,,requires-review,Insufficient deterministic evidence for automatic classification.
quote-790,790,stage:unassigned,category:adhesives,subcategory:gap-filler,GAP FILLER,unresolved,,false,,,unresolved,,requires-review,Insufficient deterministic evidence for automatic classification.
quote-793,793,stage:unassigned,category:misc,subcategory:misc-hardware,MISC HARDWARE,unresolved,,false,,,unresolved,,requires-review,Insufficient deterministic evidence for automatic classification.
quote-794,794,stage:unassigned,category:misc,subcategory:230mm-x-30m-dpc,230mm X 30m DPC,unresolved,,false,,,unresolved,,requires-review,Insufficient deterministic evidence for automatic classification.
quote-837,837,stage:unassigned,category:roofing,subcategory:box-guttering,BOX GUTTERING,unresolved,,false,,,unresolved,,requires-review,Insufficient deterministic evidence for automatic classification.
quote-838,838,stage:unassigned,category:misc,subcategory:barges,BARGES,unresolved,,false,,,unresolved,,requires-review,Insufficient deterministic evidence for automatic classification.
quote-839,839,stage:unassigned,category:misc,subcategory:apron-flashing,APRON FLASHING,unresolved,,false,,,unresolved,,requires-review,Insufficient deterministic evidence for automatic classification.
quote-840,840,stage:lock-up,category:roofing,subcategory:roofing-iron-supply-and-fix-gable-ended,ROOFING IRON SUPPLY & FIX - GABLE ENDED,unresolved,,false,,,unresolved,,requires-review,Insufficient deterministic evidence for automatic classification.
quote-841,841,stage:lock-up,category:roofing,subcategory:roofing-iron-supply-and-fix-hip-valley,ROOFING IRON SUPPLY & FIX - HIP/VALLEY,unresolved,,false,,,unresolved,,requires-review,Insufficient deterministic evidence for automatic classification.
quote-842,842,stage:unassigned,category:misc,subcategory:valley-iron,VALLEY IRON,unresolved,,false,,,unresolved,,requires-review,Insufficient deterministic evidence for automatic classification.
quote-843,843,stage:unassigned,category:misc,subcategory:ridge-capping,RIDGE CAPPING,unresolved,,false,,,unresolved,,requires-review,Insufficient deterministic evidence for automatic classification.
quote-844,844,stage:unassigned,category:misc,subcategory:barge-capping-barge-roll,BARGE CAPPING (BARGE ROLL),unresolved,,false,,,unresolved,,requires-review,Insufficient deterministic evidence for automatic classification.
quote-845,845,stage:lock-up,category:roofing,subcategory:sarking-to-roof-area,SARKING TO ROOF AREA,unresolved,,false,,,unresolved,,requires-review,Insufficient deterministic evidence for automatic classification.
quote-846,846,stage:unassigned,category:misc,subcategory:blanket-insulation,BLANKET INSULATION,unresolved,,false,,,unresolved,,requires-review,Insufficient deterministic evidence for automatic classification.
quote-847,847,stage:lock-up,category:plumbing-fixtures,subcategory:labour,ROOFING PLUMBER,unresolved,,false,,,unresolved,,requires-review,Insufficient deterministic evidence for automatic classification.
quote-848,848,stage:unassigned,category:roofing,subcategory:concealed-guttering,CONCEALED GUTTERING,unresolved,,false,,,unresolved,,requires-review,Insufficient deterministic evidence for automatic classification.
quote-849,849,stage:unassigned,category:misc,subcategory:access-guard-edge-protection-10lm-min,ACCESS GUARD/EDGE PROTECTION 10LM MIN,unresolved,,false,,,unresolved,,requires-review,Insufficient deterministic evidence for automatic classification.
quote-850,850,stage:unassigned,category:misc,subcategory:edge-protection,EDGE PROTECTION,unresolved,,false,,,unresolved,,requires-review,Insufficient deterministic evidence for automatic classification.
quote-802,802,stage:lock-up,category:roofing,subcategory:roofing-iron,ROOFING IRON,formula,,false,,,rule,,not-a-catalogue-record,Formula-driven quotation row.
quote-803,803,stage:lock-up,category:roofing,subcategory:m2-rate-battens-fascia-gutter-roof-and-ins,"M2 RATE (BATTENS, FASCIA, GUTTER, ROOF & INS)",unresolved,,false,,,unresolved,,requires-review,Insufficient deterministic evidence for automatic classification.
quote-804,804,stage:lock-up,category:roofing,subcategory:fascias,FASCIAS,unresolved,,false,,,unresolved,,requires-review,Insufficient deterministic evidence for automatic classification.
quote-805,805,stage:lock-up,category:roofing,subcategory:guttering,GUTTERING,unresolved,,false,,,unresolved,,requires-review,Insufficient deterministic evidence for automatic classification.
quote-806,806,stage:lock-up,category:roofing,subcategory:barge-capping,BARGE CAPPING,unresolved,,false,,,unresolved,,requires-review,Insufficient deterministic evidence for automatic classification.
quote-807,807,stage:lock-up,category:roofing,subcategory:roof-battens,ROOF BATTENS,unresolved,,false,,,unresolved,,requires-review,Insufficient deterministic evidence for automatic classification.
quote-808,808,stage:lock-up,category:roofing,subcategory:safety-battens,SAFETY BATTENS,unresolved,,false,,,unresolved,,requires-review,Insufficient deterministic evidence for automatic classification.
quote-809,809,stage:lock-up,category:roofing,subcategory:ridge-capping,RIDGE CAPPING,unresolved,,false,,,unresolved,,requires-review,Insufficient deterministic evidence for automatic classification.
quote-810,810,stage:lock-up,category:roofing,subcategory:apron-flashing,APRON FLASHING,unresolved,,false,,,unresolved,,requires-review,Insufficient deterministic evidence for automatic classification.
quote-811,811,stage:lock-up,category:roofing,subcategory:step-flashing,STEP FLASHING,unresolved,,false,,,unresolved,,requires-review,Insufficient deterministic evidence for automatic classification.
quote-812,812,stage:lock-up,category:roofing,subcategory:wall-cladding,WALL CLADDING,unresolved,,false,,,unresolved,,requires-review,Insufficient deterministic evidence for automatic classification.
quote-813,813,stage:lock-up,category:roofing,subcategory:general-flashings,GENERAL FLASHINGS,unresolved,,false,,,unresolved,,requires-review,Insufficient deterministic evidence for automatic classification.
quote-814,814,stage:lock-up,category:roofing,subcategory:valley-iron,VALLEY IRON,unresolved,,false,,,unresolved,,requires-review,Insufficient deterministic evidence for automatic classification.
quote-815,815,stage:lock-up,category:roofing,subcategory:screws,SCREWS,unresolved,,false,,,unresolved,,requires-review,Insufficient deterministic evidence for automatic classification.
quote-816,816,stage:lock-up,category:roofing,subcategory:down-pipe-pops,DOWN PIPE POPS,unresolved,,false,,,unresolved,,requires-review,Insufficient deterministic evidence for automatic classification.
quote-817,817,stage:lock-up,category:roofing,subcategory:accessories,ACCESSORIES,unresolved,,false,,,unresolved,,requires-review,Insufficient deterministic evidence for automatic classification.
quote-818,818,stage:lock-up,category:roofing,subcategory:gutter-and-fascia-brackets,GUTTER & FASCIA BRACKETS,unresolved,,false,,,unresolved,,requires-review,Insufficient deterministic evidence for automatic classification.
quote-819,819,stage:lock-up,category:roofing,subcategory:anticon,ANTICON,unresolved,,false,,,unresolved,,requires-review,Insufficient deterministic evidence for automatic classification.
quote-1130,1130,stage:lock-up,category:roofing,subcategory:quick-render-brickwork,QUICK RENDER (BRICKWORK),formula,,false,,,rule,,not-a-catalogue-record,Formula-driven quotation row.
quote-1131,1131,stage:lock-up,category:roofing,subcategory:pm-100-render-polystyrene,PM 100 RENDER (POLYSTYRENE),unresolved,,false,,,unresolved,,requires-review,Insufficient deterministic evidence for automatic classification.
quote-1132,1132,stage:lock-up,category:roofing,subcategory:sandcoat-primer,SANDCOAT PRIMER,unresolved,,false,,,unresolved,,requires-review,Insufficient deterministic evidence for automatic classification.
quote-1133,1133,stage:lock-up,category:roofing,subcategory:sandcoat,SANDCOAT,formula,,false,,,rule,,not-a-catalogue-record,Formula-driven quotation row.
quote-1134,1134,stage:lock-up,category:roofing,subcategory:mesh,MESH,unresolved,,false,,,unresolved,,requires-review,Insufficient deterministic evidence for automatic classification.
quote-1135,1135,stage:lock-up,category:roofing,subcategory:polymer-render-blueboard,POLYMER RENDER (BLUEBOARD),unresolved,,false,,,unresolved,,requires-review,Insufficient deterministic evidence for automatic classification.
quote-1136,1136,stage:lock-up,category:roofing,subcategory:armour-coat,ARMOUR COAT,formula,,false,,,rule,,not-a-catalogue-record,Formula-driven quotation row.
quote-1137,1137,stage:lock-up,category:roofing,subcategory:clearcoat,CLEARCOAT,formula,,false,,,rule,,not-a-catalogue-record,Formula-driven quotation row.
quote-1253,1253,stage:lock-up,category:roofing,subcategory:plastering,PLASTERING,unresolved,,false,,,unresolved,,requires-review,Insufficient deterministic evidence for automatic classification.
quote-1254,1254,stage:lock-up,category:roofing,subcategory:10mm-wr-gyprock,10mm WR GYPROCK,formula,,false,,,rule,,not-a-catalogue-record,Formula-driven quotation row.
quote-1255,1255,stage:lock-up,category:roofing,subcategory:villa-board,VILLA BOARD,unresolved,,false,,,unresolved,,requires-review,Insufficient deterministic evidence for automatic classification.
quote-1256,1256,stage:lock-up,category:plumbing-fixtures,subcategory:tapware,JOINT TAPE,formula,,false,,,rule,,not-a-catalogue-record,Formula-driven quotation row.
quote-1257,1257,stage:lock-up,category:plumbing-fixtures,subcategory:tapware,CORNER TAPE,product,product:tapware:corner-tape,true,,,rule,product:category:plumbing-fixtures:subcategory:tapware:corner-tape,missing-product-library-candidate,Physical selectable or supplier product candidate.
quote-1258,1258,stage:lock-up,category:roofing,subcategory:base-coat,BASE COAT,formula,,false,,,rule,,not-a-catalogue-record,Formula-driven quotation row.
quote-1259,1259,stage:lock-up,category:roofing,subcategory:top-coat,TOP COAT,unresolved,,false,,,unresolved,,requires-review,Insufficient deterministic evidence for automatic classification.
quote-1260,1260,stage:lock-up,category:roofing,subcategory:cornice-cement,CORNICE CEMENT,unresolved,,false,,,unresolved,,requires-review,Insufficient deterministic evidence for automatic classification.
quote-1261,1261,stage:lock-up,category:roofing,subcategory:stud-adhesive,STUD ADHESIVE,unresolved,,false,,,unresolved,,requires-review,Insufficient deterministic evidence for automatic classification.
quote-1262,1262,stage:lock-up,category:roofing,subcategory:external-engles,EXTERNAL ENGLES,unresolved,,false,,,unresolved,,requires-review,Insufficient deterministic evidence for automatic classification.
quote-1264,1264,stage:lock-up,category:roofing,subcategory:cost,COST,formula,,false,,,rule,,not-a-catalogue-record,Formula-driven quotation row.
quote-1265,1265,stage:lock-up,category:roofing,subcategory:material-handling-cost,MATERIAL HANDLING COST,formula,,false,,,rule,,not-a-catalogue-record,Formula-driven quotation row.
quote-1266,1266,stage:lock-up,category:roofing,subcategory:total-materials-cost,TOTAL MATERIALS COST,formula,,false,,,rule,,not-a-catalogue-record,Formula-driven quotation row.
quote-822,822,stage:lock-up,category:roofing,subcategory:labour,INSTALL FASCIAS,estimating-item,estimating:labour:install-fascias,false,,,rule,estimating-item:category:roofing:subcategory:labour:install-fascias,missing-estimating-catalogue-candidate,"Labour, plant, fee, service, or construction resource candidate."
quote-823,823,stage:lock-up,category:roofing,subcategory:labour,INSTALL GUTTERING,estimating-item,estimating:labour:install-guttering,false,,,rule,estimating-item:category:roofing:subcategory:labour:install-guttering,missing-estimating-catalogue-candidate,"Labour, plant, fee, service, or construction resource candidate."
quote-824,824,stage:lock-up,category:roofing,subcategory:labour,INSTALL BARGE CAPPING,estimating-item,estimating:labour:install-barge-capping,false,,,rule,estimating-item:category:roofing:subcategory:labour:install-barge-capping,missing-estimating-catalogue-candidate,"Labour, plant, fee, service, or construction resource candidate."
quote-825,825,stage:lock-up,category:roofing,subcategory:labour,INSTALL ROOFING,estimating-item,estimating:labour:install-roofing,false,,,rule,estimating-item:category:roofing:subcategory:labour:install-roofing,missing-estimating-catalogue-candidate,"Labour, plant, fee, service, or construction resource candidate."
quote-826,826,stage:lock-up,category:roofing,subcategory:labour,INSTALL BATTENS,estimating-item,estimating:labour:install-battens,false,,,rule,estimating-item:category:roofing:subcategory:labour:install-battens,missing-estimating-catalogue-candidate,"Labour, plant, fee, service, or construction resource candidate."
quote-827,827,stage:lock-up,category:roofing,subcategory:labour,INSTALL VALLEYS,estimating-item,estimating:labour:install-valleys,false,,,rule,estimating-item:category:roofing:subcategory:labour:install-valleys,missing-estimating-catalogue-candidate,"Labour, plant, fee, service, or construction resource candidate."
quote-828,828,stage:lock-up,category:roofing,subcategory:labour,INSTALL RIDGE CAPPING,estimating-item,estimating:labour:install-ridge-capping,false,,,rule,estimating-item:category:roofing:subcategory:labour:install-ridge-capping,missing-estimating-catalogue-candidate,"Labour, plant, fee, service, or construction resource candidate."
quote-829,829,stage:lock-up,category:roofing,subcategory:labour,APRON FLASHING,estimating-item,estimating:labour:apron-flashing,false,,,rule,estimating-item:category:roofing:subcategory:labour:apron-flashing,missing-estimating-catalogue-candidate,"Labour, plant, fee, service, or construction resource candidate."
quote-830,830,stage:lock-up,category:roofing,subcategory:labour,STEP FLASHING,estimating-item,estimating:labour:step-flashing,false,,,rule,estimating-item:category:roofing:subcategory:labour:step-flashing,missing-estimating-catalogue-candidate,"Labour, plant, fee, service, or construction resource candidate."
quote-831,831,stage:lock-up,category:roofing,subcategory:labour,WALL CLADDING,estimating-item,estimating:labour:wall-cladding,false,,,rule,estimating-item:category:roofing:subcategory:labour:wall-cladding,missing-estimating-catalogue-candidate,"Labour, plant, fee, service, or construction resource candidate."
quote-832,832,stage:lock-up,category:roofing,subcategory:labour,GENERAL FLASHINGS,estimating-item,estimating:labour:general-flashings,false,,,rule,estimating-item:category:roofing:subcategory:labour:general-flashings,missing-estimating-catalogue-candidate,"Labour, plant, fee, service, or construction resource candidate."
quote-833,833,stage:lock-up,category:roofing,subcategory:labour,INSTALL ANTICON,estimating-item,estimating:labour:install-anticon,false,,,rule,estimating-item:category:roofing:subcategory:labour:install-anticon,missing-estimating-catalogue-candidate,"Labour, plant, fee, service, or construction resource candidate."
quote-834,834,stage:lock-up,category:roofing,subcategory:labour,ADD FOR SECOND STOREY,estimating-item,estimating:labour:add-for-second-storey,false,,,rule,estimating-item:category:roofing:subcategory:labour:add-for-second-storey,missing-estimating-catalogue-candidate,"Labour, plant, fee, service, or construction resource candidate."
quote-854,854,stage:lock-up,category:lock-up-materials,subcategory:item,ITEM,unresolved,,false,,,unresolved,,requires-review,Insufficient deterministic evidence for automatic classification.
quote-1026,1026,stage:lock-up,category:external-cladding,subcategory:150mm-linea-board,150mm LINEA BOARD,unresolved,,false,,,unresolved,,requires-review,Insufficient deterministic evidence for automatic classification.
quote-1027,1027,stage:lock-up,category:external-cladding,subcategory:180mm-linea-board,180mm LINEA BOARD,unresolved,,false,,,unresolved,,requires-review,Insufficient deterministic evidence for automatic classification.
quote-1028,1028,stage:lock-up,category:external-cladding,subcategory:matrix,MATRIX,unresolved,,false,,,unresolved,,requires-review,Insufficient deterministic evidence for automatic classification.
quote-1029,1029,stage:lock-up,category:external-cladding,subcategory:stria,STRIA,unresolved,,false,,,unresolved,,requires-review,Insufficient deterministic evidence for automatic classification.
quote-1030,1030,stage:lock-up,category:external-cladding,subcategory:weathertex,WEATHERTEX,formula,,false,,,rule,,not-a-catalogue-record,Formula-driven quotation row.
quote-1031,1031,stage:lock-up,category:external-cladding,subcategory:shadow-clad,SHADOW CLAD,formula,,false,,,rule,,not-a-catalogue-record,Formula-driven quotation row.
quote-1032,1032,stage:lock-up,category:external-cladding,subcategory:step-flashing,STEP FLASHING,unresolved,,false,,,unresolved,,requires-review,Insufficient deterministic evidence for automatic classification.
quote-1033,1033,stage:lock-up,category:external-cladding,subcategory:zincalume-custom-orb-sheeting,ZINCALUME CUSTOM ORB SHEETING,formula,,false,,,rule,,not-a-catalogue-record,Formula-driven quotation row.
quote-1034,1034,stage:lock-up,category:external-cladding,subcategory:feature-timber-screen,FEATURE TIMBER SCREEN,unresolved,,false,,,unresolved,,requires-review,Insufficient deterministic evidence for automatic classification.
quote-992,992,stage:lock-up,category:external-cladding,subcategory:item,ITEM,unresolved,,false,,,unresolved,,requires-review,Insufficient deterministic evidence for automatic classification.
quote-995,995,stage:unassigned,category:blue-board,subcategory:2700-x-1200,2700 X 1200,formula,,false,,,rule,,not-a-catalogue-record,Formula-driven quotation row.
quote-996,996,stage:unassigned,category:blue-board,subcategory:2400-x-1200,2400 X 1200,formula,,false,,,rule,,not-a-catalogue-record,Formula-driven quotation row.
quote-999,999,stage:unassigned,category:hardiflex,subcategory:900-x-1800-x-4-5,900 x 1800 x 4.5,formula,,false,,,rule,,not-a-catalogue-record,Formula-driven quotation row.
quote-1000,1000,stage:unassigned,category:hardiflex,subcategory:900-x-2400-x-4-5,900 x 2400 x 4.5,formula,,false,,,rule,,not-a-catalogue-record,Formula-driven quotation row.
quote-1001,1001,stage:unassigned,category:hardiflex,subcategory:1200-x-1800-x-4-5,1200 x 1800 x 4.5,formula,,false,,,rule,,not-a-catalogue-record,Formula-driven quotation row.
quote-1002,1002,stage:unassigned,category:hardiflex,subcategory:1200-x-2400-x-4-5,1200 x 2400 x 4.5,formula,,false,,,rule,,not-a-catalogue-record,Formula-driven quotation row.
quote-1003,1003,stage:unassigned,category:hardiflex,subcategory:1200-x-2700-x-6-0,1200 x 2700 x 6.0,formula,,false,,,rule,,not-a-catalogue-record,Formula-driven quotation row.
quote-1004,1004,stage:unassigned,category:hardiflex,subcategory:timber-cover-straps,TIMBER COVER STRAPS,unresolved,,false,,,unresolved,,requires-review,Insufficient deterministic evidence for automatic classification.
quote-1007,1007,stage:lock-up,category:external-cladding,subcategory:quote,QUOTE,formula,,false,,,rule,,not-a-catalogue-record,Formula-driven quotation row.
quote-1008,1008,stage:lock-up,category:external-cladding,subcategory:40mm-wall-cladding-2400-x-1200,40MM WALL CLADDING -2400 X 1200,unresolved,,false,,,unresolved,,requires-review,Insufficient deterministic evidence for automatic classification.
quote-1009,1009,stage:lock-up,category:external-cladding,subcategory:wall-screws,WALL SCREWS,unresolved,,false,,,unresolved,,requires-review,Insufficient deterministic evidence for automatic classification.
quote-1010,1010,stage:lock-up,category:external-cladding,subcategory:washers,WASHERS,unresolved,,false,,,unresolved,,requires-review,Insufficient deterministic evidence for automatic classification.
quote-1011,1011,stage:lock-up,category:external-cladding,subcategory:starter-strip,STARTER STRIP,unresolved,,false,,,unresolved,,requires-review,Insufficient deterministic evidence for automatic classification.
quote-1013,1013,stage:unassigned,category:j-beads,subcategory:sunhoods,SUNHOODS,formula,,false,,,rule,,not-a-catalogue-record,Formula-driven quotation row.
quote-1016,1016,stage:unassigned,category:weather-boards,subcategory:newport,NEWPORT,unresolved,,false,,,unresolved,,requires-review,Insufficient deterministic evidence for automatic classification.
quote-1017,1017,stage:unassigned,category:weather-boards,subcategory:linea-board,linea board,unresolved,,false,,,unresolved,,requires-review,Insufficient deterministic evidence for automatic classification.
quote-1018,1018,stage:unassigned,category:weather-boards,subcategory:fibro-sheeting-with-timber-straps,FIBRO SHEETING WITH TIMBER STRAPS,unresolved,,false,,,unresolved,,requires-review,Insufficient deterministic evidence for automatic classification.
quote-1019,1019,stage:unassigned,category:weather-boards,subcategory:internal-stops,INTERNAL STOPS,unresolved,,false,,,unresolved,,requires-review,Insufficient deterministic evidence for automatic classification.
quote-1020,1020,stage:external,category:weather-boards,subcategory:external-stops,EXTERNAL STOPS,unresolved,,false,,,unresolved,,requires-review,Insufficient deterministic evidence for automatic classification.
quote-1021,1021,stage:unassigned,category:weather-boards,subcategory:weatherboard-stops,WEATHERBOARD STOPS,unresolved,,false,,,unresolved,,requires-review,Insufficient deterministic evidence for automatic classification.
quote-1022,1022,stage:unassigned,category:weather-boards,subcategory:230mm-hardiplank-weatherboards,230mm HARDIPLANK WEATHERBOARDS,unresolved,,false,,,unresolved,,requires-review,Insufficient deterministic evidence for automatic classification.
quote-1023,1023,stage:unassigned,category:weather-boards,subcategory:flashing,FLASHING,unresolved,,false,,,unresolved,,requires-review,Insufficient deterministic evidence for automatic classification.
quote-1024,1024,stage:unassigned,category:weather-boards,subcategory:300mm-hardiplank-weatherboards,300mm HARDIPLANK WEATHERBOARDS,unresolved,,false,,,unresolved,,requires-review,Insufficient deterministic evidence for automatic classification.
quote-1025,1025,stage:unassigned,category:weather-boards,subcategory:hardiplank-off-stud-joiners,HARDIPLANK OFF-STUD JOINERS,unresolved,,false,,,unresolved,,requires-review,Insufficient deterministic evidence for automatic classification.
quote-1038,1038,stage:external,category:external-works,subcategory:item,ITEM,unresolved,,false,,,unresolved,,requires-review,Insufficient deterministic evidence for automatic classification.
quote-1040,1040,stage:external,category:external-works,subcategory:85mm-grooved-timber-decking,85mm GROOVED TIMBER DECKING,formula,,false,,,rule,,not-a-catalogue-record,Formula-driven quotation row.
quote-1041,1041,stage:external,category:external-works,subcategory:15mm-compressed-sheet,15mm COMPRESSED SHEET,formula,,false,,,rule,,not-a-catalogue-record,Formula-driven quotation row.
quote-1042,1042,stage:base,category:external-works,subcategory:metal-stumps-in-concrete,METAL STUMPS IN CONCRETE,unresolved,,false,,,unresolved,,requires-review,Insufficient deterministic evidence for automatic classification.
quote-1043,1043,stage:external,category:external-works,subcategory:ant-caps,ANT CAPS,unresolved,,false,,,unresolved,,requires-review,Insufficient deterministic evidence for automatic classification.
quote-1044,1044,stage:external,category:external-works,subcategory:bearer-tie-down-bolts,BEARER TIE DOWN BOLTS,unresolved,,false,,,unresolved,,requires-review,Insufficient deterministic evidence for automatic classification.
quote-1045,1045,stage:external,category:external-works,subcategory:hj240-deck-joists,HJ240 DECK JOISTS,formula,,false,,,rule,,not-a-catalogue-record,Formula-driven quotation row.
quote-1046,1046,stage:external,category:external-works,subcategory:jhj300-deck-bearers,JHJ300 DECK BEARERS,formula,,false,,,rule,,not-a-catalogue-record,Formula-driven quotation row.
quote-1047,1047,stage:external,category:external-works,subcategory:joists-125-x-38-f14,JOISTS 125 X 38 F14,formula,,false,,,rule,,not-a-catalogue-record,Formula-driven quotation row.
quote-1048,1048,stage:external,category:external-works,subcategory:150-x-50-cca-pine,150 X 50 CCA PINE,formula,,false,,,rule,,not-a-catalogue-record,Formula-driven quotation row.
quote-1049,1049,stage:external,category:external-works,subcategory:150-x-50-cca-pine,150 X 50 CCA PINE,formula,,false,,,rule,,not-a-catalogue-record,Formula-driven quotation row.
quote-1050,1050,stage:external,category:external-works,subcategory:150-x-50-cca-pine,150 X 50 CCA PINE,formula,,false,,,rule,,not-a-catalogue-record,Formula-driven quotation row.
quote-1051,1051,stage:external,category:external-works,subcategory:150-x-50-cca-pine,150 X 50 CCA PINE,formula,,false,,,rule,,not-a-catalogue-record,Formula-driven quotation row.
quote-1052,1052,stage:external,category:external-works,subcategory:150-x-50-cca-pine,150 X 50 CCA PINE,formula,,false,,,rule,,not-a-catalogue-record,Formula-driven quotation row.
quote-1053,1053,stage:external,category:external-works,subcategory:240-x-45-f17,240 X 45 F17,formula,,false,,,rule,,not-a-catalogue-record,Formula-driven quotation row.
quote-1054,1054,stage:external,category:external-works,subcategory:metal-wall-bracket,METAL WALL BRACKET,formula,,false,,,rule,,not-a-catalogue-record,Formula-driven quotation row.
quote-1055,1055,stage:external,category:external-works,subcategory:100-x-100-cca-pine,100 X 100 CCA PINE,formula,,false,,,rule,,not-a-catalogue-record,Formula-driven quotation row.
quote-1056,1056,stage:external,category:external-works,subcategory:100-x-100-cca-pine,100 X 100 CCA PINE,formula,,false,,,rule,,not-a-catalogue-record,Formula-driven quotation row.
quote-1057,1057,stage:external,category:external-works,subcategory:stirrups,STIRRUPS,formula,,false,,,rule,,not-a-catalogue-record,Formula-driven quotation row.
quote-1058,1058,stage:external,category:external-works,subcategory:aluminium-handrail,ALUMINIUM HANDRAIL,unresolved,,false,,,unresolved,,requires-review,Insufficient deterministic evidence for automatic classification.
quote-1059,1059,stage:external,category:external-works,subcategory:5-m-cable-balustrade,5 M CABLE BALUSTRADE,unresolved,,false,,,unresolved,,requires-review,Insufficient deterministic evidence for automatic classification.
quote-1060,1060,stage:external,category:external-works,subcategory:glass-balustrade,GLASS BALUSTRADE,unresolved,,false,,,unresolved,,requires-review,Insufficient deterministic evidence for automatic classification.
quote-1061,1061,stage:external,category:external-works,subcategory:metal-stringers,METAL STRINGERS,unresolved,,false,,,unresolved,,requires-review,Insufficient deterministic evidence for automatic classification.
quote-1062,1062,stage:external,category:external-works,subcategory:stair-landing,STAIR LANDING,unresolved,,false,,,unresolved,,requires-review,Insufficient deterministic evidence for automatic classification.
quote-1063,1063,stage:external,category:external-works,subcategory:250-x-50-cca-treated-treds,250 X 50 CCA TREATED TREDS,unresolved,,false,,,unresolved,,requires-review,Insufficient deterministic evidence for automatic classification.
quote-1064,1064,stage:external,category:external-works,subcategory:stainless-posts,STAINLESS POSTS,unresolved,,false,,,unresolved,,requires-review,Insufficient deterministic evidence for automatic classification.
quote-1065,1065,stage:external,category:external-works,subcategory:timber-handrail-and-balustrade,TIMBER HANDRAIL AND BALUSTRADE,unresolved,,false,,,unresolved,,requires-review,Insufficient deterministic evidence for automatic classification.
quote-863,863,stage:unassigned,category:soffits,subcategory:50-x-38-g-o-s-pine,50 X 38 G.O.S. PINE,formula,,false,,,rule,,not-a-catalogue-record,Formula-driven quotation row.
quote-864,864,stage:unassigned,category:soffits,subcategory:2400-x-450-x-4-5-hardiflex,2400 X 450 X 4.5 HARDIFLEX,formula,,false,,,rule,,not-a-catalogue-record,Formula-driven quotation row.
quote-865,865,stage:unassigned,category:soffits,subcategory:2400-x-600-x-4-5-hardiflex,2400 X 600 X 4.5 HARDIFLEX,formula,,false,,,rule,,not-a-catalogue-record,Formula-driven quotation row.
quote-866,866,stage:unassigned,category:soffits,subcategory:2400-x-750-x-4-5-hardiflex,2400 X 750 X 4.5 HARDIFLEX,formula,,false,,,rule,,not-a-catalogue-record,Formula-driven quotation row.
quote-867,867,stage:unassigned,category:soffits,subcategory:2400-x-1200-4-5-hardiflex,2400 X 1200 4.5 HARDIFLEX,formula,,false,,,rule,,not-a-catalogue-record,Formula-driven quotation row.
quote-868,868,stage:unassigned,category:soffits,subcategory:2700-x-1200-x-4-5-hardiflex,2700 X 1200 X 4.5 HARDIFLEX,formula,,false,,,rule,,not-a-catalogue-record,Formula-driven quotation row.
quote-869,869,stage:unassigned,category:soffits,subcategory:pvc-joint-strip,PVC JOINT STRIP,formula,,false,,,rule,,not-a-catalogue-record,Formula-driven quotation row.
quote-870,870,stage:unassigned,category:soffits,subcategory:eaves-outriggers,EAVES OUTRIGGERS,formula,,false,,,rule,,not-a-catalogue-record,Formula-driven quotation row.
quote-871,871,stage:unassigned,category:soffits,subcategory:19-x-19-quad-bead,19 X 19 QUAD BEAD,formula,,false,,,rule,,not-a-catalogue-record,Formula-driven quotation row.
quote-872,872,stage:unassigned,category:soffits,subcategory:materials-for-patio-bulkheads,MATERIALS FOR PATIO BULKHEADS,unresolved,,false,,,unresolved,,requires-review,Insufficient deterministic evidence for automatic classification.
quote-875,875,stage:unassigned,category:soffits-lineal,subcategory:soffits-450-wide,SOFFITS - 450 WIDE,formula,,false,,,rule,,not-a-catalogue-record,Formula-driven quotation row.
quote-876,876,stage:unassigned,category:soffits-lineal,subcategory:soffits-600-wide,SOFFITS - 600 WIDE,formula,,false,,,rule,,not-a-catalogue-record,Formula-driven quotation row.
quote-877,877,stage:unassigned,category:soffits-lineal,subcategory:patio-ceilings,PATIO CEILINGS,formula,,false,,,rule,,not-a-catalogue-record,Formula-driven quotation row.
quote-20002,20002,stage:unassigned,category:timber-and-trims,subcategory:66-x-42-treated-pine,66 x 42 Treated Pine,unresolved,,false,,,unresolved,,requires-review,Insufficient deterministic evidence for automatic classification.
quote-20003,20003,stage:unassigned,category:timber-and-trims,subcategory:42-x-35-treated-pine,42 x 35 Treated Pine,unresolved,,false,,,unresolved,,requires-review,Insufficient deterministic evidence for automatic classification.
quote-20004,20004,stage:unassigned,category:timber-and-trims,subcategory:66-x-42-weatherboard-stops,66 x 42 Weatherboard Stops,unresolved,,false,,,unresolved,,requires-review,Insufficient deterministic evidence for automatic classification.
quote-20005,20005,stage:lock-up,category:windows-doors,subcategory:1-8m-rolled-window-flashing,1.8m Rolled Window Flashing,product,product:1-8m-rolled-window-flashing:1-8m-rolled-window-flashing,true,,,rule,product:category:windows-doors:subcategory:1-8m-rolled-window-flashing:1-8m-rolled-window-flashing,missing-product-library-candidate,Physical selectable or supplier product candidate.
quote-880,880,stage:unassigned,category:timber-and-trims,subcategory:timber-scotia,TIMBER SCOTIA,formula,,false,,,rule,,not-a-catalogue-record,Formula-driven quotation row.
quote-881,881,stage:unassigned,category:timber-and-trims,subcategory:116-x-19-timber-trim,116 X 19 TIMBER TRIM,formula,,false,,,rule,,not-a-catalogue-record,Formula-driven quotation row.
quote-882,882,stage:unassigned,category:timber-and-trims,subcategory:gable-features,GABLE FEATURES,unresolved,,false,,,unresolved,,requires-review,Insufficient deterministic evidence for automatic classification.
quote-883,883,stage:unassigned,category:timber-and-trims,subcategory:fixings-and-hardware,FIXINGS & HARDWARE,formula,,false,,,rule,,not-a-catalogue-record,Formula-driven quotation row.
quote-887,887,stage:lock-up,category:windows-doors,subcategory:item,ITEM,product,product:item:item,true,,,rule,product:category:windows-doors:subcategory:item:item,missing-product-library-candidate,Physical selectable or supplier product candidate.
quote-892,892,stage:lock-up,category:windows-doors,subcategory:door-builders-range-hume-xn-7,DOOR - BUILDERS RANGE (HUME XN 7),formula,,false,,,rule,,not-a-catalogue-record,Formula-driven quotation row.
quote-893,893,stage:lock-up,category:painting,subcategory:door-jamb-paint-grade,DOOR JAMB (PAINT GRADE),formula,,false,,,rule,,not-a-catalogue-record,Formula-driven quotation row.
quote-894,894,stage:lock-up,category:cabinetry,subcategory:handles,HANDLE (KEY IN KNOB),formula,,false,,,rule,,not-a-catalogue-record,Formula-driven quotation row.
quote-895,895,stage:lock-up,category:windows-doors,subcategory:hinges-3,HINGES (3),formula,,false,,,rule,,not-a-catalogue-record,Formula-driven quotation row.
quote-896,896,stage:lock-up,category:windows-doors,subcategory:weather-seal,WEATHER SEAL,formula,,false,,,rule,,not-a-catalogue-record,Formula-driven quotation row.
quote-897,897,stage:lock-up,category:windows-doors,subcategory:total-for-door-asembly,TOTAL FOR DOOR ASEMBLY,formula,,false,,,rule,,not-a-catalogue-record,Formula-driven quotation row.
quote-900,900,stage:lock-up,category:windows-doors,subcategory:door-builders-range-hume-xs-24-1200,DOOR - BUILDERS RANGE (HUME XS 24 1200),formula,,false,,,rule,,not-a-catalogue-record,Formula-driven quotation row.
quote-901,901,stage:lock-up,category:painting,subcategory:door-jamb-paint-grade,DOOR JAMB (PAINT GRADE),formula,,false,,,rule,,not-a-catalogue-record,Formula-driven quotation row.
quote-902,902,stage:lock-up,category:windows-doors,subcategory:hinges-4,HINGES (4),formula,,false,,,rule,,not-a-catalogue-record,Formula-driven quotation row.
quote-903,903,stage:lock-up,category:windows-doors,subcategory:weather-seal,WEATHER SEAL,formula,,false,,,rule,,not-a-catalogue-record,Formula-driven quotation row.
quote-904,904,stage:lock-up,category:windows-doors,subcategory:total-for-door-asembly,TOTAL FOR DOOR ASEMBLY,formula,,false,,,rule,,not-a-catalogue-record,Formula-driven quotation row.
quote-907,907,stage:lock-up,category:windows-doors,subcategory:doors-builders-range-hume-xn-7-x-2,DOORS - BUILDERS RANGE (HUME XN 7 x 2),formula,,false,,,rule,,not-a-catalogue-record,Formula-driven quotation row.
quote-908,908,stage:lock-up,category:painting,subcategory:door-jamb-paint-grade,DOOR JAMB (PAINT GRADE),formula,,false,,,rule,,not-a-catalogue-record,Formula-driven quotation row.
quote-909,909,stage:lock-up,category:cabinetry,subcategory:handles,HANDLE (KEY IN KNOB),formula,,false,,,rule,,not-a-catalogue-record,Formula-driven quotation row.
quote-910,910,stage:lock-up,category:windows-doors,subcategory:slide-bolts-for-fixed-wing,SLIDE BOLTS FOR FIXED WING,formula,,false,,,rule,,not-a-catalogue-record,Formula-driven quotation row.
quote-911,911,stage:lock-up,category:windows-doors,subcategory:mushroom-stop,MUSHROOM STOP,formula,,false,,,rule,,not-a-catalogue-record,Formula-driven quotation row.
quote-912,912,stage:lock-up,category:windows-doors,subcategory:hinges-6,HINGES (6),formula,,false,,,rule,,not-a-catalogue-record,Formula-driven quotation row.
quote-913,913,stage:lock-up,category:windows-doors,subcategory:weather-seal,WEATHER SEAL,formula,,false,,,rule,,not-a-catalogue-record,Formula-driven quotation row.
quote-914,914,stage:lock-up,category:windows-doors,subcategory:total-for-door-asembly,TOTAL FOR DOOR ASEMBLY,formula,,false,,,rule,,not-a-catalogue-record,Formula-driven quotation row.
quote-917,917,stage:lock-up,category:windows-doors,subcategory:1200-pivot-door-pc-sum,1200 PIVOT DOOR PC SUM,product,product:1200-pivot-door-pc-sum:1200-pivot-door-pc-sum,true,,,rule,product:category:windows-doors:subcategory:1200-pivot-door-pc-sum:1200-pivot-door-pc-sum,missing-product-library-candidate,Physical selectable or supplier product candidate.
quote-920,920,stage:lock-up,category:windows-doors,subcategory:door-builders-range-1-3-panel-glass-rc,DOOR - BUILDERS RANGE (1/3 PANEL GLASS RC),formula,,false,,,rule,,not-a-catalogue-record,Formula-driven quotation row.
quote-921,921,stage:lock-up,category:painting,subcategory:door-jamb-paint-grade,DOOR JAMB (PAINT GRADE),formula,,false,,,rule,,not-a-catalogue-record,Formula-driven quotation row.
quote-922,922,stage:lock-up,category:cabinetry,subcategory:handles,HANDLE (KEY IN KNOB),formula,,false,,,rule,,not-a-catalogue-record,Formula-driven quotation row.
quote-923,923,stage:lock-up,category:windows-doors,subcategory:hinges-3,HINGES (3),formula,,false,,,rule,,not-a-catalogue-record,Formula-driven quotation row.
quote-924,924,stage:lock-up,category:windows-doors,subcategory:weather-seal,WEATHER SEAL,formula,,false,,,rule,,not-a-catalogue-record,Formula-driven quotation row.
quote-925,925,stage:lock-up,category:windows-doors,subcategory:doggy-flap,DOGGY FLAP,formula,,false,,,rule,,not-a-catalogue-record,Formula-driven quotation row.
quote-926,926,stage:lock-up,category:windows-doors,subcategory:total-for-door-asembly,TOTAL FOR DOOR ASEMBLY,formula,,false,,,rule,,not-a-catalogue-record,Formula-driven quotation row.
quote-931,931,stage:lock-up,category:windows-doors,subcategory:exterior-door-jambs,EXTERIOR DOOR JAMBS,product,product:exterior-door-jambs:exterior-door-jambs,true,,,rule,product:category:windows-doors:subcategory:exterior-door-jambs:exterior-door-jambs,missing-product-library-candidate,Physical selectable or supplier product candidate.
quote-932,932,stage:lock-up,category:windows-doors,subcategory:double-front-door-jamb,DOUBLE FRONT DOOR JAMB,product,product:double-front-door-jamb:double-front-door-jamb,true,,,rule,product:category:windows-doors:subcategory:double-front-door-jamb:double-front-door-jamb,missing-product-library-candidate,Physical selectable or supplier product candidate.
quote-1350,1350,stage:lock-up,category:windows-doors,subcategory:92-x-19-fj-pine-door-jambs-2100-high,92 X 19 FJ PINE DOOR JAMBS (2100 HIGH),formula,,false,,,rule,,not-a-catalogue-record,Formula-driven quotation row.
quote-1351,1351,stage:lock-up,category:windows-doors,subcategory:92-x-19-fj-pine-door-jambs-2400-high,92 X 19 FJ PINE DOOR JAMBS (2400 HIGH),formula,,false,,,rule,,not-a-catalogue-record,Formula-driven quotation row.
quote-1352,1352,stage:lock-up,category:windows-doors,subcategory:92-x-19-fj-pine-robe-jambs-2400-wide,92 X 19 FJ PINE ROBE JAMBS (2400 WIDE),product,product:92-x-19-fj-pine-robe-jambs-2400-wide:92-x-19-fj-pine-robe-jambs-2400-wide,true,,,rule,product:category:windows-doors:subcategory:92-x-19-fj-pine-robe-jambs-2400-wide:92-x-19-fj-pine-robe-jambs-2400-wide,missing-product-library-candidate,Physical selectable or supplier product candidate.
quote-1353,1353,stage:lock-up,category:windows-doors,subcategory:93-x-19-fj-pine-robe-jambs-3000-wide,93 X 19 FJ PINE ROBE JAMBS (3000 WIDE),product,product:93-x-19-fj-pine-robe-jambs-3000-wide:93-x-19-fj-pine-robe-jambs-3000-wide,true,,,rule,product:category:windows-doors:subcategory:93-x-19-fj-pine-robe-jambs-3000-wide:93-x-19-fj-pine-robe-jambs-3000-wide,missing-product-library-candidate,Physical selectable or supplier product candidate.
quote-935,935,stage:lock-up,category:electrical,subcategory:light-fittings,DOOR JAMB WITH 1 SIDE LIGHT,product,product:light-fittings:door-jamb-with-1-side-light,true,,,rule,product:category:electrical:subcategory:light-fittings:door-jamb-with-1-side-light,missing-product-library-candidate,Physical selectable or supplier product candidate.
quote-936,936,stage:lock-up,category:electrical,subcategory:light-fittings,DOOR JAMB WITH 2 SIDE LIGHTS,product,product:light-fittings:door-jamb-with-2-side-lights,true,,,rule,product:category:electrical:subcategory:light-fittings:door-jamb-with-2-side-lights,missing-product-library-candidate,Physical selectable or supplier product candidate.
quote-937,937,stage:lock-up,category:electrical,subcategory:light-fittings,DOUBLE DOOR JAMB WITH 2 SIDE LIGHTS,product,product:light-fittings:double-door-jamb-with-2-side-lights,true,,,rule,product:category:electrical:subcategory:light-fittings:double-door-jamb-with-2-side-lights,missing-product-library-candidate,Physical selectable or supplier product candidate.
quote-940,940,stage:lock-up,category:windows-doors,subcategory:hume-illusion-2040-x-1200-xil-21-22-23-24-25-26,"HUME ILLUSION 2040 x 1200 (XIL 21,22,23,24,25,26)",product,product:hume-illusion-2040-x-1200-xil-21-22-23-24-25-26:hume-illusion-2040-x-1200-xil-21-22-23-24-25-26,true,,,rule,product:category:windows-doors:subcategory:hume-illusion-2040-x-1200-xil-21-22-23-24-25-26:hume-illusion-2040-x-1200-xil-21-22-23-24-25-26,missing-product-library-candidate,Physical selectable or supplier product candidate.
quote-941,941,stage:lock-up,category:windows-doors,subcategory:hume-illusion-2040-x-820-xil-1-2-3-4-5-6,"HUME ILLUSION 2040 x 820 (XIL 1,2,3,4,5,6)",product,product:hume-illusion-2040-x-820-xil-1-2-3-4-5-6:hume-illusion-2040-x-820-xil-1-2-3-4-5-6,true,,,rule,product:category:windows-doors:subcategory:hume-illusion-2040-x-820-xil-1-2-3-4-5-6:hume-illusion-2040-x-820-xil-1-2-3-4-5-6,missing-product-library-candidate,Physical selectable or supplier product candidate.
quote-942,942,stage:lock-up,category:windows-doors,subcategory:hume-newington-2040-x-820-xn-16-clear-glaze,HUME NEWINGTON 2040 x 820 (XN 16) CLEAR GLAZE,product,product:hume-newington-2040-x-820-xn-16-clear-glaze:hume-newington-2040-x-820-xn-16-clear-glaze,true,,,rule,product:category:windows-doors:subcategory:hume-newington-2040-x-820-xn-16-clear-glaze:hume-newington-2040-x-820-xn-16-clear-glaze,missing-product-library-candidate,Physical selectable or supplier product candidate.
quote-943,943,stage:lock-up,category:windows-doors,subcategory:hume-newington-2040-x-820-xn-18-clear-glaze,HUME NEWINGTON 2040 x 820 (XN 18) CLEAR GLAZE,product,product:hume-newington-2040-x-820-xn-18-clear-glaze:hume-newington-2040-x-820-xn-18-clear-glaze,true,,,rule,product:category:windows-doors:subcategory:hume-newington-2040-x-820-xn-18-clear-glaze:hume-newington-2040-x-820-xn-18-clear-glaze,missing-product-library-candidate,Physical selectable or supplier product candidate.
quote-944,944,stage:lock-up,category:windows-doors,subcategory:hume-newington-2040-x-820-xn-6-clear-glaze,HUME NEWINGTON 2040 x 820 (XN 6) CLEAR GLAZE,product,product:hume-newington-2040-x-820-xn-6-clear-glaze:hume-newington-2040-x-820-xn-6-clear-glaze,true,,,rule,product:category:windows-doors:subcategory:hume-newington-2040-x-820-xn-6-clear-glaze:hume-newington-2040-x-820-xn-6-clear-glaze,missing-product-library-candidate,Physical selectable or supplier product candidate.
quote-945,945,stage:lock-up,category:windows-doors,subcategory:hume-newington-2040-x-820-xn1-clear-glaze,HUME NEWINGTON 2040 x 820 (XN1) CLEAR GLAZE,product,product:hume-newington-2040-x-820-xn1-clear-glaze:hume-newington-2040-x-820-xn1-clear-glaze,true,,,rule,product:category:windows-doors:subcategory:hume-newington-2040-x-820-xn1-clear-glaze:hume-newington-2040-x-820-xn1-clear-glaze,missing-product-library-candidate,Physical selectable or supplier product candidate.
quote-946,946,stage:lock-up,category:windows-doors,subcategory:hume-newington-2040-x-820-xn2-17-clear-gl,"HUME NEWINGTON 2040 x 820 (XN2, 17) CLEAR GL",product,product:hume-newington-2040-x-820-xn2-17-clear-gl:hume-newington-2040-x-820-xn2-17-clear-gl,true,,,rule,product:category:windows-doors:subcategory:hume-newington-2040-x-820-xn2-17-clear-gl:hume-newington-2040-x-820-xn2-17-clear-gl,missing-product-library-candidate,Physical selectable or supplier product candidate.
quote-947,947,stage:lock-up,category:windows-doors,subcategory:hume-newington-2040-x-820-xn5-7-13-clear,"HUME NEWINGTON 2040 x 820 (XN5, 7, 13) CLEAR",product,product:hume-newington-2040-x-820-xn5-7-13-clear:hume-newington-2040-x-820-xn5-7-13-clear,true,,,rule,product:category:windows-doors:subcategory:hume-newington-2040-x-820-xn5-7-13-clear:hume-newington-2040-x-820-xn5-7-13-clear,missing-product-library-candidate,Physical selectable or supplier product candidate.
quote-948,948,stage:lock-up,category:windows-doors,subcategory:hume-savoy-2040-x-1200-xs-26-clear-glaze,HUME SAVOY 2040 x 1200 (XS 26) CLEAR GLAZE,product,product:hume-savoy-2040-x-1200-xs-26-clear-glaze:hume-savoy-2040-x-1200-xs-26-clear-glaze,true,,,rule,product:category:windows-doors:subcategory:hume-savoy-2040-x-1200-xs-26-clear-glaze:hume-savoy-2040-x-1200-xs-26-clear-glaze,missing-product-library-candidate,Physical selectable or supplier product candidate.
quote-949,949,stage:lock-up,category:windows-doors,subcategory:hume-savoy-2040-x-1200-xs24-clear-glaze,HUME SAVOY 2040 x 1200 (XS24) CLEAR GLAZE,product,product:hume-savoy-2040-x-1200-xs24-clear-glaze:hume-savoy-2040-x-1200-xs24-clear-glaze,true,,,rule,product:category:windows-doors:subcategory:hume-savoy-2040-x-1200-xs24-clear-glaze:hume-savoy-2040-x-1200-xs24-clear-glaze,missing-product-library-candidate,Physical selectable or supplier product candidate.
quote-950,950,stage:lock-up,category:windows-doors,subcategory:hume-savoy-2040-x-820-xs11-12-clear-glaze,"HUME SAVOY 2040 x 820 (XS11,12) CLEAR GLAZE",product,product:hume-savoy-2040-x-820-xs11-12-clear-glaze:hume-savoy-2040-x-820-xs11-12-clear-glaze,true,,,rule,product:category:windows-doors:subcategory:hume-savoy-2040-x-820-xs11-12-clear-glaze:hume-savoy-2040-x-820-xs11-12-clear-glaze,missing-product-library-candidate,Physical selectable or supplier product candidate.
quote-951,951,stage:lock-up,category:windows-doors,subcategory:hume-savoy-2040-x-820-xs2,HUME SAVOY 2040 x 820 (XS2),product,product:hume-savoy-2040-x-820-xs2:hume-savoy-2040-x-820-xs2,true,,,rule,product:category:windows-doors:subcategory:hume-savoy-2040-x-820-xs2:hume-savoy-2040-x-820-xs2,missing-product-library-candidate,Physical selectable or supplier product candidate.
quote-952,952,stage:lock-up,category:windows-doors,subcategory:hume-savoy-2040-x-820-xs24-26-clear-glaze,"HUME SAVOY 2040 x 820 (XS24,26) CLEAR GLAZE",product,product:hume-savoy-2040-x-820-xs24-26-clear-glaze:hume-savoy-2040-x-820-xs24-26-clear-glaze,true,,,rule,product:category:windows-doors:subcategory:hume-savoy-2040-x-820-xs24-26-clear-glaze:hume-savoy-2040-x-820-xs24-26-clear-glaze,missing-product-library-candidate,Physical selectable or supplier product candidate.
quote-953,953,stage:lock-up,category:windows-doors,subcategory:hume-savoy-2040-x-820-xs3-clear-glaze,HUME SAVOY 2040 x 820 (XS3) CLEAR GLAZE,product,product:hume-savoy-2040-x-820-xs3-clear-glaze:hume-savoy-2040-x-820-xs3-clear-glaze,true,,,rule,product:category:windows-doors:subcategory:hume-savoy-2040-x-820-xs3-clear-glaze:hume-savoy-2040-x-820-xs3-clear-glaze,missing-product-library-candidate,Physical selectable or supplier product candidate.
quote-954,954,stage:lock-up,category:windows-doors,subcategory:hume-savoy-2340-x-1200-xs-26-clear-glaze,HUME SAVOY 2340 x 1200 (XS 26) CLEAR GLAZE,product,product:hume-savoy-2340-x-1200-xs-26-clear-glaze:hume-savoy-2340-x-1200-xs-26-clear-glaze,true,,,rule,product:category:windows-doors:subcategory:hume-savoy-2340-x-1200-xs-26-clear-glaze:hume-savoy-2340-x-1200-xs-26-clear-glaze,missing-product-library-candidate,Physical selectable or supplier product candidate.
quote-955,955,stage:lock-up,category:windows-doors,subcategory:hume-savoy-2340-x-1200-xs24-clear-glaze,HUME SAVOY 2340 X 1200 (XS24) CLEAR GLAZE,product,product:hume-savoy-2340-x-1200-xs24-clear-glaze:hume-savoy-2340-x-1200-xs24-clear-glaze,true,,,rule,product:category:windows-doors:subcategory:hume-savoy-2340-x-1200-xs24-clear-glaze:hume-savoy-2340-x-1200-xs24-clear-glaze,missing-product-library-candidate,Physical selectable or supplier product candidate.
quote-956,956,stage:lock-up,category:windows-doors,subcategory:hume-vaucluse-2040-x-820-xv1-10-14,"HUME VAUCLUSE 2040 x 820 (XV1, 10, 14)",product,product:hume-vaucluse-2040-x-820-xv1-10-14:hume-vaucluse-2040-x-820-xv1-10-14,true,,,rule,product:category:windows-doors:subcategory:hume-vaucluse-2040-x-820-xv1-10-14:hume-vaucluse-2040-x-820-xv1-10-14,missing-product-library-candidate,Physical selectable or supplier product candidate.
quote-958,958,stage:lock-up,category:windows-doors,subcategory:hume-820-x-35-exterior-flush-panel,HUME 820 x 35 EXTERIOR FLUSH PANEL,product,product:hume-820-x-35-exterior-flush-panel:hume-820-x-35-exterior-flush-panel,true,,,rule,product:category:windows-doors:subcategory:hume-820-x-35-exterior-flush-panel:hume-820-x-35-exterior-flush-panel,missing-product-library-candidate,Physical selectable or supplier product candidate.
quote-959,959,stage:lock-up,category:windows-doors,subcategory:hume-rc-door-with-1-3-glass-opening,HUME RC DOOR WITH 1/3 GLASS OPENING,product,product:hume-rc-door-with-1-3-glass-opening:hume-rc-door-with-1-3-glass-opening,true,,,rule,product:category:windows-doors:subcategory:hume-rc-door-with-1-3-glass-opening:hume-rc-door-with-1-3-glass-opening,missing-product-library-candidate,Physical selectable or supplier product candidate.
quote-962,962,stage:lock-up,category:windows-doors,subcategory:100mm-hirline-hinges,100mm HIRLINE HINGES,product,product:100mm-hirline-hinges:100mm-hirline-hinges,true,,,rule,product:category:windows-doors:subcategory:100mm-hirline-hinges:100mm-hirline-hinges,missing-product-library-candidate,Physical selectable or supplier product candidate.
quote-963,963,stage:lock-up,category:windows-doors,subcategory:gainsborough-sc-key-in-knob-entrace-set,GAINSBOROUGH SC KEY IN KNOB ENTRACE SET,product,product:gainsborough-sc-key-in-knob-entrace-set:gainsborough-sc-key-in-knob-entrace-set,true,,,rule,product:category:windows-doors:subcategory:gainsborough-sc-key-in-knob-entrace-set:gainsborough-sc-key-in-knob-entrace-set,missing-product-library-candidate,Physical selectable or supplier product candidate.
quote-964,964,stage:lock-up,category:windows-doors,subcategory:gainsborough-trilock,GAINSBOROUGH TRILOCK,product,product:gainsborough-trilock:gainsborough-trilock,true,,,rule,product:category:windows-doors:subcategory:gainsborough-trilock:gainsborough-trilock,missing-product-library-candidate,Physical selectable or supplier product candidate.
quote-965,965,stage:lock-up,category:cabinetry,subcategory:handles,600mm CHROME PULL HANDLES,product,product:handles:600mm-chrome-pull-handles,true,,,rule,product:category:cabinetry:subcategory:handles:600mm-chrome-pull-handles,missing-product-library-candidate,Physical selectable or supplier product candidate.
quote-966,966,stage:lock-up,category:windows-doors,subcategory:deadlock-and-spring-catch,DEADLOCK AND SPRING CATCH,product,product:deadlock-and-spring-catch:deadlock-and-spring-catch,true,,,rule,product:category:windows-doors:subcategory:deadlock-and-spring-catch:deadlock-and-spring-catch,missing-product-library-candidate,Physical selectable or supplier product candidate.
quote-967,967,stage:lock-up,category:windows-doors,subcategory:rp4-weather-seal,RP4 WEATHER SEAL,product,product:rp4-weather-seal:rp4-weather-seal,true,,,rule,product:category:windows-doors:subcategory:rp4-weather-seal:rp4-weather-seal,missing-product-library-candidate,Physical selectable or supplier product candidate.
quote-968,968,stage:lock-up,category:windows-doors,subcategory:double-rp4-weather-seal,DOUBLE RP4 WEATHER SEAL,product,product:double-rp4-weather-seal:double-rp4-weather-seal,true,,,rule,product:category:windows-doors:subcategory:double-rp4-weather-seal:double-rp4-weather-seal,missing-product-library-candidate,Physical selectable or supplier product candidate.
quote-1341,1341,stage:lock-up,category:windows-doors,subcategory:100mm-hirline-hinges,100mm HIRLINE HINGES,formula,,false,,,rule,,not-a-catalogue-record,Formula-driven quotation row.
quote-1342,1342,stage:lock-up,category:windows-doors,subcategory:25mm-x-6g-hinge-screws,25mm X 6g HINGE SCREWS,product,product:25mm-x-6g-hinge-screws:25mm-x-6g-hinge-screws,true,,,rule,product:category:windows-doors:subcategory:25mm-x-6g-hinge-screws:25mm-x-6g-hinge-screws,missing-product-library-candidate,Physical selectable or supplier product candidate.
quote-1343,1343,stage:lock-up,category:windows-doors,subcategory:fow-sliding-door-unit,FOW SLIDING DOOR UNIT,product,product:fow-sliding-door-unit:fow-sliding-door-unit,true,,,rule,product:category:windows-doors:subcategory:fow-sliding-door-unit:fow-sliding-door-unit,missing-product-library-candidate,Physical selectable or supplier product candidate.
quote-1344,1344,stage:lock-up,category:windows-doors,subcategory:cavity-sliding-door-unit,CAVITY SLIDING DOOR UNIT,product,product:cavity-sliding-door-unit:cavity-sliding-door-unit,true,,,rule,product:category:windows-doors:subcategory:cavity-sliding-door-unit:cavity-sliding-door-unit,missing-product-library-candidate,Physical selectable or supplier product candidate.
quote-1345,1345,stage:lock-up,category:windows-doors,subcategory:gainsborough-contractor-series-furniture,GAINSBOROUGH CONTRACTOR SERIES FURNITURE,product,product:gainsborough-contractor-series-furniture:gainsborough-contractor-series-furniture,true,,,rule,product:category:windows-doors:subcategory:gainsborough-contractor-series-furniture:gainsborough-contractor-series-furniture,missing-product-library-candidate,Physical selectable or supplier product candidate.
quote-1346,1346,stage:lock-up,category:windows-doors,subcategory:add-for-privacy-set,ADD FOR PRIVACY SET,product,product:add-for-privacy-set:add-for-privacy-set,true,,,rule,product:category:windows-doors:subcategory:add-for-privacy-set:add-for-privacy-set,missing-product-library-candidate,Physical selectable or supplier product candidate.
quote-1347,1347,stage:lock-up,category:cabinetry,subcategory:handles,SLIDING DOOR HANDLES,product,product:handles:sliding-door-handles,true,,,rule,product:category:cabinetry:subcategory:handles:sliding-door-handles,missing-product-library-candidate,Physical selectable or supplier product candidate.
quote-971,971,stage:lock-up,category:windows-doors,subcategory:garage-door-jamb-163-x-31-primied,GARAGE DOOR JAMB 163 X 31 PRIMIED,formula,,false,,,rule,,not-a-catalogue-record,Formula-driven quotation row.
quote-975,975,stage:lock-up,category:windows-doors,subcategory:quote,QUOTE,product,product:quote:quote,true,,,rule,product:category:windows-doors:subcategory:quote:quote,missing-product-library-candidate,Physical selectable or supplier product candidate.
quote-976,976,stage:lock-up,category:windows-doors,subcategory:colourbond-garage-door-2100-x-4800w,COLOURBOND GARAGE DOOR - 2100 X 4800w,product,product:colourbond-garage-door-2100-x-4800w:colourbond-garage-door-2100-x-4800w,true,,,rule,product:category:windows-doors:subcategory:colourbond-garage-door-2100-x-4800w:colourbond-garage-door-2100-x-4800w,missing-product-library-candidate,Physical selectable or supplier product candidate.
quote-977,977,stage:lock-up,category:windows-doors,subcategory:colourbond-garage-door-2400-x-4800w,COLOURBOND GARAGE DOOR - 2400 X 4800w,product,product:colourbond-garage-door-2400-x-4800w:colourbond-garage-door-2400-x-4800w,true,,,rule,product:category:windows-doors:subcategory:colourbond-garage-door-2400-x-4800w:colourbond-garage-door-2400-x-4800w,missing-product-library-candidate,Physical selectable or supplier product candidate.
quote-978,978,stage:lock-up,category:windows-doors,subcategory:colourbond-garage-door-2100-x-up-to-5450w,COLOURBOND GARAGE DOOR - 2100 X UP TO 5450w,product,product:colourbond-garage-door-2100-x-up-to-5450w:colourbond-garage-door-2100-x-up-to-5450w,true,,,rule,product:category:windows-doors:subcategory:colourbond-garage-door-2100-x-up-to-5450w:colourbond-garage-door-2100-x-up-to-5450w,missing-product-library-candidate,Physical selectable or supplier product candidate.
quote-979,979,stage:lock-up,category:windows-doors,subcategory:colourbond-garage-door-2400-x-up-to-5450w,COLOURBOND GARAGE DOOR - 2400 X UP TO 5450w,product,product:colourbond-garage-door-2400-x-up-to-5450w:colourbond-garage-door-2400-x-up-to-5450w,true,,,rule,product:category:windows-doors:subcategory:colourbond-garage-door-2400-x-up-to-5450w:colourbond-garage-door-2400-x-up-to-5450w,missing-product-library-candidate,Physical selectable or supplier product candidate.
quote-980,980,stage:lock-up,category:windows-doors,subcategory:colourbond-garage-door-2100-x-2400w,COLOURBOND GARAGE DOOR - 2100 X 2400w,product,product:colourbond-garage-door-2100-x-2400w:colourbond-garage-door-2100-x-2400w,true,,,rule,product:category:windows-doors:subcategory:colourbond-garage-door-2100-x-2400w:colourbond-garage-door-2100-x-2400w,missing-product-library-candidate,Physical selectable or supplier product candidate.
quote-981,981,stage:lock-up,category:windows-doors,subcategory:colourbond-garage-door-2400-x-2400w,COLOURBOND GARAGE DOOR - 2400 X 2400w,product,product:colourbond-garage-door-2400-x-2400w:colourbond-garage-door-2400-x-2400w,true,,,rule,product:category:windows-doors:subcategory:colourbond-garage-door-2400-x-2400w:colourbond-garage-door-2400-x-2400w,missing-product-library-candidate,Physical selectable or supplier product candidate.
quote-982,982,stage:lock-up,category:windows-doors,subcategory:colourbond-garage-door-2100-x-3000w,COLOURBOND GARAGE DOOR - 2100 X 3000w,product,product:colourbond-garage-door-2100-x-3000w:colourbond-garage-door-2100-x-3000w,true,,,rule,product:category:windows-doors:subcategory:colourbond-garage-door-2100-x-3000w:colourbond-garage-door-2100-x-3000w,missing-product-library-candidate,Physical selectable or supplier product candidate.
quote-983,983,stage:lock-up,category:windows-doors,subcategory:colourbond-garage-door-2400-x-3000w,COLOURBOND GARAGE DOOR - 2400 X 3000w,product,product:colourbond-garage-door-2400-x-3000w:colourbond-garage-door-2400-x-3000w,true,,,rule,product:category:windows-doors:subcategory:colourbond-garage-door-2400-x-3000w:colourbond-garage-door-2400-x-3000w,missing-product-library-candidate,Physical selectable or supplier product candidate.
quote-984,984,stage:lock-up,category:windows-doors,subcategory:garage-door-timber-look-upgrade,GARAGE DOOR - TIMBER LOOK UPGRADE,product,product:garage-door-timber-look-upgrade:garage-door-timber-look-upgrade,true,,,rule,product:category:windows-doors:subcategory:garage-door-timber-look-upgrade:garage-door-timber-look-upgrade,missing-product-library-candidate,Physical selectable or supplier product candidate.
quote-987,987,stage:lock-up,category:windows-doors,subcategory:colourbond-garage-door-2100-x-2500w,COLOURBOND GARAGE DOOR - 2100 X 2500w,product,product:colourbond-garage-door-2100-x-2500w:colourbond-garage-door-2100-x-2500w,true,,,rule,product:category:windows-doors:subcategory:colourbond-garage-door-2100-x-2500w:colourbond-garage-door-2100-x-2500w,missing-product-library-candidate,Physical selectable or supplier product candidate.
quote-988,988,stage:lock-up,category:windows-doors,subcategory:add-for-remote-opener,ADD FOR REMOTE OPENER,product,product:add-for-remote-opener:add-for-remote-opener,true,,,rule,product:category:windows-doors:subcategory:add-for-remote-opener:add-for-remote-opener,missing-product-library-candidate,Physical selectable or supplier product candidate.
quote-1069,1069,stage:unassigned,category:equipment-hire,subcategory:plant-hire,ITEM,estimating-item,estimating:plant-hire:item,false,,,rule,estimating-item:category:equipment-hire:subcategory:plant-hire:item,missing-estimating-catalogue-candidate,"Labour, plant, fee, service, or construction resource candidate."
quote-1071,1071,stage:base,category:slab,subcategory:plant-hire,CONCRETE SCREED,estimating-item,estimating:plant-hire:concrete-screed,false,,,rule,estimating-item:category:slab:subcategory:plant-hire:concrete-screed,missing-estimating-catalogue-candidate,"Labour, plant, fee, service, or construction resource candidate."
quote-1072,1072,stage:unassigned,category:equipment-hire,subcategory:plant-hire,HELICOPTER TROWELL,estimating-item,estimating:plant-hire:helicopter-trowell,false,,,rule,estimating-item:category:equipment-hire:subcategory:plant-hire:helicopter-trowell,missing-estimating-catalogue-candidate,"Labour, plant, fee, service, or construction resource candidate."
quote-1073,1073,stage:unassigned,category:equipment-hire,subcategory:plant-hire,ACROW PROPS,formula,,false,,,rule,,not-a-catalogue-record,Formula-driven quotation row.
quote-1074,1074,stage:unassigned,category:equipment-hire,subcategory:plant-hire,JACK HAMMER,estimating-item,estimating:plant-hire:jack-hammer,false,,,rule,estimating-item:category:equipment-hire:subcategory:plant-hire:jack-hammer,missing-estimating-catalogue-candidate,"Labour, plant, fee, service, or construction resource candidate."
quote-1075,1075,stage:unassigned,category:equipment-hire,subcategory:plant-hire,BOBCAT - DRILL PIER HOLES,estimating-item,estimating:plant-hire:bobcat-drill-pier-holes,false,,,rule,estimating-item:category:equipment-hire:subcategory:plant-hire:bobcat-drill-pier-holes,missing-estimating-catalogue-candidate,"Labour, plant, fee, service, or construction resource candidate."
quote-1076,1076,stage:base,category:slab,subcategory:plant-hire,CONCRETE PUMP,estimating-item,estimating:plant-hire:concrete-pump,false,,,rule,estimating-item:category:slab:subcategory:plant-hire:concrete-pump,missing-estimating-catalogue-candidate,"Labour, plant, fee, service, or construction resource candidate."
quote-1077,1077,stage:unassigned,category:equipment-hire,subcategory:plant-hire,WET SAW,estimating-item,estimating:plant-hire:wet-saw,false,,,rule,estimating-item:category:equipment-hire:subcategory:plant-hire:wet-saw,missing-estimating-catalogue-candidate,"Labour, plant, fee, service, or construction resource candidate."
quote-1078,1078,stage:unassigned,category:equipment-hire,subcategory:plant-hire,SCAFFOLDING,estimating-item,estimating:plant-hire:scaffolding,false,,,rule,estimating-item:category:equipment-hire:subcategory:plant-hire:scaffolding,missing-estimating-catalogue-candidate,"Labour, plant, fee, service, or construction resource candidate."
quote-1079,1079,stage:unassigned,category:equipment-hire,subcategory:plant-hire,SCAFFOLDING DELIVERY,estimating-item,estimating:plant-hire:scaffolding-delivery,false,,,rule,estimating-item:category:equipment-hire:subcategory:plant-hire:scaffolding-delivery,missing-estimating-catalogue-candidate,"Labour, plant, fee, service, or construction resource candidate."
quote-1080,1080,stage:unassigned,category:equipment-hire,subcategory:plant-hire,SCAFFOLDING ERECTION,estimating-item,estimating:plant-hire:scaffolding-erection,false,,,rule,estimating-item:category:equipment-hire:subcategory:plant-hire:scaffolding-erection,missing-estimating-catalogue-candidate,"Labour, plant, fee, service, or construction resource candidate."
quote-1081,1081,stage:unassigned,category:equipment-hire,subcategory:plant-hire,GUARD RAILS SUPPLY AND INSTALL,estimating-item,estimating:plant-hire:guard-rails-supply-and-install,false,,,rule,estimating-item:category:equipment-hire:subcategory:plant-hire:guard-rails-supply-and-install,missing-estimating-catalogue-candidate,"Labour, plant, fee, service, or construction resource candidate."
quote-1082,1082,stage:base,category:slab,subcategory:plant-hire,CONCRETE VIBRATOR,estimating-item,estimating:plant-hire:concrete-vibrator,false,,,rule,estimating-item:category:slab:subcategory:plant-hire:concrete-vibrator,missing-estimating-catalogue-candidate,"Labour, plant, fee, service, or construction resource candidate."
quote-1083,1083,stage:unassigned,category:electrical,subcategory:plant-hire,POWER POLE INSTALL,estimating-item,estimating:plant-hire:power-pole-install,false,,,rule,estimating-item:category:electrical:subcategory:plant-hire:power-pole-install,missing-estimating-catalogue-candidate,"Labour, plant, fee, service, or construction resource candidate."
quote-1084,1084,stage:unassigned,category:electrical,subcategory:plant-hire,POWER POLE,estimating-item,estimating:plant-hire:power-pole,false,,,rule,estimating-item:category:electrical:subcategory:plant-hire:power-pole,missing-estimating-catalogue-candidate,"Labour, plant, fee, service, or construction resource candidate."
quote-1085,1085,stage:unassigned,category:plumbing-fixtures,subcategory:toilets,CHEMICAL TOILET TRANSPORT BOTH WAYS,estimating-item,estimating:toilets:chemical-toilet-transport-both-ways,false,,,rule,estimating-item:category:plumbing-fixtures:subcategory:toilets:chemical-toilet-transport-both-ways,missing-estimating-catalogue-candidate,"Labour, plant, fee, service, or construction resource candidate."
quote-1086,1086,stage:unassigned,category:plumbing-fixtures,subcategory:toilets,CHEMICAL TOILET,estimating-item,estimating:toilets:chemical-toilet,false,,,rule,estimating-item:category:plumbing-fixtures:subcategory:toilets:chemical-toilet,missing-estimating-catalogue-candidate,"Labour, plant, fee, service, or construction resource candidate."
quote-1087,1087,stage:unassigned,category:equipment-hire,subcategory:plant-hire,SKIP BINS,estimating-item,estimating:plant-hire:skip-bins,false,,,rule,estimating-item:category:equipment-hire:subcategory:plant-hire:skip-bins,missing-estimating-catalogue-candidate,"Labour, plant, fee, service, or construction resource candidate."
quote-1091,1091,stage:lock-up,category:external-cladding,subcategory:item,ITEM,product,product:item:item,true,,,rule,product:category:external-cladding:subcategory:item:item,missing-product-library-candidate,Physical selectable or supplier product candidate.
quote-1093,1093,stage:lock-up,category:external-cladding,subcategory:face-bricks-base-range,FACE BRICKS - BASE RANGE,product,product:face-bricks-base-range:face-bricks-base-range,true,,,rule,product:category:external-cladding:subcategory:face-bricks-base-range:face-bricks-base-range,missing-product-library-candidate,Physical selectable or supplier product candidate.
quote-1094,1094,stage:lock-up,category:external-cladding,subcategory:face-bricks-mid-range,FACE BRICKS - MID RANGE,product,product:face-bricks-mid-range:face-bricks-mid-range,true,,,rule,product:category:external-cladding:subcategory:face-bricks-mid-range:face-bricks-mid-range,missing-product-library-candidate,Physical selectable or supplier product candidate.
quote-1095,1095,stage:lock-up,category:external-cladding,subcategory:common-bricks-for-rendering,COMMON BRICKS FOR RENDERING,formula,,false,,,rule,,not-a-catalogue-record,Formula-driven quotation row.
quote-1096,1096,stage:lock-up,category:external-cladding,subcategory:common-single-heights,COMMON SINGLE HEIGHTS,product,product:common-single-heights:common-single-heights,true,,,rule,product:category:external-cladding:subcategory:common-single-heights:common-single-heights,missing-product-library-candidate,Physical selectable or supplier product candidate.
quote-1097,1097,stage:lock-up,category:external-cladding,subcategory:common-twin-heights,COMMON TWIN HEIGHTS,product,product:common-twin-heights:common-twin-heights,true,,,rule,product:category:external-cladding:subcategory:common-twin-heights:common-twin-heights,missing-product-library-candidate,Physical selectable or supplier product candidate.
quote-1098,1098,stage:lock-up,category:external-cladding,subcategory:add-bricks-for-piers-etc,ADD BRICKS FOR PIERS ETC,product,product:add-bricks-for-piers-etc:add-bricks-for-piers-etc,true,,,rule,product:category:external-cladding:subcategory:add-bricks-for-piers-etc:add-bricks-for-piers-etc,missing-product-library-candidate,Physical selectable or supplier product candidate.
quote-1099,1099,stage:lock-up,category:external-cladding,subcategory:add-bricks-for-sills,ADD BRICKS FOR SILLS,product,product:add-bricks-for-sills:add-bricks-for-sills,true,,,rule,product:category:external-cladding:subcategory:add-bricks-for-sills:add-bricks-for-sills,missing-product-library-candidate,Physical selectable or supplier product candidate.
quote-1100,1100,stage:lock-up,category:external-cladding,subcategory:200-series-blocks,200 SERIES BLOCKS,product,product:200-series-blocks:200-series-blocks,true,,,rule,product:category:external-cladding:subcategory:200-series-blocks:200-series-blocks,missing-product-library-candidate,Physical selectable or supplier product candidate.
quote-1101,1101,stage:lock-up,category:external-cladding,subcategory:200-series-blocks-3-4-blocks,200 SERIES BLOCKS 3/4 BLOCKS,product,product:200-series-blocks-3-4-blocks:200-series-blocks-3-4-blocks,true,,,rule,product:category:external-cladding:subcategory:200-series-blocks-3-4-blocks:200-series-blocks-3-4-blocks,missing-product-library-candidate,Physical selectable or supplier product candidate.
quote-1102,1102,stage:lock-up,category:external-cladding,subcategory:200-series-blocks-halve-blocks,200 SERIES BLOCKS - HALVE BLOCKS,product,product:200-series-blocks-halve-blocks:200-series-blocks-halve-blocks,true,,,rule,product:category:external-cladding:subcategory:200-series-blocks-halve-blocks:200-series-blocks-halve-blocks,missing-product-library-candidate,Physical selectable or supplier product candidate.
quote-1103,1103,stage:lock-up,category:external-cladding,subcategory:mortar-mix-sand-cement-etc,"MORTAR MIX (SAND, CEMENT ETC.)",product,product:mortar-mix-sand-cement-etc:mortar-mix-sand-cement-etc,true,,,rule,product:category:external-cladding:subcategory:mortar-mix-sand-cement-etc:mortar-mix-sand-cement-etc,missing-product-library-candidate,Physical selectable or supplier product candidate.
quote-1104,1104,stage:lock-up,category:external-cladding,subcategory:m12-rod,M12 ROD,product,product:m12-rod:m12-rod,true,,,rule,product:category:external-cladding:subcategory:m12-rod:m12-rod,missing-product-library-candidate,Physical selectable or supplier product candidate.
quote-1105,1105,stage:base,category:external-cladding,subcategory:blockwork-core-fill-concrete,BLOCKWORK CORE FILL CONCRETE,formula,,false,,,rule,,not-a-catalogue-record,Formula-driven quotation row.
quote-1106,1106,stage:lock-up,category:external-cladding,subcategory:bricky-hardware,BRICKY HARDWARE,product,product:bricky-hardware:bricky-hardware,true,,,rule,product:category:external-cladding:subcategory:bricky-hardware:bricky-hardware,missing-product-library-candidate,Physical selectable or supplier product candidate.
quote-307,307,stage:lock-up,category:external-cladding,subcategory:labour,BRICKLAYER,estimating-item,estimating:labour:bricklayer,false,,,rule,estimating-item:category:external-cladding:subcategory:labour:bricklayer,missing-estimating-catalogue-candidate,"Labour, plant, fee, service, or construction resource candidate."
quote-308,308,stage:lock-up,category:external-cladding,subcategory:labour,BLOCKLAYER - LABOUR,estimating-item,estimating:labour:blocklayer-labour,false,,,rule,estimating-item:category:external-cladding:subcategory:labour:blocklayer-labour,missing-estimating-catalogue-candidate,"Labour, plant, fee, service, or construction resource candidate."
quote-309,309,stage:lock-up,category:external-cladding,subcategory:labour,PIERS,estimating-item,estimating:labour:piers,false,,,rule,estimating-item:category:external-cladding:subcategory:labour:piers,missing-estimating-catalogue-candidate,"Labour, plant, fee, service, or construction resource candidate."
quote-310,310,stage:base,category:external-cladding,subcategory:labour,CONCRETE PUMP,estimating-item,estimating:labour:concrete-pump,false,,,rule,estimating-item:category:external-cladding:subcategory:labour:concrete-pump,missing-estimating-catalogue-candidate,"Labour, plant, fee, service, or construction resource candidate."
quote-311,311,stage:lock-up,category:external-cladding,subcategory:labour,CORE FILLING BLOCKWORK,estimating-item,estimating:labour:core-filling-blockwork,false,,,rule,estimating-item:category:external-cladding:subcategory:labour:core-filling-blockwork,missing-estimating-catalogue-candidate,"Labour, plant, fee, service, or construction resource candidate."
quote-1110,1110,stage:lock-up,category:external-cladding,subcategory:labour,BRICKLAYER SINGLE HEIGHT,estimating-item,estimating:labour:bricklayer-single-height,false,,,rule,estimating-item:category:external-cladding:subcategory:labour:bricklayer-single-height,missing-estimating-catalogue-candidate,"Labour, plant, fee, service, or construction resource candidate."
quote-1111,1111,stage:lock-up,category:external-cladding,subcategory:labour,BRICKLAYER DOUBLE HEIGHTS,estimating-item,estimating:labour:bricklayer-double-heights,false,,,rule,estimating-item:category:external-cladding:subcategory:labour:bricklayer-double-heights,missing-estimating-catalogue-candidate,"Labour, plant, fee, service, or construction resource candidate."
quote-1112,1112,stage:lock-up,category:external-cladding,subcategory:labour,BRICK SILLS,formula,,false,,,rule,,not-a-catalogue-record,Formula-driven quotation row.
quote-1113,1113,stage:lock-up,category:external-cladding,subcategory:labour,BLOCKLAYER - LABOUR,estimating-item,estimating:labour:blocklayer-labour,false,,,rule,estimating-item:category:external-cladding:subcategory:labour:blocklayer-labour,missing-estimating-catalogue-candidate,"Labour, plant, fee, service, or construction resource candidate."
quote-1114,1114,stage:lock-up,category:external-cladding,subcategory:labour,PIERS,estimating-item,estimating:labour:piers,false,,,rule,estimating-item:category:external-cladding:subcategory:labour:piers,missing-estimating-catalogue-candidate,"Labour, plant, fee, service, or construction resource candidate."
quote-1115,1115,stage:base,category:external-cladding,subcategory:labour,CONCRETE PUMP,estimating-item,estimating:labour:concrete-pump,false,,,rule,estimating-item:category:external-cladding:subcategory:labour:concrete-pump,missing-estimating-catalogue-candidate,"Labour, plant, fee, service, or construction resource candidate."
quote-1116,1116,stage:lock-up,category:external-cladding,subcategory:labour,CORE FILLING BLOCKWORK,estimating-item,estimating:labour:core-filling-blockwork,false,,,rule,estimating-item:category:external-cladding:subcategory:labour:core-filling-blockwork,missing-estimating-catalogue-candidate,"Labour, plant, fee, service, or construction resource candidate."
quote-1120,1120,stage:unassigned,category:external-cladding,subcategory:item,ITEM,unresolved,,false,,,unresolved,,requires-review,Insufficient deterministic evidence for automatic classification.
quote-1122,1122,stage:unassigned,category:external-cladding,subcategory:render-quoted-price,RENDER QUOTED PRICE,unresolved,,false,,,unresolved,,requires-review,Insufficient deterministic evidence for automatic classification.
quote-1126,1126,stage:unassigned,category:external-cladding,subcategory:add-extra-area-for-piers-etc,ADD EXTRA AREA FOR PIERS ETC,unresolved,,false,,,unresolved,,requires-review,Insufficient deterministic evidence for automatic classification.
quote-1127,1127,stage:unassigned,category:external-cladding,subcategory:add-for-sills,ADD FOR SILLS,formula,,false,,,rule,,not-a-catalogue-record,Formula-driven quotation row.
quote-1141,1141,stage:lock-up,category:external-cladding,subcategory:labour,INSTALL SANDCOAT SYSTEM OVER BRICK,assembly,assembly:labour:install-sandcoat-system-over-brick,false,,,rule,assembly:category:external-cladding:subcategory:labour:install-sandcoat-system-over-brick,requires-assembly-model,Likely product plus installation/resource assembly.
quote-1142,1142,stage:unassigned,category:external-cladding,subcategory:labour,INSTALL SANDCOAT SYSTEM OVER FOAM,estimating-item,estimating:labour:install-sandcoat-system-over-foam,false,,,rule,estimating-item:category:external-cladding:subcategory:labour:install-sandcoat-system-over-foam,missing-estimating-catalogue-candidate,"Labour, plant, fee, service, or construction resource candidate."
quote-1143,1143,stage:lock-up,category:external-cladding,subcategory:labour,INSTALL SPONGE FINISH OVER BRICK,assembly,assembly:labour:install-sponge-finish-over-brick,false,,,rule,assembly:category:external-cladding:subcategory:labour:install-sponge-finish-over-brick,requires-assembly-model,Likely product plus installation/resource assembly.
quote-1144,1144,stage:unassigned,category:external-cladding,subcategory:labour,INSTALL ARMOURCOAT,estimating-item,estimating:labour:install-armourcoat,false,,,rule,estimating-item:category:external-cladding:subcategory:labour:install-armourcoat,missing-estimating-catalogue-candidate,"Labour, plant, fee, service, or construction resource candidate."
quote-1145,1145,stage:unassigned,category:external-cladding,subcategory:labour,INSTALL SPONGE FINISH OVER BLUEBOARD,estimating-item,estimating:labour:install-sponge-finish-over-blueboard,false,,,rule,estimating-item:category:external-cladding:subcategory:labour:install-sponge-finish-over-blueboard,missing-estimating-catalogue-candidate,"Labour, plant, fee, service, or construction resource candidate."
quote-1146,1146,stage:unassigned,category:external-cladding,subcategory:labour,INSTALL Q/RENDER BASE COAT,estimating-item,estimating:labour:install-q-render-base-coat,false,,,rule,estimating-item:category:external-cladding:subcategory:labour:install-q-render-base-coat,missing-estimating-catalogue-candidate,"Labour, plant, fee, service, or construction resource candidate."
quote-1147,1147,stage:unassigned,category:external-cladding,subcategory:labour,APPLY SANDCOAT PRIMER,estimating-item,estimating:labour:apply-sandcoat-primer,false,,,rule,estimating-item:category:external-cladding:subcategory:labour:apply-sandcoat-primer,missing-estimating-catalogue-candidate,"Labour, plant, fee, service, or construction resource candidate."
quote-1148,1148,stage:unassigned,category:external-cladding,subcategory:labour,APPLY SANDCOAT TOP COAT,estimating-item,estimating:labour:apply-sandcoat-top-coat,false,,,rule,estimating-item:category:external-cladding:subcategory:labour:apply-sandcoat-top-coat,missing-estimating-catalogue-candidate,"Labour, plant, fee, service, or construction resource candidate."
quote-1149,1149,stage:unassigned,category:external-cladding,subcategory:labour,APPLY CLEARCOAT OVER SANDCOAT RENDER,estimating-item,estimating:labour:apply-clearcoat-over-sandcoat-render,false,,,rule,estimating-item:category:external-cladding:subcategory:labour:apply-clearcoat-over-sandcoat-render,missing-estimating-catalogue-candidate,"Labour, plant, fee, service, or construction resource candidate."
quote-1150,1150,stage:unassigned,category:external-cladding,subcategory:labour,APPLY BEADS AND SET JOINS ON BLUEBOARD,estimating-item,estimating:labour:apply-beads-and-set-joins-on-blueboard,false,,,rule,estimating-item:category:external-cladding:subcategory:labour:apply-beads-and-set-joins-on-blueboard,missing-estimating-catalogue-candidate,"Labour, plant, fee, service, or construction resource candidate."
quote-1151,1151,stage:unassigned,category:external-cladding,subcategory:labour,SPONGE FINISH POLYMER ON BLUEBOARD,estimating-item,estimating:labour:sponge-finish-polymer-on-blueboard,false,,,rule,estimating-item:category:external-cladding:subcategory:labour:sponge-finish-polymer-on-blueboard,missing-estimating-catalogue-candidate,"Labour, plant, fee, service, or construction resource candidate."
quote-1152,1152,stage:lock-up,category:external-cladding,subcategory:labour,BASE COAT & MESH TO FOAM CLADDING,estimating-item,estimating:labour:base-coat-and-mesh-to-foam-cladding,false,,,rule,estimating-item:category:external-cladding:subcategory:labour:base-coat-and-mesh-to-foam-cladding,missing-estimating-catalogue-candidate,"Labour, plant, fee, service, or construction resource candidate."
quote-1153,1153,stage:lock-up,category:external-cladding,subcategory:labour,SPONGE FINISH FOAM CLADDING,estimating-item,estimating:labour:sponge-finish-foam-cladding,false,,,rule,estimating-item:category:external-cladding:subcategory:labour:sponge-finish-foam-cladding,missing-estimating-catalogue-candidate,"Labour, plant, fee, service, or construction resource candidate."
quote-1154,1154,stage:unassigned,category:external-cladding,subcategory:labour,APPLY ARMOURCOAT,estimating-item,estimating:labour:apply-armourcoat,false,,,rule,estimating-item:category:external-cladding:subcategory:labour:apply-armourcoat,missing-estimating-catalogue-candidate,"Labour, plant, fee, service, or construction resource candidate."
quote-1157,1157,stage:lock-up,category:external-cladding,subcategory:lineal-blockwork,LINEAL BLOCKWORK,unresolved,,false,,,unresolved,,requires-review,Insufficient deterministic evidence for automatic classification.
quote-1158,1158,stage:unassigned,category:external-cladding,subcategory:render-blueboard,RENDER BLUEBOARD,unresolved,,false,,,unresolved,,requires-review,Insufficient deterministic evidence for automatic classification.
quote-1159,1159,stage:unassigned,category:external-cladding,subcategory:bag-rendering,BAG RENDERING,unresolved,,false,,,unresolved,,requires-review,Insufficient deterministic evidence for automatic classification.
quote-1160,1160,stage:lock-up,category:external-cladding,subcategory:render-brickwork,RENDER BRICKWORK,product,product:render-brickwork:render-brickwork,true,,,rule,product:category:external-cladding:subcategory:render-brickwork:render-brickwork,missing-product-library-candidate,Physical selectable or supplier product candidate.
quote-1161,1161,stage:lock-up,category:external-cladding,subcategory:lineal-brickwork,LINEAL BRICKWORK,product,product:lineal-brickwork:lineal-brickwork,true,,,rule,product:category:external-cladding:subcategory:lineal-brickwork:lineal-brickwork,missing-product-library-candidate,Physical selectable or supplier product candidate.
quote-1162,1162,stage:unassigned,category:external-cladding,subcategory:render-exin-panel,RENDER EXIN PANEL,unresolved,,false,,,unresolved,,requires-review,Insufficient deterministic evidence for automatic classification.
quote-1163,1163,stage:unassigned,category:external-cladding,subcategory:exin-set-joins-only,EXIN - SET JOINS ONLY,unresolved,,false,,,unresolved,,requires-review,Insufficient deterministic evidence for automatic classification.
quote-1164,1164,stage:unassigned,category:external-cladding,subcategory:lineal-exin-panel,LINEAL EXIN PANEL,unresolved,,false,,,unresolved,,requires-review,Insufficient deterministic evidence for automatic classification.
quote-1165,1165,stage:unassigned,category:external-cladding,subcategory:hourly-rate,HOURLY RATE,unresolved,,false,,,unresolved,,requires-review,Insufficient deterministic evidence for automatic classification.
quote-30010,30010,stage:unassigned,category:insulation,subcategory:r-1-5-batts-to-ceilings,R 1.5 Batts to Ceilings,unresolved,,false,,,unresolved,,requires-review,Insufficient deterministic evidence for automatic classification.
quote-30011,30011,stage:unassigned,category:insulation,subcategory:r-2-5-batts-to-ceilings,R 2.5 Batts to Ceilings,unresolved,,false,,,unresolved,,requires-review,Insufficient deterministic evidence for automatic classification.
quote-30012,30012,stage:unassigned,category:insulation,subcategory:r4-8-batts-to-ceilings,R4.8 Batts to Ceilings,unresolved,,false,,,unresolved,,requires-review,Insufficient deterministic evidence for automatic classification.
quote-30013,30013,stage:unassigned,category:insulation,subcategory:r-1-5-batts-to-walls,R 1.5 Batts to Walls,unresolved,,false,,,unresolved,,requires-review,Insufficient deterministic evidence for automatic classification.
quote-30014,30014,stage:unassigned,category:insulation,subcategory:r-2-5-batts-to-walls,R 2.5 Batts to Walls,unresolved,,false,,,unresolved,,requires-review,Insufficient deterministic evidence for automatic classification.
quote-30015,30015,stage:unassigned,category:insulation,subcategory:sisalation-60m-roll,Sisalation 60m Roll,unresolved,,false,,,unresolved,,requires-review,Insufficient deterministic evidence for automatic classification.
quote-30016,30016,stage:unassigned,category:insulation,subcategory:breather-sialation-60m-roll,Breather Sialation 60m Roll,unresolved,,false,,,unresolved,,requires-review,Insufficient deterministic evidence for automatic classification.
quote-30017,30017,stage:unassigned,category:insulation,subcategory:sialation-installed-price,Sialation Installed price,estimating-item,estimating:sialation-installed-price:sialation-installed-price,false,,,rule,estimating-item:category:insulation:subcategory:sialation-installed-price:sialation-installed-price,missing-estimating-catalogue-candidate,"Labour, plant, fee, service, or construction resource candidate."
quote-30018,30018,stage:unassigned,category:insulation,subcategory:breather-sisaltion-installed-price,Breather Sisaltion Installed Price,estimating-item,estimating:breather-sisaltion-installed-price:breather-sisaltion-installed-price,false,,,rule,estimating-item:category:insulation:subcategory:breather-sisaltion-installed-price:breather-sisaltion-installed-price,missing-estimating-catalogue-candidate,"Labour, plant, fee, service, or construction resource candidate."
quote-30025,30025,stage:unassigned,category:insulation,subcategory:sialation-installed-price-ground-level,Sialation Installed price - Ground Level,estimating-item,estimating:sialation-installed-price-ground-level:sialation-installed-price-ground-level,false,,,rule,estimating-item:category:insulation:subcategory:sialation-installed-price-ground-level:sialation-installed-price-ground-level,missing-estimating-catalogue-candidate,"Labour, plant, fee, service, or construction resource candidate."
quote-30026,30026,stage:unassigned,category:insulation,subcategory:sialation-installed-price-second-level,Sialation Installed price - Second Level,estimating-item,estimating:sialation-installed-price-second-level:sialation-installed-price-second-level,false,,,rule,estimating-item:category:insulation:subcategory:sialation-installed-price-second-level:sialation-installed-price-second-level,missing-estimating-catalogue-candidate,"Labour, plant, fee, service, or construction resource candidate."
quote-30027,30027,stage:unassigned,category:insulation,subcategory:sialation-installed-price-third-level,Sialation Installed price - Third Level,estimating-item,estimating:sialation-installed-price-third-level:sialation-installed-price-third-level,false,,,rule,estimating-item:category:insulation:subcategory:sialation-installed-price-third-level:sialation-installed-price-third-level,missing-estimating-catalogue-candidate,"Labour, plant, fee, service, or construction resource candidate."
quote-30028,30028,stage:unassigned,category:insulation,subcategory:breather-sisaltion-installed-price-ground-level,Breather Sisaltion Installed Price - Ground Level,estimating-item,estimating:breather-sisaltion-installed-price-ground-level:breather-sisaltion-installed-price-ground-level,false,,,rule,estimating-item:category:insulation:subcategory:breather-sisaltion-installed-price-ground-level:breather-sisaltion-installed-price-ground-level,missing-estimating-catalogue-candidate,"Labour, plant, fee, service, or construction resource candidate."
quote-30029,30029,stage:unassigned,category:insulation,subcategory:breather-sisaltion-installed-price-second-level,Breather Sisaltion Installed Price - Second Level,estimating-item,estimating:breather-sisaltion-installed-price-second-level:breather-sisaltion-installed-price-second-level,false,,,rule,estimating-item:category:insulation:subcategory:breather-sisaltion-installed-price-second-level:breather-sisaltion-installed-price-second-level,missing-estimating-catalogue-candidate,"Labour, plant, fee, service, or construction resource candidate."
quote-30030,30030,stage:unassigned,category:insulation,subcategory:breather-sisaltion-installed-price-third-level,Breather Sisaltion Installed Price - Third Level,estimating-item,estimating:breather-sisaltion-installed-price-third-level:breather-sisaltion-installed-price-third-level,false,,,rule,estimating-item:category:insulation:subcategory:breather-sisaltion-installed-price-third-level:breather-sisaltion-installed-price-third-level,missing-estimating-catalogue-candidate,"Labour, plant, fee, service, or construction resource candidate."
quote-30031,30031,stage:unassigned,category:insulation,subcategory:install-wall-batts-ground-level,Install Wall Batts - Ground Level,estimating-item,estimating:install-wall-batts-ground-level:install-wall-batts-ground-level,false,,,rule,estimating-item:category:insulation:subcategory:install-wall-batts-ground-level:install-wall-batts-ground-level,missing-estimating-catalogue-candidate,"Labour, plant, fee, service, or construction resource candidate."
quote-30032,30032,stage:unassigned,category:insulation,subcategory:install-wall-batts-second-level,Install Wall Batts - Second Level,estimating-item,estimating:install-wall-batts-second-level:install-wall-batts-second-level,false,,,rule,estimating-item:category:insulation:subcategory:install-wall-batts-second-level:install-wall-batts-second-level,missing-estimating-catalogue-candidate,"Labour, plant, fee, service, or construction resource candidate."
quote-30033,30033,stage:unassigned,category:insulation,subcategory:install-wall-batts-third-level,Install Wall Batts - Third Level,estimating-item,estimating:install-wall-batts-third-level:install-wall-batts-third-level,false,,,rule,estimating-item:category:insulation:subcategory:install-wall-batts-third-level:install-wall-batts-third-level,missing-estimating-catalogue-candidate,"Labour, plant, fee, service, or construction resource candidate."
quote-1168,1168,stage:unassigned,category:insulation,subcategory:item,ITEM,unresolved,,false,,,unresolved,,requires-review,Insufficient deterministic evidence for automatic classification.
quote-1170,1170,stage:unassigned,category:insulation,subcategory:insulation-quote,INSULATION QUOTE,formula,,false,,,rule,,not-a-catalogue-record,Formula-driven quotation row.
quote-1172,1172,stage:unassigned,category:insulation,subcategory:r1-5-insulco-fat-batts-9-0m2-bag,R1.5 INSULCO FAT BATTS (9.0m2 Bag),unresolved,,false,,,unresolved,,requires-review,Insufficient deterministic evidence for automatic classification.
quote-1173,1173,stage:unassigned,category:insulation,subcategory:sisalation-med-weight-60m,SISALATION - MED WEIGHT - 60m,unresolved,,false,,,unresolved,,requires-review,Insufficient deterministic evidence for automatic classification.
quote-1174,1174,stage:unassigned,category:insulation,subcategory:delivery,DELIVERY,unresolved,,false,,,unresolved,,requires-review,Insufficient deterministic evidence for automatic classification.
quote-1178,1178,stage:fix-out,category:plumbing-fixtures,subcategory:item,ITEM,unresolved,,false,,,unresolved,,requires-review,Insufficient deterministic evidence for automatic classification.
quote-1180,1180,stage:fix-out,category:plumbing-fixtures,subcategory:plumbing-and-drainage-quote,PLUMBING & DRAINAGE - QUOTE,unresolved,,false,,,unresolved,,requires-review,Insufficient deterministic evidence for automatic classification.
quote-1181,1181,stage:fix-out,category:plumbing-fixtures,subcategory:general-plumbing,GENERAL PLUMBING,unresolved,,false,,,unresolved,,requires-review,Insufficient deterministic evidence for automatic classification.
quote-1182,1182,stage:fix-out,category:plumbing-fixtures,subcategory:toilets,TOILET,product,product:toilets:toilet,true,,,rule,product:category:plumbing-fixtures:subcategory:toilets:toilet,missing-product-library-candidate,Physical selectable or supplier product candidate.
quote-1183,1183,stage:fix-out,category:plumbing-fixtures,subcategory:showers,SHOWER,product,product:showers:shower,true,,,rule,product:category:plumbing-fixtures:subcategory:showers:shower,missing-product-library-candidate,Physical selectable or supplier product candidate.
quote-1184,1184,stage:fix-out,category:plumbing-fixtures,subcategory:basins,BASIN,product,product:basins:basin,true,,,rule,product:category:plumbing-fixtures:subcategory:basins:basin,missing-product-library-candidate,Physical selectable or supplier product candidate.
quote-1185,1185,stage:fix-out,category:plumbing-fixtures,subcategory:kitchen-sink,KITCHEN SINK,product,product:kitchen-sink:kitchen-sink,true,,,rule,product:category:plumbing-fixtures:subcategory:kitchen-sink:kitchen-sink,missing-product-library-candidate,Physical selectable or supplier product candidate.
quote-1186,1186,stage:fix-out,category:plumbing-fixtures,subcategory:baths,BATH,product,product:baths:bath,true,,,rule,product:category:plumbing-fixtures:subcategory:baths:bath,missing-product-library-candidate,Physical selectable or supplier product candidate.
quote-1187,1187,stage:fix-out,category:plumbing-fixtures,subcategory:laundry-trough,LAUNDRY TROUGH,unresolved,,false,,,unresolved,,requires-review,Insufficient deterministic evidence for automatic classification.
quote-1188,1188,stage:fix-out,category:plumbing-fixtures,subcategory:gas-hws,GAS HWS,unresolved,,false,,,unresolved,,requires-review,Insufficient deterministic evidence for automatic classification.
quote-1189,1189,stage:fix-out,category:plumbing-fixtures,subcategory:washing-machine,WASHING MACHINE,unresolved,,false,,,unresolved,,requires-review,Insufficient deterministic evidence for automatic classification.
quote-1190,1190,stage:fix-out,category:plumbing-fixtures,subcategory:tapware,GARDEN TAPS,product,product:tapware:garden-taps,true,,,rule,product:category:plumbing-fixtures:subcategory:tapware:garden-taps,missing-product-library-candidate,Physical selectable or supplier product candidate.
quote-1191,1191,stage:fix-out,category:plumbing-fixtures,subcategory:down-pipes,DOWN PIPES,unresolved,,false,,,unresolved,,requires-review,Insufficient deterministic evidence for automatic classification.
quote-1192,1192,stage:fix-out,category:plumbing-fixtures,subcategory:pressure-and-temper-valves,PRESSURE & TEMPER VALVES,unresolved,,false,,,unresolved,,requires-review,Insufficient deterministic evidence for automatic classification.
quote-1193,1193,stage:fix-out,category:plumbing-fixtures,subcategory:2-storey-downpipes,2 STOREY DOWNPIPES,unresolved,,false,,,unresolved,,requires-review,Insufficient deterministic evidence for automatic classification.
quote-1194,1194,stage:fix-out,category:plumbing-fixtures,subcategory:stackwork-drainage,STACKWORK DRAINAGE,unresolved,,false,,,unresolved,,requires-review,Insufficient deterministic evidence for automatic classification.
quote-1195,1195,stage:fix-out,category:plumbing-fixtures,subcategory:stormwater-drainage-allowance,STORMWATER DRAINAGE ALLOWANCE,allowance,,false,,,rule,allowance:category:plumbing-fixtures:subcategory:stormwater-drainage-allowance:stormwater-drainage-allowance,requires-review,Allowance row; do not import as a physical product.
quote-1196,1196,stage:fix-out,category:plumbing-fixtures,subcategory:sewerage-drainage-allowance,SEWERAGE DRAINAGE ALLOWANCE,allowance,,false,,,rule,allowance:category:plumbing-fixtures:subcategory:sewerage-drainage-allowance:sewerage-drainage-allowance,requires-review,Allowance row; do not import as a physical product.
quote-1200,1200,stage:fix-out,category:electrical,subcategory:item,ITEM,unresolved,,false,,,unresolved,,requires-review,Insufficient deterministic evidence for automatic classification.
quote-1202,1202,stage:fix-out,category:electrical,subcategory:electrical,ELECTRICAL,formula,,false,,,rule,,not-a-catalogue-record,Formula-driven quotation row.
quote-1203,1203,stage:fix-out,category:electrical,subcategory:provision-for-telstra-cable-to-house,provision for telstra cable to house,unresolved,,false,,,unresolved,,requires-review,Insufficient deterministic evidence for automatic classification.
quote-1204,1204,stage:fix-out,category:electrical,subcategory:light-fittings,ADDITIONAL LIGHT POINT ONLY,unresolved,,false,,,unresolved,,requires-review,Insufficient deterministic evidence for automatic classification.
quote-1205,1205,stage:fix-out,category:electrical,subcategory:light-fittings,INSTALL LIGHT FITTINGS,assembly,assembly:light-fittings:install-light-fittings,false,,,rule,assembly:category:electrical:subcategory:light-fittings:install-light-fittings,requires-assembly-model,Likely product plus installation/resource assembly.
quote-1206,1206,stage:fix-out,category:electrical,subcategory:two-way-switch,TWO WAY SWITCH,unresolved,,false,,,unresolved,,requires-review,Insufficient deterministic evidence for automatic classification.
quote-1207,1207,stage:fix-out,category:electrical,subcategory:dimmer-switch,DIMMER SWITCH,unresolved,,false,,,unresolved,,requires-review,Insufficient deterministic evidence for automatic classification.
quote-1208,1208,stage:fix-out,category:electrical,subcategory:single-power-point,SINGLE POWER POINT,unresolved,,false,,,unresolved,,requires-review,Insufficient deterministic evidence for automatic classification.
quote-1209,1209,stage:fix-out,category:electrical,subcategory:double-power-point,DOUBLE POWER POINT,unresolved,,false,,,unresolved,,requires-review,Insufficient deterministic evidence for automatic classification.
quote-1210,1210,stage:lock-up,category:electrical,subcategory:double-weatherproof-power-point,DOUBLE WEATHERPROOF POWER POINT,unresolved,,false,,,unresolved,,requires-review,Insufficient deterministic evidence for automatic classification.
quote-1211,1211,stage:fix-out,category:electrical,subcategory:rangehoods,RANGE HOOD INC FITTING OF SLIDE OUT UNIT,unresolved,,false,,,unresolved,,requires-review,Insufficient deterministic evidence for automatic classification.
quote-1212,1212,stage:fix-out,category:electrical,subcategory:rangehoods,RANGE HOOD INC FITTING OF CANOPY HOOD,unresolved,,false,,,unresolved,,requires-review,Insufficient deterministic evidence for automatic classification.
quote-1213,1213,stage:fix-out,category:electrical,subcategory:garbage-disposal-unit,GARBAGE DISPOSAL UNIT,unresolved,,false,,,unresolved,,requires-review,Insufficient deterministic evidence for automatic classification.
quote-1214,1214,stage:fix-out,category:electrical,subcategory:tv-point-to-ceiling-only,TV POINT TO CEILING ONLY,unresolved,,false,,,unresolved,,requires-review,Insufficient deterministic evidence for automatic classification.
quote-1215,1215,stage:fix-out,category:electrical,subcategory:telephone-point,TELEPHONE POINT,unresolved,,false,,,unresolved,,requires-review,Insufficient deterministic evidence for automatic classification.
quote-1216,1216,stage:fix-out,category:electrical,subcategory:exhaust-fan-and-install,EXHAUST FAN AND INSTALL,estimating-item,estimating:exhaust-fan-and-install:exhaust-fan-and-install,false,,,rule,estimating-item:category:electrical:subcategory:exhaust-fan-and-install:exhaust-fan-and-install,missing-estimating-catalogue-candidate,"Labour, plant, fee, service, or construction resource candidate."
quote-1217,1217,stage:fix-out,category:electrical,subcategory:mechanical-ventilation,MECHANICAL VENTILATION,unresolved,,false,,,unresolved,,requires-review,Insufficient deterministic evidence for automatic classification.
quote-1218,1218,stage:fix-out,category:electrical,subcategory:ceiling-fan-and-install,CEILING FAN AND INSTALL,estimating-item,estimating:ceiling-fan-and-install:ceiling-fan-and-install,false,,,rule,estimating-item:category:electrical:subcategory:ceiling-fan-and-install:ceiling-fan-and-install,missing-estimating-catalogue-candidate,"Labour, plant, fee, service, or construction resource candidate."
quote-1219,1219,stage:fix-out,category:electrical,subcategory:light-fittings,CEILING FAN AND LIGHT AND INSTALL,estimating-item,estimating:light-fittings:ceiling-fan-and-light-and-install,false,,,rule,estimating-item:category:electrical:subcategory:light-fittings:ceiling-fan-and-light-and-install,missing-estimating-catalogue-candidate,"Labour, plant, fee, service, or construction resource candidate."
quote-1220,1220,stage:fix-out,category:electrical,subcategory:light-fittings,HEAT FAN & LIGHT - WIRE AND INSTALL,estimating-item,estimating:light-fittings:heat-fan-and-light-wire-and-install,false,,,rule,estimating-item:category:electrical:subcategory:light-fittings:heat-fan-and-light-wire-and-install,missing-estimating-catalogue-candidate,"Labour, plant, fee, service, or construction resource candidate."
quote-1221,1221,stage:fix-out,category:electrical,subcategory:electric-smoke-detector,ELECTRIC SMOKE DETECTOR,unresolved,,false,,,unresolved,,requires-review,Insufficient deterministic evidence for automatic classification.
quote-1222,1222,stage:fix-out,category:electrical,subcategory:20-amp-circuit,20 AMP CIRCUIT,unresolved,,false,,,unresolved,,requires-review,Insufficient deterministic evidence for automatic classification.
quote-1223,1223,stage:fix-out,category:appliances,subcategory:ovens,WALL OVEN,product,product:ovens:wall-oven,true,,,rule,product:category:appliances:subcategory:ovens:wall-oven,missing-product-library-candidate,Physical selectable or supplier product candidate.
quote-1224,1224,stage:fix-out,category:electrical,subcategory:cooktops,HOT PLATE,unresolved,,false,,,unresolved,,requires-review,Insufficient deterministic evidence for automatic classification.
quote-1225,1225,stage:fix-out,category:appliances,subcategory:ovens,OVEN & HOT PLATE,product,product:ovens:oven-and-hot-plate,true,,,rule,product:category:appliances:subcategory:ovens:oven-and-hot-plate,missing-product-library-candidate,Physical selectable or supplier product candidate.
quote-1226,1226,stage:fix-out,category:electrical,subcategory:switch-board,SWITCH BOARD,unresolved,,false,,,unresolved,,requires-review,Insufficient deterministic evidence for automatic classification.
quote-1227,1227,stage:fix-out,category:electrical,subcategory:underground-mains,UNDERGROUND MAINS,unresolved,,false,,,unresolved,,requires-review,Insufficient deterministic evidence for automatic classification.
quote-1228,1228,stage:fix-out,category:electrical,subcategory:o-head-mains-inc-riser-and-box,O/HEAD MAINS INC RISER & BOX,unresolved,,false,,,unresolved,,requires-review,Insufficient deterministic evidence for automatic classification.
quote-1229,1229,stage:fix-out,category:electrical,subcategory:hotwater,HOTWATER,unresolved,,false,,,unresolved,,requires-review,Insufficient deterministic evidence for automatic classification.
quote-1230,1230,stage:fix-out,category:electrical,subcategory:solar-hot-water-system,SOLAR HOT WATER SYSTEM,unresolved,,false,,,unresolved,,requires-review,Insufficient deterministic evidence for automatic classification.
quote-1231,1231,stage:fix-out,category:electrical,subcategory:24-pole-internal-sub-board,24 POLE INTERNAL SUB BOARD,unresolved,,false,,,unresolved,,requires-review,Insufficient deterministic evidence for automatic classification.
quote-1232,1232,stage:fix-out,category:electrical,subcategory:single-phase-sub-main-with-tarrif,SINGLE PHASE SUB MAIN WITH TARRIF,unresolved,,false,,,unresolved,,requires-review,Insufficient deterministic evidence for automatic classification.
quote-1233,1233,stage:fix-out,category:electrical,subcategory:statutory-fees,TESTING FEE,estimating-item,estimating:statutory-fees:testing-fee,false,,,rule,estimating-item:category:electrical:subcategory:statutory-fees:testing-fee,missing-estimating-catalogue-candidate,"Labour, plant, fee, service, or construction resource candidate."
quote-1234,1234,stage:fix-out,category:electrical,subcategory:upright-stove,UPRIGHT STOVE,unresolved,,false,,,unresolved,,requires-review,Insufficient deterministic evidence for automatic classification.
quote-1235,1235,stage:fix-out,category:electrical,subcategory:disconnect-and-re-hash-electrical,DISCONNECT & RE-HASH ELECTRICAL,unresolved,,false,,,unresolved,,requires-review,Insufficient deterministic evidence for automatic classification.
quote-1236,1236,stage:lock-up,category:electrical,subcategory:pantry-door-switch,PANTRY DOOR SWITCH,product,product:pantry-door-switch:pantry-door-switch,true,,,rule,product:category:electrical:subcategory:pantry-door-switch:pantry-door-switch,missing-product-library-candidate,Physical selectable or supplier product candidate.
quote-1237,1237,stage:fix-out,category:electrical,subcategory:underground-sub-mains,UNDERGROUND SUB-MAINS,unresolved,,false,,,unresolved,,requires-review,Insufficient deterministic evidence for automatic classification.
quote-1238,1238,stage:fix-out,category:electrical,subcategory:power-to-electric-gate,POWER TO ELECTRIC GATE,unresolved,,false,,,unresolved,,requires-review,Insufficient deterministic evidence for automatic classification.
quote-1239,1239,stage:fix-out,category:electrical,subcategory:20-amp-air-conditioner-inc-isolator,20 AMP AIR CONDITIONER INC ISOLATOR,unresolved,,false,,,unresolved,,requires-review,Insufficient deterministic evidence for automatic classification.
quote-1240,1240,stage:fix-out,category:electrical,subcategory:light-fittings,LIGHT SENSOR,unresolved,,false,,,unresolved,,requires-review,Insufficient deterministic evidence for automatic classification.
quote-1241,1241,stage:fix-out,category:electrical,subcategory:speaker-point,SPEAKER POINT,unresolved,,false,,,unresolved,,requires-review,Insufficient deterministic evidence for automatic classification.
quote-1242,1242,stage:fix-out,category:electrical,subcategory:intercom-system-2-hand-set,INTERCOM SYSTEM - 2 HAND SET,unresolved,,false,,,unresolved,,requires-review,Insufficient deterministic evidence for automatic classification.
quote-1243,1243,stage:fix-out,category:electrical,subcategory:security-system,SECURITY SYSTEM,unresolved,,false,,,unresolved,,requires-review,Insufficient deterministic evidence for automatic classification.
quote-1244,1244,stage:lock-up,category:electrical,subcategory:door-chime,DOOR CHIME,product,product:door-chime:door-chime,true,,,rule,product:category:electrical:subcategory:door-chime:door-chime,missing-product-library-candidate,Physical selectable or supplier product candidate.
quote-1245,1245,stage:fix-out,category:electrical,subcategory:electrical-extras-allowance,ELECTRICAL EXTRAS ALLOWANCE,allowance,,false,,,rule,allowance:category:electrical:subcategory:electrical-extras-allowance:electrical-extras-allowance,requires-review,Allowance row; do not import as a physical product.
quote-1248,1248,stage:unassigned,category:plasterer,subcategory:item,ITEM,unresolved,,false,,,unresolved,,requires-review,Insufficient deterministic evidence for automatic classification.
quote-1250,1250,stage:unassigned,category:plasterer,subcategory:plasterer,PLASTERER,unresolved,,false,,,unresolved,,requires-review,Insufficient deterministic evidence for automatic classification.
quote-1251,1251,stage:unassigned,category:plasterer,subcategory:provision-for-ceilings,provision for ceilings,formula,,false,,,rule,,not-a-catalogue-record,Formula-driven quotation row.
quote-1269,1269,stage:unassigned,category:plasterer-supply-and-install,subcategory:gyprock-supply-and-fix-exterior-walls,GYPROCK SUPPLY & FIX - EXTERIOR WALLS,estimating-item,estimating:gyprock-supply-and-fix-exterior-walls:gyprock-supply-and-fix-exterior-walls,false,,,rule,estimating-item:category:plasterer-supply-and-install:subcategory:gyprock-supply-and-fix-exterior-walls:gyprock-supply-and-fix-exterior-walls,missing-estimating-catalogue-candidate,"Labour, plant, fee, service, or construction resource candidate."
quote-1270,1270,stage:unassigned,category:plasterer-supply-and-install,subcategory:gyprock-supply-and-fix-internal-walls,GYPROCK SUPPLY & FIX - INTERNAL WALLS,estimating-item,estimating:gyprock-supply-and-fix-internal-walls:gyprock-supply-and-fix-internal-walls,false,,,rule,estimating-item:category:plasterer-supply-and-install:subcategory:gyprock-supply-and-fix-internal-walls:gyprock-supply-and-fix-internal-walls,missing-estimating-catalogue-candidate,"Labour, plant, fee, service, or construction resource candidate."
quote-1271,1271,stage:unassigned,category:plasterer-supply-and-install,subcategory:gyprock-supply-and-fix-ceilings,GYPROCK SUPPLY & FIX - CEILINGS,estimating-item,estimating:gyprock-supply-and-fix-ceilings:gyprock-supply-and-fix-ceilings,false,,,rule,estimating-item:category:plasterer-supply-and-install:subcategory:gyprock-supply-and-fix-ceilings:gyprock-supply-and-fix-ceilings,missing-estimating-catalogue-candidate,"Labour, plant, fee, service, or construction resource candidate."
quote-1272,1272,stage:unassigned,category:plasterer-supply-and-install,subcategory:gyprock-supply-and-fix-other,GYPROCK SUPPLY & FIX - OTHER,estimating-item,estimating:gyprock-supply-and-fix-other:gyprock-supply-and-fix-other,false,,,rule,estimating-item:category:plasterer-supply-and-install:subcategory:gyprock-supply-and-fix-other:gyprock-supply-and-fix-other,missing-estimating-catalogue-candidate,"Labour, plant, fee, service, or construction resource candidate."
quote-1275,1275,stage:unassigned,category:plastering-extras,subcategory:provision-for-raised-ceilings,PROVISION FOR RAISED CEILINGS,unresolved,,false,,,unresolved,,requires-review,Insufficient deterministic evidence for automatic classification.
quote-1276,1276,stage:unassigned,category:plastering-extras,subcategory:provision-for-void-ceilings-with-scaffold,PROVISION FOR VOID CEILINGS WITH SCAFFOLD,estimating-item,estimating:provision-for-void-ceilings-with-scaffold:provision-for-void-ceilings-with-scaffold,false,,,rule,estimating-item:category:plastering-extras:subcategory:provision-for-void-ceilings-with-scaffold:provision-for-void-ceilings-with-scaffold,missing-estimating-catalogue-candidate,"Labour, plant, fee, service, or construction resource candidate."
quote-1277,1277,stage:external,category:plastering-extras,subcategory:external-corners,EXTERNAL CORNERS,unresolved,,false,,,unresolved,,requires-review,Insufficient deterministic evidence for automatic classification.
quote-1278,1278,stage:unassigned,category:plastering-extras,subcategory:internal-corners,INTERNAL CORNERS,unresolved,,false,,,unresolved,,requires-review,Insufficient deterministic evidence for automatic classification.
quote-1279,1279,stage:unassigned,category:plastering-extras,subcategory:55mm-cove-cornice,55mm COVE CORNICE,formula,,false,,,rule,,not-a-catalogue-record,Formula-driven quotation row.
quote-1280,1280,stage:unassigned,category:plastering-extras,subcategory:90mm-cove-cornice,90mm COVE CORNICE,formula,,false,,,rule,,not-a-catalogue-record,Formula-driven quotation row.
quote-1281,1281,stage:unassigned,category:plastering-extras,subcategory:square-set-ceilings,SQUARE SET CEILINGS,unresolved,,false,,,unresolved,,requires-review,Insufficient deterministic evidence for automatic classification.
quote-1282,1282,stage:unassigned,category:plastering-extras,subcategory:coffered-ceilings,COFFERED CEILINGS,unresolved,,false,,,unresolved,,requires-review,Insufficient deterministic evidence for automatic classification.
quote-1283,1283,stage:unassigned,category:plastering-extras,subcategory:plant-hire,BOOST-IT HIRE,estimating-item,estimating:plant-hire:boost-it-hire,false,,,rule,estimating-item:category:plastering-extras:subcategory:plant-hire:boost-it-hire,missing-estimating-catalogue-candidate,"Labour, plant, fee, service, or construction resource candidate."
quote-1287,1287,stage:unassigned,category:stairs,subcategory:item,ITEM,unresolved,,false,,,unresolved,,requires-review,Insufficient deterministic evidence for automatic classification.
quote-1289,1289,stage:unassigned,category:stairs,subcategory:stairs,STAIRS,unresolved,,false,,,unresolved,,requires-review,Insufficient deterministic evidence for automatic classification.
quote-1290,1290,stage:unassigned,category:stairs,subcategory:stair-void-balustrade,STAIR/VOID BALUSTRADE,formula,,false,,,rule,,not-a-catalogue-record,Formula-driven quotation row.
quote-1291,1291,stage:unassigned,category:stairs,subcategory:front-balcony-glass-balustrade,FRONT BALCONY GLASS BALUSTRADE,formula,,false,,,rule,,not-a-catalogue-record,Formula-driven quotation row.
quote-1292,1292,stage:unassigned,category:stairs,subcategory:sand-and-polish-stairs,SAND AND POLISH STAIRS,unresolved,,false,,,unresolved,,requires-review,Insufficient deterministic evidence for automatic classification.
quote-1293,1293,stage:unassigned,category:stairs,subcategory:mono-stringer-stair-stringers,MONO STRINGER STAIR STRINGERS,unresolved,,false,,,unresolved,,requires-review,Insufficient deterministic evidence for automatic classification.
quote-1294,1294,stage:unassigned,category:stairs,subcategory:stair-landing,STAIR LANDING,unresolved,,false,,,unresolved,,requires-review,Insufficient deterministic evidence for automatic classification.
quote-1295,1295,stage:unassigned,category:stairs,subcategory:dressed-timber-stair-treads,DRESSED TIMBER STAIR TREADS,unresolved,,false,,,unresolved,,requires-review,Insufficient deterministic evidence for automatic classification.
quote-1296,1296,stage:unassigned,category:stairs,subcategory:1m-balustrade,1M BALUSTRADE,unresolved,,false,,,unresolved,,requires-review,Insufficient deterministic evidence for automatic classification.
quote-1297,1297,stage:unassigned,category:stairs,subcategory:2-5m-balustrade,2.5M BALUSTRADE,unresolved,,false,,,unresolved,,requires-review,Insufficient deterministic evidence for automatic classification.
quote-1298,1298,stage:unassigned,category:stairs,subcategory:5m-balustrade,5M BALUSTRADE,unresolved,,false,,,unresolved,,requires-review,Insufficient deterministic evidence for automatic classification.
quote-1299,1299,stage:unassigned,category:stairs,subcategory:6-5m-balustrade,6.5M BALUSTRADE,unresolved,,false,,,unresolved,,requires-review,Insufficient deterministic evidence for automatic classification.
quote-1300,1300,stage:unassigned,category:stairs,subcategory:10m-balustrade,10M BALUSTRADE,unresolved,,false,,,unresolved,,requires-review,Insufficient deterministic evidence for automatic classification.
quote-1301,1301,stage:unassigned,category:stairs,subcategory:15m-balustrade,15M BALUSTRADE,unresolved,,false,,,unresolved,,requires-review,Insufficient deterministic evidence for automatic classification.
quote-1302,1302,stage:unassigned,category:stairs,subcategory:handrails,HANDRAILS,unresolved,,false,,,unresolved,,requires-review,Insufficient deterministic evidence for automatic classification.
quote-1306,1306,stage:unassigned,category:fixout,subcategory:item,ITEM,unresolved,,false,,,unresolved,,requires-review,Insufficient deterministic evidence for automatic classification.
quote-1309,1309,stage:lock-up,category:windows-doors,subcategory:flush-internal-doors,FLUSH INTERNAL DOORS,formula,,false,,,rule,,not-a-catalogue-record,Formula-driven quotation row.
quote-1310,1310,stage:lock-up,category:windows-doors,subcategory:door-jamb,DOOR JAMB,formula,,false,,,rule,,not-a-catalogue-record,Formula-driven quotation row.
quote-1311,1311,stage:lock-up,category:windows-doors,subcategory:hinges,HINGES,formula,,false,,,rule,,not-a-catalogue-record,Formula-driven quotation row.
quote-1312,1312,stage:lock-up,category:windows-doors,subcategory:door-furniture,DOOR FURNITURE,formula,,false,,,rule,,not-a-catalogue-record,Formula-driven quotation row.
quote-1313,1313,stage:lock-up,category:windows-doors,subcategory:architraves,ARCHITRAVES,formula,,false,,,rule,,not-a-catalogue-record,Formula-driven quotation row.
quote-1314,1314,stage:lock-up,category:windows-doors,subcategory:add-for-privacy-lock,ADD FOR PRIVACY LOCK,formula,,false,,,rule,,not-a-catalogue-record,Formula-driven quotation row.
quote-1315,1315,stage:lock-up,category:windows-doors,subcategory:total-for-internal-hinge-doors,TOTAL FOR INTERNAL HINGE DOORS,formula,,false,,,rule,,not-a-catalogue-record,Formula-driven quotation row.
quote-1318,1318,stage:lock-up,category:windows-doors,subcategory:flush-internal-doors,FLUSH INTERNAL DOORS,formula,,false,,,rule,,not-a-catalogue-record,Formula-driven quotation row.
quote-1319,1319,stage:lock-up,category:windows-doors,subcategory:cavity-door-cage,CAVITY DOOR CAGE,formula,,false,,,rule,,not-a-catalogue-record,Formula-driven quotation row.
quote-1320,1320,stage:lock-up,category:windows-doors,subcategory:door-furniture,DOOR FURNITURE,formula,,false,,,rule,,not-a-catalogue-record,Formula-driven quotation row.
quote-1321,1321,stage:lock-up,category:windows-doors,subcategory:architraves,ARCHITRAVES,formula,,false,,,rule,,not-a-catalogue-record,Formula-driven quotation row.
quote-1322,1322,stage:lock-up,category:windows-doors,subcategory:add-for-privacy-lock,ADD FOR PRIVACY LOCK,formula,,false,,,rule,,not-a-catalogue-record,Formula-driven quotation row.
quote-1323,1323,stage:lock-up,category:windows-doors,subcategory:total-for-internal-cavity-doors,TOTAL FOR INTERNAL CAVITY DOORS,formula,,false,,,rule,,not-a-catalogue-record,Formula-driven quotation row.
quote-1328,1328,stage:lock-up,category:windows-doors,subcategory:redicoat-internal-doors-2040-high,REDICOAT INTERNAL DOORS 2040 HIGH,product,product:redicoat-internal-doors-2040-high:redicoat-internal-doors-2040-high,true,,,rule,product:category:windows-doors:subcategory:redicoat-internal-doors-2040-high:redicoat-internal-doors-2040-high,missing-product-library-candidate,Physical selectable or supplier product candidate.
quote-1329,1329,stage:lock-up,category:windows-doors,subcategory:redicoat-internal-doors-2040-high,REDICOAT INTERNAL DOORS 2040 HIGH,product,product:redicoat-internal-doors-2040-high:redicoat-internal-doors-2040-high,true,,,rule,product:category:windows-doors:subcategory:redicoat-internal-doors-2040-high:redicoat-internal-doors-2040-high,missing-product-library-candidate,Physical selectable or supplier product candidate.
quote-1330,1330,stage:lock-up,category:windows-doors,subcategory:redicoat-internal-doors-2340-high,REDICOAT INTERNAL DOORS 2340 HIGH,product,product:redicoat-internal-doors-2340-high:redicoat-internal-doors-2340-high,true,,,rule,product:category:windows-doors:subcategory:redicoat-internal-doors-2340-high:redicoat-internal-doors-2340-high,missing-product-library-candidate,Physical selectable or supplier product candidate.
quote-1331,1331,stage:lock-up,category:windows-doors,subcategory:hume-hag-9-11-2040-high,"HUME (HAG 9, 11) 2040 HIGH",product,product:hume-hag-9-11-2040-high:hume-hag-9-11-2040-high,true,,,rule,product:category:windows-doors:subcategory:hume-hag-9-11-2040-high:hume-hag-9-11-2040-high,missing-product-library-candidate,Physical selectable or supplier product candidate.
quote-1332,1332,stage:lock-up,category:windows-doors,subcategory:hume-hag-9-11-2340-high,"HUME (HAG 9, 11) 2340 HIGH",product,product:hume-hag-9-11-2340-high:hume-hag-9-11-2340-high,true,,,rule,product:category:windows-doors:subcategory:hume-hag-9-11-2340-high:hume-hag-9-11-2340-high,missing-product-library-candidate,Physical selectable or supplier product candidate.
quote-1333,1333,stage:lock-up,category:windows-doors,subcategory:hume-oakfield-caprice-2040-high,"HUME OAKFIELD, CAPRICE 2040 HIGH",product,product:hume-oakfield-caprice-2040-high:hume-oakfield-caprice-2040-high,true,,,rule,product:category:windows-doors:subcategory:hume-oakfield-caprice-2040-high:hume-oakfield-caprice-2040-high,missing-product-library-candidate,Physical selectable or supplier product candidate.
quote-1334,1334,stage:lock-up,category:windows-doors,subcategory:hume-sorento-sor1-5-2040-high,"HUME SORENTO (SOR1, 5) 2040 HIGH",product,product:hume-sorento-sor1-5-2040-high:hume-sorento-sor1-5-2040-high,true,,,rule,product:category:windows-doors:subcategory:hume-sorento-sor1-5-2040-high:hume-sorento-sor1-5-2040-high,missing-product-library-candidate,Physical selectable or supplier product candidate.
quote-1338,1338,stage:frame,category:electrical,subcategory:light-fittings,1 LIGHT TIMBER FRAME WITH OBSCURE GLASS,unresolved,,false,,,unresolved,,requires-review,Insufficient deterministic evidence for automatic classification.
quote-1356,1356,stage:unassigned,category:skirting-and-architraves,subcategory:42-x-11-fj-pine-architraves,42 x 11 FJ PINE ARCHITRAVES,unresolved,,false,,,unresolved,,requires-review,Insufficient deterministic evidence for automatic classification.
quote-1357,1357,stage:lock-up,category:windows-doors,subcategory:42-x-11-fj-pine-internal-door-archs,42 x 11 FJ PINE INTERNAL DOOR ARCHS,formula,,false,,,rule,,not-a-catalogue-record,Formula-driven quotation row.
quote-1358,1358,stage:lock-up,category:windows-doors,subcategory:42-x-11-fj-pine-internal-double-door-archs,42 x 11 FJ PINE INTERNAL DOUBLE DOOR ARCHS,formula,,false,,,rule,,not-a-catalogue-record,Formula-driven quotation row.
quote-1359,1359,stage:lock-up,category:windows-doors,subcategory:42-x-11-fj-pine-external-door-archs,42 x 11 FJ PINE EXTERNAL DOOR ARCHS,formula,,false,,,rule,,not-a-catalogue-record,Formula-driven quotation row.
quote-1360,1360,stage:lock-up,category:windows-doors,subcategory:42-x-11-fj-pine-external-double-door-archs,42 x 11 FJ PINE EXTERNAL DOUBLE DOOR ARCHS,formula,,false,,,rule,,not-a-catalogue-record,Formula-driven quotation row.
quote-1361,1361,stage:lock-up,category:windows-doors,subcategory:42-x-11-fj-pine-window-archs,42 x 11 FJ PINE WINDOW ARCHS,formula,,false,,,rule,,not-a-catalogue-record,Formula-driven quotation row.
quote-1362,1362,stage:unassigned,category:skirting-and-architraves,subcategory:42-x-11-fj-pine-robe-archs,42 x 11 FJ PINE ROBE ARCHS,formula,,false,,,rule,,not-a-catalogue-record,Formula-driven quotation row.
quote-1363,1363,stage:unassigned,category:skirting-and-architraves,subcategory:65-x-11-fj-pine-skirting-boards,65 x 11 FJ PINE SKIRTING BOARDS,formula,,false,,,rule,,not-a-catalogue-record,Formula-driven quotation row.
quote-1366,1366,stage:unassigned,category:shelving,subcategory:linen-shelving-4-shelves,LINEN SHELVING - 4 SHELVES,unresolved,,false,,,unresolved,,requires-review,Insufficient deterministic evidence for automatic classification.
quote-1367,1367,stage:unassigned,category:shelving,subcategory:robe-shelving-1-shelf-and-rail,ROBE SHELVING - 1 SHELF & RAIL,unresolved,,false,,,unresolved,,requires-review,Insufficient deterministic evidence for automatic classification.
quote-1368,1368,stage:unassigned,category:shelving,subcategory:robe-1-full-shelf-and-rail-and-bank-of-shelves,ROBE - 1 FULL SHELF & RAIL & BANK OF SHELVES,unresolved,,false,,,unresolved,,requires-review,Insufficient deterministic evidence for automatic classification.
quote-1369,1369,stage:unassigned,category:shelving,subcategory:bank-of-shelves,BANK OF SHELVES,unresolved,,false,,,unresolved,,requires-review,Insufficient deterministic evidence for automatic classification.
quote-1372,1372,stage:unassigned,category:standard-wardrobes-complete-2-4m-wide,subcategory:jamb,JAMB,formula,,false,,,rule,,not-a-catalogue-record,Formula-driven quotation row.
quote-1373,1373,stage:unassigned,category:standard-wardrobes-complete-2-4m-wide,subcategory:architraves,ARCHITRAVES,formula,,false,,,rule,,not-a-catalogue-record,Formula-driven quotation row.
quote-1374,1374,stage:unassigned,category:standard-wardrobes-complete-2-4m-wide,subcategory:1-shelf-1700-with-hanging-rail,1 SHELF @ 1700 WITH HANGING RAIL,formula,,false,,,rule,,not-a-catalogue-record,Formula-driven quotation row.
quote-1375,1375,stage:lock-up,category:windows-doors,subcategory:2-doors-space-saver-mirror-doors,2 DOORS SPACE SAVER MIRROR DOORS,formula,,false,,,rule,,not-a-catalogue-record,Formula-driven quotation row.
quote-1376,1376,stage:unassigned,category:standard-wardrobes-complete-2-4m-wide,subcategory:total-for-robes,TOTAL FOR ROBES,formula,,false,,,rule,,not-a-catalogue-record,Formula-driven quotation row.
quote-1379,1379,stage:unassigned,category:standard-linen-complete-2-4m-wide,subcategory:jamb,JAMB,formula,,false,,,rule,,not-a-catalogue-record,Formula-driven quotation row.
quote-1380,1380,stage:unassigned,category:standard-linen-complete-2-4m-wide,subcategory:architraves,ARCHITRAVES,formula,,false,,,rule,,not-a-catalogue-record,Formula-driven quotation row.
quote-1381,1381,stage:unassigned,category:standard-linen-complete-2-4m-wide,subcategory:1-shelf-1700-with-hanging-rail,1 SHELF @ 1700 WITH HANGING RAIL,formula,,false,,,rule,,not-a-catalogue-record,Formula-driven quotation row.
quote-1382,1382,stage:lock-up,category:windows-doors,subcategory:2-doors-space-saver-vinyl-doors,2 DOORS SPACE SAVER VINYL DOORS,formula,,false,,,rule,,not-a-catalogue-record,Formula-driven quotation row.
quote-1383,1383,stage:unassigned,category:standard-linen-complete-2-4m-wide,subcategory:total-for-robes,TOTAL FOR ROBES,formula,,false,,,rule,,not-a-catalogue-record,Formula-driven quotation row.
quote-1388,1388,stage:lock-up,category:windows-doors,subcategory:gyprock-doors,GYPROCK DOORS,product,product:gyprock-doors:gyprock-doors,true,,,rule,product:category:windows-doors:subcategory:gyprock-doors:gyprock-doors,missing-product-library-candidate,Physical selectable or supplier product candidate.
quote-1389,1389,stage:frame,category:windows-doors,subcategory:framed-vinyl-sliding-robe-doors,FRAMED VINYL SLIDING ROBE DOORS,product,product:framed-vinyl-sliding-robe-doors:framed-vinyl-sliding-robe-doors,true,,,rule,product:category:windows-doors:subcategory:framed-vinyl-sliding-robe-doors:framed-vinyl-sliding-robe-doors,missing-product-library-candidate,Physical selectable or supplier product candidate.
quote-1390,1390,stage:frame,category:windows-doors,subcategory:framed-vinyl-specialty-colours,FRAMED VINYL SPECIALTY COLOURS,product,product:framed-vinyl-specialty-colours:framed-vinyl-specialty-colours,true,,,rule,product:category:windows-doors:subcategory:framed-vinyl-specialty-colours:framed-vinyl-specialty-colours,missing-product-library-candidate,Physical selectable or supplier product candidate.
quote-1391,1391,stage:lock-up,category:windows-doors,subcategory:mirror-doors,MIRROR DOORS,product,product:mirror-doors:mirror-doors,true,,,rule,product:category:windows-doors:subcategory:mirror-doors:mirror-doors,missing-product-library-candidate,Physical selectable or supplier product candidate.
quote-1392,1392,stage:frame,category:windows-doors,subcategory:frameless-mirror,FRAMELESS MIRROR,product,product:frameless-mirror:frameless-mirror,true,,,rule,product:category:windows-doors:subcategory:frameless-mirror:frameless-mirror,missing-product-library-candidate,Physical selectable or supplier product candidate.
quote-1393,1393,stage:lock-up,category:windows-doors,subcategory:superwhite-glass,SUPERWHITE GLASS,product,product:superwhite-glass:superwhite-glass,true,,,rule,product:category:windows-doors:subcategory:superwhite-glass:superwhite-glass,missing-product-library-candidate,Physical selectable or supplier product candidate.
quote-1394,1394,stage:frame,category:windows-doors,subcategory:frameless-superwhite-glass,FRAMELESS SUPERWHITE GLASS,product,product:frameless-superwhite-glass:frameless-superwhite-glass,true,,,rule,product:category:windows-doors:subcategory:frameless-superwhite-glass:frameless-superwhite-glass,missing-product-library-candidate,Physical selectable or supplier product candidate.
quote-1397,1397,stage:lock-up,category:windows-doors,subcategory:gyprock-doors,GYPROCK DOORS,product,product:gyprock-doors:gyprock-doors,true,,,rule,product:category:windows-doors:subcategory:gyprock-doors:gyprock-doors,missing-product-library-candidate,Physical selectable or supplier product candidate.
quote-1398,1398,stage:frame,category:windows-doors,subcategory:framed-vinyl-sliding-robe-doors,FRAMED VINYL SLIDING ROBE DOORS,product,product:framed-vinyl-sliding-robe-doors:framed-vinyl-sliding-robe-doors,true,,,rule,product:category:windows-doors:subcategory:framed-vinyl-sliding-robe-doors:framed-vinyl-sliding-robe-doors,missing-product-library-candidate,Physical selectable or supplier product candidate.
quote-1399,1399,stage:frame,category:windows-doors,subcategory:framed-vinyl-specialty-colours,FRAMED VINYL SPECIALTY COLOURS,product,product:framed-vinyl-specialty-colours:framed-vinyl-specialty-colours,true,,,rule,product:category:windows-doors:subcategory:framed-vinyl-specialty-colours:framed-vinyl-specialty-colours,missing-product-library-candidate,Physical selectable or supplier product candidate.
quote-1400,1400,stage:lock-up,category:windows-doors,subcategory:mirror-doors,MIRROR DOORS,product,product:mirror-doors:mirror-doors,true,,,rule,product:category:windows-doors:subcategory:mirror-doors:mirror-doors,missing-product-library-candidate,Physical selectable or supplier product candidate.
quote-1401,1401,stage:frame,category:windows-doors,subcategory:frameless-mirror,FRAMELESS MIRROR,product,product:frameless-mirror:frameless-mirror,true,,,rule,product:category:windows-doors:subcategory:frameless-mirror:frameless-mirror,missing-product-library-candidate,Physical selectable or supplier product candidate.
quote-1402,1402,stage:lock-up,category:windows-doors,subcategory:superwhite-glass,SUPERWHITE GLASS,product,product:superwhite-glass:superwhite-glass,true,,,rule,product:category:windows-doors:subcategory:superwhite-glass:superwhite-glass,missing-product-library-candidate,Physical selectable or supplier product candidate.
quote-1403,1403,stage:frame,category:windows-doors,subcategory:frameless-superwhite-glass,FRAMELESS SUPERWHITE GLASS,product,product:frameless-superwhite-glass:frameless-superwhite-glass,true,,,rule,product:category:windows-doors:subcategory:frameless-superwhite-glass:frameless-superwhite-glass,missing-product-library-candidate,Physical selectable or supplier product candidate.
quote-1406,1406,stage:lock-up,category:windows-doors,subcategory:gyprock-doors,GYPROCK DOORS,product,product:gyprock-doors:gyprock-doors,true,,,rule,product:category:windows-doors:subcategory:gyprock-doors:gyprock-doors,missing-product-library-candidate,Physical selectable or supplier product candidate.
quote-1407,1407,stage:frame,category:windows-doors,subcategory:framed-vinyl-sliding-robe-doors,FRAMED VINYL SLIDING ROBE DOORS,product,product:framed-vinyl-sliding-robe-doors:framed-vinyl-sliding-robe-doors,true,,,rule,product:category:windows-doors:subcategory:framed-vinyl-sliding-robe-doors:framed-vinyl-sliding-robe-doors,missing-product-library-candidate,Physical selectable or supplier product candidate.
quote-1408,1408,stage:frame,category:windows-doors,subcategory:framed-vinyl-specialty-colours,FRAMED VINYL SPECIALTY COLOURS,product,product:framed-vinyl-specialty-colours:framed-vinyl-specialty-colours,true,,,rule,product:category:windows-doors:subcategory:framed-vinyl-specialty-colours:framed-vinyl-specialty-colours,missing-product-library-candidate,Physical selectable or supplier product candidate.
quote-1409,1409,stage:lock-up,category:windows-doors,subcategory:mirror-doors,MIRROR DOORS,product,product:mirror-doors:mirror-doors,true,,,rule,product:category:windows-doors:subcategory:mirror-doors:mirror-doors,missing-product-library-candidate,Physical selectable or supplier product candidate.
quote-1410,1410,stage:frame,category:windows-doors,subcategory:frameless-mirror,FRAMELESS MIRROR,product,product:frameless-mirror:frameless-mirror,true,,,rule,product:category:windows-doors:subcategory:frameless-mirror:frameless-mirror,missing-product-library-candidate,Physical selectable or supplier product candidate.
quote-1411,1411,stage:lock-up,category:windows-doors,subcategory:superwhite-glass,SUPERWHITE GLASS,product,product:superwhite-glass:superwhite-glass,true,,,rule,product:category:windows-doors:subcategory:superwhite-glass:superwhite-glass,missing-product-library-candidate,Physical selectable or supplier product candidate.
quote-1412,1412,stage:frame,category:windows-doors,subcategory:frameless-superwhite-glass,FRAMELESS SUPERWHITE GLASS,product,product:frameless-superwhite-glass:frameless-superwhite-glass,true,,,rule,product:category:windows-doors:subcategory:frameless-superwhite-glass:frameless-superwhite-glass,missing-product-library-candidate,Physical selectable or supplier product candidate.
quote-1415,1415,stage:lock-up,category:windows-doors,subcategory:gyprock-doors,GYPROCK DOORS,product,product:gyprock-doors:gyprock-doors,true,,,rule,product:category:windows-doors:subcategory:gyprock-doors:gyprock-doors,missing-product-library-candidate,Physical selectable or supplier product candidate.
quote-1416,1416,stage:frame,category:windows-doors,subcategory:framed-vinyl-sliding-robe-doors,FRAMED VINYL SLIDING ROBE DOORS,product,product:framed-vinyl-sliding-robe-doors:framed-vinyl-sliding-robe-doors,true,,,rule,product:category:windows-doors:subcategory:framed-vinyl-sliding-robe-doors:framed-vinyl-sliding-robe-doors,missing-product-library-candidate,Physical selectable or supplier product candidate.
quote-1417,1417,stage:frame,category:windows-doors,subcategory:framed-vinyl-specialty-colours,FRAMED VINYL SPECIALTY COLOURS,product,product:framed-vinyl-specialty-colours:framed-vinyl-specialty-colours,true,,,rule,product:category:windows-doors:subcategory:framed-vinyl-specialty-colours:framed-vinyl-specialty-colours,missing-product-library-candidate,Physical selectable or supplier product candidate.
quote-1418,1418,stage:lock-up,category:windows-doors,subcategory:mirror-doors,MIRROR DOORS,product,product:mirror-doors:mirror-doors,true,,,rule,product:category:windows-doors:subcategory:mirror-doors:mirror-doors,missing-product-library-candidate,Physical selectable or supplier product candidate.
quote-1419,1419,stage:frame,category:windows-doors,subcategory:frameless-mirror,FRAMELESS MIRROR,product,product:frameless-mirror:frameless-mirror,true,,,rule,product:category:windows-doors:subcategory:frameless-mirror:frameless-mirror,missing-product-library-candidate,Physical selectable or supplier product candidate.
quote-1420,1420,stage:lock-up,category:windows-doors,subcategory:superwhite-glass,SUPERWHITE GLASS,product,product:superwhite-glass:superwhite-glass,true,,,rule,product:category:windows-doors:subcategory:superwhite-glass:superwhite-glass,missing-product-library-candidate,Physical selectable or supplier product candidate.
quote-1421,1421,stage:frame,category:windows-doors,subcategory:frameless-superwhite-glass,FRAMELESS SUPERWHITE GLASS,product,product:frameless-superwhite-glass:frameless-superwhite-glass,true,,,rule,product:category:windows-doors:subcategory:frameless-superwhite-glass:frameless-superwhite-glass,missing-product-library-candidate,Physical selectable or supplier product candidate.
quote-1425,1425,stage:fix-out,category:cabinetry,subcategory:item,ITEM,unresolved,,false,,,unresolved,,requires-review,Insufficient deterministic evidence for automatic classification.
quote-1427,1427,stage:fix-out,category:cabinetry,subcategory:kitchen-quote,KITCHEN - QUOTE,unresolved,,false,,,unresolved,,requires-review,Insufficient deterministic evidence for automatic classification.
quote-1429,1429,stage:fix-out,category:cabinetry,subcategory:standard-kitchen-type-1,STANDARD KITCHEN TYPE 1,unresolved,,false,,,unresolved,,requires-review,Insufficient deterministic evidence for automatic classification.
quote-1430,1430,stage:fix-out,category:cabinetry,subcategory:stone-surfaces,UPGRADE TO STONE TOPS,product,product:stone-surfaces:upgrade-to-stone-tops,true,,,rule,product:category:cabinetry:subcategory:stone-surfaces:upgrade-to-stone-tops,missing-product-library-candidate,Physical selectable or supplier product candidate.
quote-1431,1431,stage:lock-up,category:cabinetry,subcategory:upgrade-to-2-pac-doors,UPGRADE TO 2 PAC DOORS,product,product:upgrade-to-2-pac-doors:upgrade-to-2-pac-doors,true,,,rule,product:category:cabinetry:subcategory:upgrade-to-2-pac-doors:upgrade-to-2-pac-doors,missing-product-library-candidate,Physical selectable or supplier product candidate.
quote-1433,1433,stage:fix-out,category:cabinetry,subcategory:standard-kitchen-type-2,STANDARD KITCHEN TYPE 2,unresolved,,false,,,unresolved,,requires-review,Insufficient deterministic evidence for automatic classification.
quote-1434,1434,stage:fix-out,category:cabinetry,subcategory:stone-surfaces,UPGRADE TO STONE TOPS,product,product:stone-surfaces:upgrade-to-stone-tops,true,,,rule,product:category:cabinetry:subcategory:stone-surfaces:upgrade-to-stone-tops,missing-product-library-candidate,Physical selectable or supplier product candidate.
quote-1435,1435,stage:lock-up,category:cabinetry,subcategory:upgrade-to-2-pac-doors,UPGRADE TO 2 PAC DOORS,product,product:upgrade-to-2-pac-doors:upgrade-to-2-pac-doors,true,,,rule,product:category:cabinetry:subcategory:upgrade-to-2-pac-doors:upgrade-to-2-pac-doors,missing-product-library-candidate,Physical selectable or supplier product candidate.
quote-1437,1437,stage:fix-out,category:cabinetry,subcategory:standard-kitchen-type-3,STANDARD KITCHEN TYPE 3,unresolved,,false,,,unresolved,,requires-review,Insufficient deterministic evidence for automatic classification.
quote-1438,1438,stage:fix-out,category:cabinetry,subcategory:stone-surfaces,UPGRADE TO STONE TOPS,product,product:stone-surfaces:upgrade-to-stone-tops,true,,,rule,product:category:cabinetry:subcategory:stone-surfaces:upgrade-to-stone-tops,missing-product-library-candidate,Physical selectable or supplier product candidate.
quote-1439,1439,stage:lock-up,category:cabinetry,subcategory:upgrade-to-2-pac-doors,UPGRADE TO 2 PAC DOORS,product,product:upgrade-to-2-pac-doors:upgrade-to-2-pac-doors,true,,,rule,product:category:cabinetry:subcategory:upgrade-to-2-pac-doors:upgrade-to-2-pac-doors,missing-product-library-candidate,Physical selectable or supplier product candidate.
quote-1442,1442,stage:fix-out,category:cabinetry,subcategory:kitchen-cabinets-base,KITCHEN CABINETS - BASE,unresolved,,false,,,unresolved,,requires-review,Insufficient deterministic evidence for automatic classification.
quote-1443,1443,stage:fix-out,category:cabinetry,subcategory:kitchen-cabinets-o-heads,KITCHEN CABINETS - O/HEADS,unresolved,,false,,,unresolved,,requires-review,Insufficient deterministic evidence for automatic classification.
quote-1444,1444,stage:fix-out,category:cabinetry,subcategory:kitchen-tower,KITCHEN TOWER,unresolved,,false,,,unresolved,,requires-review,Insufficient deterministic evidence for automatic classification.
quote-1445,1445,stage:fix-out,category:appliances,subcategory:microwaves,MICROWAVE CUPBOARD,product,product:microwaves:microwave-cupboard,true,,,rule,product:category:appliances:subcategory:microwaves:microwave-cupboard,missing-product-library-candidate,Physical selectable or supplier product candidate.
quote-1446,1446,stage:fix-out,category:cabinetry,subcategory:pot-draws-set-of-2,POT DRAWS SET OF 2,unresolved,,false,,,unresolved,,requires-review,Insufficient deterministic evidence for automatic classification.
quote-1447,1447,stage:fix-out,category:cabinetry,subcategory:raised-servery,RAISED SERVERY,unresolved,,false,,,unresolved,,requires-review,Insufficient deterministic evidence for automatic classification.
quote-1448,1448,stage:fix-out,category:cabinetry,subcategory:pantry,PANTRY,unresolved,,false,,,unresolved,,requires-review,Insufficient deterministic evidence for automatic classification.
quote-1449,1449,stage:fix-out,category:cabinetry,subcategory:vanity-units-900mm-white,VANITY UNITS 900mm WHITE,unresolved,,false,,,unresolved,,requires-review,Insufficient deterministic evidence for automatic classification.
quote-1450,1450,stage:fix-out,category:cabinetry,subcategory:vanity-units-900mm-colour,VANITY UNITS 900mm COLOUR,unresolved,,false,,,unresolved,,requires-review,Insufficient deterministic evidence for automatic classification.
quote-1451,1451,stage:fix-out,category:cabinetry,subcategory:baths,EXTEND VANITY TOP OVER BATH,product,product:baths:extend-vanity-top-over-bath,true,,,rule,product:category:cabinetry:subcategory:baths:extend-vanity-top-over-bath,missing-product-library-candidate,Physical selectable or supplier product candidate.
quote-1452,1452,stage:fix-out,category:cabinetry,subcategory:external-servery-bench,EXTERNAL SERVERY BENCH,unresolved,,false,,,unresolved,,requires-review,Insufficient deterministic evidence for automatic classification.
quote-1453,1453,stage:fix-out,category:cabinetry,subcategory:laundry-broom-closet-900mm,LAUNDRY BROOM CLOSET 900mm,unresolved,,false,,,unresolved,,requires-review,Insufficient deterministic evidence for automatic classification.
quote-1454,1454,stage:fix-out,category:cabinetry,subcategory:laundry-bench,LAUNDRY BENCH,unresolved,,false,,,unresolved,,requires-review,Insufficient deterministic evidence for automatic classification.
quote-1455,1455,stage:fix-out,category:cabinetry,subcategory:stone-surfaces,GRANITE BENCHTOPS,product,product:stone-surfaces:granite-benchtops,true,,,rule,product:category:cabinetry:subcategory:stone-surfaces:granite-benchtops,missing-product-library-candidate,Physical selectable or supplier product candidate.
quote-1456,1456,stage:fix-out,category:cabinetry,subcategory:add-for-waterfall-ends,ADD FOR WATERFALL ENDS,unresolved,,false,,,unresolved,,requires-review,Insufficient deterministic evidence for automatic classification.
quote-1457,1457,stage:fix-out,category:cabinetry,subcategory:kitchen-splashback,KITCHEN SPLASHBACK,unresolved,,false,,,unresolved,,requires-review,Insufficient deterministic evidence for automatic classification.
quote-1458,1458,stage:fix-out,category:cabinetry,subcategory:extra-for-createc-gloss-board,EXTRA FOR CREATEC GLOSS BOARD,unresolved,,false,,,unresolved,,requires-review,Insufficient deterministic evidence for automatic classification.
quote-1462,1462,stage:unassigned,category:whitegoods,subcategory:item,ITEM,unresolved,,false,,,unresolved,,requires-review,Insufficient deterministic evidence for automatic classification.
quote-1465,1465,stage:unassigned,category:arc,subcategory:arc-base-pack,ARC BASE PACK,unresolved,,false,,,unresolved,,requires-review,Insufficient deterministic evidence for automatic classification.
quote-1466,1466,stage:unassigned,category:appliances,subcategory:cooktops,CERAN COOKTOP (ICC6GE2),product,product:cooktops:ceran-cooktop-icc6ge2,true,,,rule,product:category:appliances:subcategory:cooktops:ceran-cooktop-icc6ge2,missing-product-library-candidate,Physical selectable or supplier product candidate.
quote-1467,1467,stage:unassigned,category:appliances,subcategory:cooktops,SOLID ELEMENT COOKTOP ACS6SE2,product,product:cooktops:solid-element-cooktop-acs6se2,true,,,rule,product:category:appliances:subcategory:cooktops:solid-element-cooktop-acs6se2,missing-product-library-candidate,Physical selectable or supplier product candidate.
quote-1468,1468,stage:unassigned,category:appliances,subcategory:ovens,MULTI FUNCTION OVEN (AOS6SE1),product,product:ovens:multi-function-oven-aos6se1,true,,,rule,product:category:appliances:subcategory:ovens:multi-function-oven-aos6se1,missing-product-library-candidate,Physical selectable or supplier product candidate.
quote-1469,1469,stage:unassigned,category:arc,subcategory:slideout-recirculating-ranghood-irr6se1,SLIDEOUT RECIRCULATING RANGHOOD (IRR6SE1),unresolved,,false,,,unresolved,,requires-review,Insufficient deterministic evidence for automatic classification.
quote-1472,1472,stage:unassigned,category:euromaid,subcategory:euromaid-base-pack,EUROMAID BASE PACK,unresolved,,false,,,unresolved,,requires-review,Insufficient deterministic evidence for automatic classification.
quote-1473,1473,stage:unassigned,category:appliances,subcategory:ovens,EUROMAID MULTIFUNCTION OVEN BS8,product,product:ovens:euromaid-multifunction-oven-bs8,true,,,rule,product:category:appliances:subcategory:ovens:euromaid-multifunction-oven-bs8,missing-product-library-candidate,Physical selectable or supplier product candidate.
quote-1474,1474,stage:unassigned,category:appliances,subcategory:cooktops,EUROMAID CERAN COOKTOP KCS4,product,product:cooktops:euromaid-ceran-cooktop-kcs4,true,,,rule,product:category:appliances:subcategory:cooktops:euromaid-ceran-cooktop-kcs4,missing-product-library-candidate,Physical selectable or supplier product candidate.
quote-1475,1475,stage:unassigned,category:appliances,subcategory:cooktops,EUROMAID 600mm GAS COOKTOP WK60s,product,product:cooktops:euromaid-600mm-gas-cooktop-wk60s,true,,,rule,product:category:appliances:subcategory:cooktops:euromaid-600mm-gas-cooktop-wk60s,missing-product-library-candidate,Physical selectable or supplier product candidate.
quote-1476,1476,stage:unassigned,category:appliances,subcategory:rangehoods,EUORMAID GLASS CANOPY RANGEHOOD,product,product:rangehoods:euormaid-glass-canopy-rangehood,true,,,rule,product:category:appliances:subcategory:rangehoods:euormaid-glass-canopy-rangehood,missing-product-library-candidate,Physical selectable or supplier product candidate.
quote-1477,1477,stage:unassigned,category:appliances,subcategory:rangehoods,EUROMAID RECIRULATING RANGEHOOD CS80S,product,product:rangehoods:euromaid-recirulating-rangehood-cs80s,true,,,rule,product:category:appliances:subcategory:rangehoods:euromaid-recirulating-rangehood-cs80s,missing-product-library-candidate,Physical selectable or supplier product candidate.
quote-1478,1478,stage:unassigned,category:appliances,subcategory:dishwashers,EUROMAID DISHWASHER DW24S,product,product:dishwashers:euromaid-dishwasher-dw24s,true,,,rule,product:category:appliances:subcategory:dishwashers:euromaid-dishwasher-dw24s,missing-product-library-candidate,Physical selectable or supplier product candidate.
quote-1481,1481,stage:unassigned,category:ariston,subcategory:ariston-base-pack,ARISTON BASE PACK,unresolved,,false,,,unresolved,,requires-review,Insufficient deterministic evidence for automatic classification.
quote-1482,1482,stage:unassigned,category:appliances,subcategory:ovens,ARISTON MULTIFUNCTION OVEN FZ51ix,product,product:ovens:ariston-multifunction-oven-fz51ix,true,,,rule,product:category:appliances:subcategory:ovens:ariston-multifunction-oven-fz51ix,missing-product-library-candidate,Physical selectable or supplier product candidate.
quote-1483,1483,stage:lock-up,category:appliances,subcategory:ovens,ARISTON M/FUNCT OVEN WITH CLOCK & LINERS,product,product:ovens:ariston-m-funct-oven-with-clock-and-liners,true,,,rule,product:category:appliances:subcategory:ovens:ariston-m-funct-oven-with-clock-and-liners,missing-product-library-candidate,Physical selectable or supplier product candidate.
quote-1484,1484,stage:unassigned,category:appliances,subcategory:cooktops,ARISTON 600mm TOUCH CONTROL COOKTOP,product,product:cooktops:ariston-600mm-touch-control-cooktop,true,,,rule,product:category:appliances:subcategory:cooktops:ariston-600mm-touch-control-cooktop,missing-product-library-candidate,Physical selectable or supplier product candidate.
quote-1485,1485,stage:unassigned,category:appliances,subcategory:cooktops,ARISTON 600mm GAS COOKTOP PH640MTIX,product,product:cooktops:ariston-600mm-gas-cooktop-ph640mtix,true,,,rule,product:category:appliances:subcategory:cooktops:ariston-600mm-gas-cooktop-ph640mtix,missing-product-library-candidate,Physical selectable or supplier product candidate.
quote-1486,1486,stage:unassigned,category:appliances,subcategory:cooktops,ARISTON GLASS COOKTOP PF640ESTix,product,product:cooktops:ariston-glass-cooktop-pf640estix,true,,,rule,product:category:appliances:subcategory:cooktops:ariston-glass-cooktop-pf640estix,missing-product-library-candidate,Physical selectable or supplier product candidate.
quote-1487,1487,stage:unassigned,category:ariston,subcategory:ariston-900mm-upright-stove-cp059mdx,ARISTON 900mm UPRIGHT STOVE CP059MDx,unresolved,,false,,,unresolved,,requires-review,Insufficient deterministic evidence for automatic classification.
quote-1488,1488,stage:unassigned,category:appliances,subcategory:rangehoods,ARISTON 900MM CANOPY RANGEHOOD SAR90ix,product,product:rangehoods:ariston-900mm-canopy-rangehood-sar90ix,true,,,rule,product:category:appliances:subcategory:rangehoods:ariston-900mm-canopy-rangehood-sar90ix,missing-product-library-candidate,Physical selectable or supplier product candidate.
quote-1489,1489,stage:unassigned,category:ariston,subcategory:ariston-600mm-slide-out-ranghood-rec,ARISTON 600mm SLIDE OUT RANGHOOD (REC),unresolved,,false,,,unresolved,,requires-review,Insufficient deterministic evidence for automatic classification.
quote-1490,1490,stage:unassigned,category:appliances,subcategory:dishwashers,ARISTON DISHWASHER LBF51x,product,product:dishwashers:ariston-dishwasher-lbf51x,true,,,rule,product:category:appliances:subcategory:dishwashers:ariston-dishwasher-lbf51x,missing-product-library-candidate,Physical selectable or supplier product candidate.
quote-1491,1491,stage:unassigned,category:appliances,subcategory:dishwashers,ARISTON INTEGRATED DISHWASHER LFT216A,product,product:dishwashers:ariston-integrated-dishwasher-lft216a,true,,,rule,product:category:appliances:subcategory:dishwashers:ariston-integrated-dishwasher-lft216a,missing-product-library-candidate,Physical selectable or supplier product candidate.
quote-1492,1492,stage:unassigned,category:appliances,subcategory:ovens,ARISTON MICROWAVE OVEN MWA228ix,product,product:ovens:ariston-microwave-oven-mwa228ix,true,,,rule,product:category:appliances:subcategory:ovens:ariston-microwave-oven-mwa228ix,missing-product-library-candidate,Physical selectable or supplier product candidate.
quote-1496,1496,stage:unassigned,category:appliances,subcategory:dishwashers,BASE PACK INC DISHWASHER,product,product:dishwashers:base-pack-inc-dishwasher,true,,,rule,product:category:appliances:subcategory:dishwashers:base-pack-inc-dishwasher,missing-product-library-candidate,Physical selectable or supplier product candidate.
quote-1497,1497,stage:unassigned,category:appliances,subcategory:ovens,OMEGA 00651XR 600mm S/S OVEN,product,product:ovens:omega-00651xr-600mm-s-s-oven,true,,,rule,product:category:appliances:subcategory:ovens:omega-00651xr-600mm-s-s-oven,missing-product-library-candidate,Physical selectable or supplier product candidate.
quote-1498,1498,stage:unassigned,category:appliances,subcategory:cooktops,OMEGA 0C64BA 600mm CERAMIC COOKTOP,product,product:cooktops:omega-0c64ba-600mm-ceramic-cooktop,true,,,rule,product:category:appliances:subcategory:cooktops:omega-0c64ba-600mm-ceramic-cooktop,missing-product-library-candidate,Physical selectable or supplier product candidate.
quote-1499,1499,stage:unassigned,category:appliances,subcategory:rangehoods,OMEGA ORT6WXA 600mm SLIDEOUT RANGEHOOD,product,product:rangehoods:omega-ort6wxa-600mm-slideout-rangehood,true,,,rule,product:category:appliances:subcategory:rangehoods:omega-ort6wxa-600mm-slideout-rangehood,missing-product-library-candidate,Physical selectable or supplier product candidate.
quote-1500,1500,stage:unassigned,category:appliances,subcategory:dishwashers,OMEGA ODW702XB 600mm S/S DISHWASHER,product,product:dishwashers:omega-odw702xb-600mm-s-s-dishwasher,true,,,rule,product:category:appliances:subcategory:dishwashers:omega-odw702xb-600mm-s-s-dishwasher,missing-product-library-candidate,Physical selectable or supplier product candidate.
quote-1501,1501,stage:unassigned,category:omega,subcategory:omega-upgrade-options,OMEGA UPGRADE OPTIONS,unresolved,,false,,,unresolved,,requires-review,Insufficient deterministic evidence for automatic classification.
quote-1502,1502,stage:lock-up,category:appliances,subcategory:ovens,"OMEGA OO652XR 600mm s/steel multifunction oven, clock",product,product:ovens:omega-oo652xr-600mm-s-steel-multifunction-oven-clock,true,,,rule,product:category:appliances:subcategory:ovens:omega-oo652xr-600mm-s-steel-multifunction-oven-clock,missing-product-library-candidate,Physical selectable or supplier product candidate.
quote-1503,1503,stage:lock-up,category:appliances,subcategory:ovens,"OMEGA OO971XN 900mm s/steel multifunction oven, clock",product,product:ovens:omega-oo971xn-900mm-s-steel-multifunction-oven-clock,true,,,rule,product:category:appliances:subcategory:ovens:omega-oo971xn-900mm-s-steel-multifunction-oven-clock,missing-product-library-candidate,Physical selectable or supplier product candidate.
quote-1504,1504,stage:unassigned,category:omega,subcategory:omega-of901xa-900mm-s-steel-multifunction-electric-gas-upright-range,OMEGA OF901XA 900mm s/steel multifunction electric/gas upright range,unresolved,,false,,,unresolved,,requires-review,Insufficient deterministic evidence for automatic classification.
quote-1505,1505,stage:unassigned,category:appliances,subcategory:cooktops,"OMEGA OG60XA 600mm s/steel gas cooktop, electric ignition",product,product:cooktops:omega-og60xa-600mm-s-steel-gas-cooktop-electric-ignition,true,,,rule,product:category:appliances:subcategory:cooktops:omega-og60xa-600mm-s-steel-gas-cooktop-electric-ignition,missing-product-library-candidate,Physical selectable or supplier product candidate.
quote-1506,1506,stage:unassigned,category:appliances,subcategory:cooktops,"OMEGA OG91XA 900mm s/steel gas cooktop, electric ignition,wok burner, cast trivets",product,product:cooktops:omega-og91xa-900mm-s-steel-gas-cooktop-electric-ignition-wok-burner-cast-trivets,true,,,rule,product:category:appliances:subcategory:cooktops:omega-og91xa-900mm-s-steel-gas-cooktop-electric-ignition-wok-burner-cast-trivets,missing-product-library-candidate,Physical selectable or supplier product candidate.
quote-1507,1507,stage:unassigned,category:appliances,subcategory:cooktops,"OMEGA OG91XA 900mm ceramic cooktop, trimless,touch control",product,product:cooktops:omega-og91xa-900mm-ceramic-cooktop-trimless-touch-control,true,,,rule,product:category:appliances:subcategory:cooktops:omega-og91xa-900mm-ceramic-cooktop-trimless-touch-control,missing-product-library-candidate,Physical selectable or supplier product candidate.
quote-1508,1508,stage:unassigned,category:appliances,subcategory:rangehoods,"OMEGA OR617CXA 600mm s/steel canopy rangehood, 550m3/hr",product,product:rangehoods:omega-or617cxa-600mm-s-steel-canopy-rangehood-550m3-hr,true,,,rule,product:category:appliances:subcategory:rangehoods:omega-or617cxa-600mm-s-steel-canopy-rangehood-550m3-hr,missing-product-library-candidate,Physical selectable or supplier product candidate.
quote-1509,1509,stage:unassigned,category:appliances,subcategory:rangehoods,"OMEGA OR917CXA 900mm s/steel canopy rangehood, 550m3/hr",product,product:rangehoods:omega-or917cxa-900mm-s-steel-canopy-rangehood-550m3-hr,true,,,rule,product:category:appliances:subcategory:rangehoods:omega-or917cxa-900mm-s-steel-canopy-rangehood-550m3-hr,missing-product-library-candidate,Physical selectable or supplier product candidate.
quote-1510,1510,stage:unassigned,category:appliances,subcategory:rangehoods,OMEGA OR915CXA 900mm s/steel and curved glass canopy rangehood,product,product:rangehoods:omega-or915cxa-900mm-s-steel-and-curved-glass-canopy-rangehood,true,,,rule,product:category:appliances:subcategory:rangehoods:omega-or915cxa-900mm-s-steel-and-curved-glass-canopy-rangehood,missing-product-library-candidate,Physical selectable or supplier product candidate.
quote-1511,1511,stage:unassigned,category:appliances,subcategory:rangehoods,"OMEGA OR920CXB 900mm s/steel canopy rangehood, 900m3/hr, LED lighting",product,product:rangehoods:omega-or920cxb-900mm-s-steel-canopy-rangehood-900m3-hr-led-lighting,true,,,rule,product:category:appliances:subcategory:rangehoods:omega-or920cxb-900mm-s-steel-canopy-rangehood-900m3-hr-led-lighting,missing-product-library-candidate,Physical selectable or supplier product candidate.
quote-1512,1512,stage:unassigned,category:appliances,subcategory:dishwashers,OMEGA OFI603A 600mm fully integrated dishwasher,product,product:dishwashers:omega-ofi603a-600mm-fully-integrated-dishwasher,true,,,rule,product:category:appliances:subcategory:dishwashers:omega-ofi603a-600mm-fully-integrated-dishwasher,missing-product-library-candidate,Physical selectable or supplier product candidate.
quote-1516,1516,stage:unassigned,category:blanco,subcategory:blanco-base-pack,BLANCO BASE PACK,unresolved,,false,,,unresolved,,requires-review,Insufficient deterministic evidence for automatic classification.
quote-1517,1517,stage:unassigned,category:appliances,subcategory:ovens,"BLANCO OE604XP 600mm s/steel fan forced oven, timer",product,product:ovens:blanco-oe604xp-600mm-s-steel-fan-forced-oven-timer,true,,,rule,product:category:appliances:subcategory:ovens:blanco-oe604xp-600mm-s-steel-fan-forced-oven-timer,missing-product-library-candidate,Physical selectable or supplier product candidate.
quote-1518,1518,stage:unassigned,category:appliances,subcategory:cooktops,"BLANCO BCCK60N 600mm ceramic cooktop, trimless, knob control",product,product:cooktops:blanco-bcck60n-600mm-ceramic-cooktop-trimless-knob-control,true,,,rule,product:category:appliances:subcategory:cooktops:blanco-bcck60n-600mm-ceramic-cooktop-trimless-knob-control,missing-product-library-candidate,Physical selectable or supplier product candidate.
quote-1519,1519,stage:unassigned,category:appliances,subcategory:rangehoods,BLANCO BRSR60X 600mm s/steel slideaway front recirculating rangehood,product,product:rangehoods:blanco-brsr60x-600mm-s-steel-slideaway-front-recirculating-rangehood,true,,,rule,product:category:appliances:subcategory:rangehoods:blanco-brsr60x-600mm-s-steel-slideaway-front-recirculating-rangehood,missing-product-library-candidate,Physical selectable or supplier product candidate.
quote-1520,1520,stage:unassigned,category:appliances,subcategory:dishwashers,BLANCO DWF6XP 600mm s/steel dishwasher,product,product:dishwashers:blanco-dwf6xp-600mm-s-steel-dishwasher,true,,,rule,product:category:appliances:subcategory:dishwashers:blanco-dwf6xp-600mm-s-steel-dishwasher,missing-product-library-candidate,Physical selectable or supplier product candidate.
quote-1522,1522,stage:lock-up,category:appliances,subcategory:ovens,"BLANCO OE606XP 600mm s/steel multifunction oven, clock",product,product:ovens:blanco-oe606xp-600mm-s-steel-multifunction-oven-clock,true,,,rule,product:category:appliances:subcategory:ovens:blanco-oe606xp-600mm-s-steel-multifunction-oven-clock,missing-product-library-candidate,Physical selectable or supplier product candidate.
quote-1523,1523,stage:lock-up,category:appliances,subcategory:ovens,"BLANCO OE606X 600mm black glass multifunction oven, clock",product,product:ovens:blanco-oe606x-600mm-black-glass-multifunction-oven-clock,true,,,rule,product:category:appliances:subcategory:ovens:blanco-oe606x-600mm-black-glass-multifunction-oven-clock,missing-product-library-candidate,Physical selectable or supplier product candidate.
quote-1524,1524,stage:lock-up,category:appliances,subcategory:ovens,"BLANCO OE908XP 900mm s/steel multifunction oven, clock",product,product:ovens:blanco-oe908xp-900mm-s-steel-multifunction-oven-clock,true,,,rule,product:category:appliances:subcategory:ovens:blanco-oe908xp-900mm-s-steel-multifunction-oven-clock,missing-product-library-candidate,Physical selectable or supplier product candidate.
quote-1525,1525,stage:unassigned,category:blanco-upgrade-options,subcategory:blanco-fd9085wx-900mm-s-steel-multifunction-electric-gas-upright-range,BLANCO FD9085WX 900mm s/steel multifunction electric/gas upright range,unresolved,,false,,,unresolved,,requires-review,Insufficient deterministic evidence for automatic classification.
quote-1526,1526,stage:unassigned,category:appliances,subcategory:cooktops,"BLANCO CG604WXP 600mm s/steel gas cooktop, wok burner, electric ignition",product,product:cooktops:blanco-cg604wxp-600mm-s-steel-gas-cooktop-wok-burner-electric-ignition,true,,,rule,product:category:appliances:subcategory:cooktops:blanco-cg604wxp-600mm-s-steel-gas-cooktop-wok-burner-electric-ignition,missing-product-library-candidate,Physical selectable or supplier product candidate.
quote-1527,1527,stage:unassigned,category:appliances,subcategory:cooktops,"BLANCO CG905WXC 900mm s/steel gas cooktop, elect ign,wok burner, cast trivets",product,product:cooktops:blanco-cg905wxc-900mm-s-steel-gas-cooktop-elect-ign-wok-burner-cast-trivets,true,,,rule,product:category:appliances:subcategory:cooktops:blanco-cg905wxc-900mm-s-steel-gas-cooktop-elect-ign-wok-burner-cast-trivets,missing-product-library-candidate,Physical selectable or supplier product candidate.
quote-1528,1528,stage:unassigned,category:appliances,subcategory:cooktops,"BLANCO CCT905X 900mm ceramic cooktop, trimless, touch control, autoboil, timer",product,product:cooktops:blanco-cct905x-900mm-ceramic-cooktop-trimless-touch-control-autoboil-timer,true,,,rule,product:category:appliances:subcategory:cooktops:blanco-cct905x-900mm-ceramic-cooktop-trimless-touch-control-autoboil-timer,missing-product-library-candidate,Physical selectable or supplier product candidate.
quote-1529,1529,stage:unassigned,category:appliances,subcategory:rangehoods,"BLANCO BWCE9X 900mm s/steel canopy rangehood, 650m3/hr",product,product:rangehoods:blanco-bwce9x-900mm-s-steel-canopy-rangehood-650m3-hr,true,,,rule,product:category:appliances:subcategory:rangehoods:blanco-bwce9x-900mm-s-steel-canopy-rangehood-650m3-hr,missing-product-library-candidate,Physical selectable or supplier product candidate.
quote-1530,1530,stage:unassigned,category:appliances,subcategory:rangehoods,"BLANCO BWC9X 900mm s/steel canopy rangehood, 900m3/hr",product,product:rangehoods:blanco-bwc9x-900mm-s-steel-canopy-rangehood-900m3-hr,true,,,rule,product:category:appliances:subcategory:rangehoods:blanco-bwc9x-900mm-s-steel-canopy-rangehood-900m3-hr,missing-product-library-candidate,Physical selectable or supplier product candidate.
quote-1531,1531,stage:unassigned,category:appliances,subcategory:dishwashers,"BLANCO DWF5X 600mm s/steel dishwasher, 4 star water rating",product,product:dishwashers:blanco-dwf5x-600mm-s-steel-dishwasher-4-star-water-rating,true,,,rule,product:category:appliances:subcategory:dishwashers:blanco-dwf5x-600mm-s-steel-dishwasher-4-star-water-rating,missing-product-library-candidate,Physical selectable or supplier product candidate.
quote-1532,1532,stage:unassigned,category:appliances,subcategory:microwaves,BLANCO MF29SX s/steel 29 litre microwave,product,product:microwaves:blanco-mf29sx-s-steel-29-litre-microwave,true,,,rule,product:category:appliances:subcategory:microwaves:blanco-mf29sx-s-steel-29-litre-microwave,missing-product-library-candidate,Physical selectable or supplier product candidate.
quote-1533,1533,stage:unassigned,category:appliances,subcategory:microwaves,BLANCO MTK29X 600mm s/steel built in trim kit for microwave,product,product:microwaves:blanco-mtk29x-600mm-s-steel-built-in-trim-kit-for-microwave,true,,,rule,product:category:appliances:subcategory:microwaves:blanco-mtk29x-600mm-s-steel-built-in-trim-kit-for-microwave,missing-product-library-candidate,Physical selectable or supplier product candidate.
quote-1537,1537,stage:unassigned,category:smeg,subcategory:base-smeg-pack,BASE SMEG PACK,unresolved,,false,,,unresolved,,requires-review,Insufficient deterministic evidence for automatic classification.
quote-1538,1538,stage:unassigned,category:appliances,subcategory:ovens,"SMEG SA561X-9 600mm s/steel 9 function oven, thermoseal cooking, timer",product,product:ovens:smeg-sa561x-9-600mm-s-steel-9-function-oven-thermoseal-cooking-timer,true,,,rule,product:category:appliances:subcategory:ovens:smeg-sa561x-9-600mm-s-steel-9-function-oven-thermoseal-cooking-timer,missing-product-library-candidate,Physical selectable or supplier product candidate.
quote-1539,1539,stage:unassigned,category:appliances,subcategory:cooktops,"SMEG SA611XC 600mm ceramic cooktop, trimless, touch control",product,product:cooktops:smeg-sa611xc-600mm-ceramic-cooktop-trimless-touch-control,true,,,rule,product:category:appliances:subcategory:cooktops:smeg-sa611xc-600mm-ceramic-cooktop-trimless-touch-control,missing-product-library-candidate,Physical selectable or supplier product candidate.
quote-1540,1540,stage:unassigned,category:appliances,subcategory:rangehoods,SMEG SAH460SS-1 600mm s/steel slideaway front recirculating rangehood,product,product:rangehoods:smeg-sah460ss-1-600mm-s-steel-slideaway-front-recirculating-rangehood,true,,,rule,product:category:appliances:subcategory:rangehoods:smeg-sah460ss-1-600mm-s-steel-slideaway-front-recirculating-rangehood,missing-product-library-candidate,Physical selectable or supplier product candidate.
quote-1541,1541,stage:unassigned,category:appliances,subcategory:dishwashers,"SMEG DWA149S 600mm s/steel dishwasher, 4 star water rating",product,product:dishwashers:smeg-dwa149s-600mm-s-steel-dishwasher-4-star-water-rating,true,,,rule,product:category:appliances:subcategory:dishwashers:smeg-dwa149s-600mm-s-steel-dishwasher-4-star-water-rating,missing-product-library-candidate,Physical selectable or supplier product candidate.
quote-1543,1543,stage:lock-up,category:appliances,subcategory:ovens,"SMEG SA578X-9 600mm s/steel 9 function oven, thermoseal cooking, programmable clock",product,product:ovens:smeg-sa578x-9-600mm-s-steel-9-function-oven-thermoseal-cooking-programmable-clock,true,,,rule,product:category:appliances:subcategory:ovens:smeg-sa578x-9-600mm-s-steel-9-function-oven-thermoseal-cooking-programmable-clock,missing-product-library-candidate,Physical selectable or supplier product candidate.
quote-1544,1544,stage:unassigned,category:appliances,subcategory:ovens,"SMEG SAP578X-9 600mm s/steel 9 function oven, thermoseal cooking, pyrolytic cleaning",product,product:ovens:smeg-sap578x-9-600mm-s-steel-9-function-oven-thermoseal-cooking-pyrolytic-cleaning,true,,,rule,product:category:appliances:subcategory:ovens:smeg-sap578x-9-600mm-s-steel-9-function-oven-thermoseal-cooking-pyrolytic-cleaning,missing-product-library-candidate,Physical selectable or supplier product candidate.
quote-1545,1545,stage:unassigned,category:appliances,subcategory:ovens,SMEG SA45VX2 600mm compact inbuilt steam oven,product,product:ovens:smeg-sa45vx2-600mm-compact-inbuilt-steam-oven,true,,,rule,product:category:appliances:subcategory:ovens:smeg-sa45vx2-600mm-compact-inbuilt-steam-oven,missing-product-library-candidate,Physical selectable or supplier product candidate.
quote-1546,1546,stage:preliminaries,category:preliminaries,subcategory:statutory-fees,SMEG CMS45X 600mm compact inbuilt coffee machine,estimating-item,estimating:statutory-fees:smeg-cms45x-600mm-compact-inbuilt-coffee-machine,false,,,rule,estimating-item:category:preliminaries:subcategory:statutory-fees:smeg-cms45x-600mm-compact-inbuilt-coffee-machine,missing-estimating-catalogue-candidate,"Labour, plant, fee, service, or construction resource candidate."
quote-1547,1547,stage:lock-up,category:appliances,subcategory:ovens,"SMEG SA990XR8 900mm s/steel multifunction oven, thermoseal cooking, programmable clock",product,product:ovens:smeg-sa990xr8-900mm-s-steel-multifunction-oven-thermoseal-cooking-programmable-clock,true,,,rule,product:category:appliances:subcategory:ovens:smeg-sa990xr8-900mm-s-steel-multifunction-oven-thermoseal-cooking-programmable-clock,missing-product-library-candidate,Physical selectable or supplier product candidate.
quote-1548,1548,stage:unassigned,category:appliances,subcategory:cooktops,"SMEG CIR66XS 600mm s/steel gas cooktop, wok burner, cast trivets, flame failure",product,product:cooktops:smeg-cir66xs-600mm-s-steel-gas-cooktop-wok-burner-cast-trivets-flame-failure,true,,,rule,product:category:appliances:subcategory:cooktops:smeg-cir66xs-600mm-s-steel-gas-cooktop-wok-burner-cast-trivets-flame-failure,missing-product-library-candidate,Physical selectable or supplier product candidate.
quote-1549,1549,stage:unassigned,category:appliances,subcategory:cooktops,"SMEG CIR93AXS 900mm s/steel gas cooktop, wok burner, cast trivets, flame failure",product,product:cooktops:smeg-cir93axs-900mm-s-steel-gas-cooktop-wok-burner-cast-trivets-flame-failure,true,,,rule,product:category:appliances:subcategory:cooktops:smeg-cir93axs-900mm-s-steel-gas-cooktop-wok-burner-cast-trivets-flame-failure,missing-product-library-candidate,Physical selectable or supplier product candidate.
quote-1550,1550,stage:unassigned,category:appliances,subcategory:cooktops,"SMEG SIHP263S 600mm 3 zone induction cooktop ,trimless, touch control",product,product:cooktops:smeg-sihp263s-600mm-3-zone-induction-cooktop-trimless-touch-control,true,,,rule,product:category:appliances:subcategory:cooktops:smeg-sihp263s-600mm-3-zone-induction-cooktop-trimless-touch-control,missing-product-library-candidate,Physical selectable or supplier product candidate.
quote-1551,1551,stage:unassigned,category:appliances,subcategory:cooktops,"SMEG SIHP294S 900mm 4 zone induction cooktop ,trimless, touch control",product,product:cooktops:smeg-sihp294s-900mm-4-zone-induction-cooktop-trimless-touch-control,true,,,rule,product:category:appliances:subcategory:cooktops:smeg-sihp294s-900mm-4-zone-induction-cooktop-trimless-touch-control,missing-product-library-candidate,Physical selectable or supplier product candidate.
quote-1552,1552,stage:unassigned,category:appliances,subcategory:rangehoods,"SMEG K181V90 900mm s/steel canopy rangehood, black glass fascia, 590m3/hr",product,product:rangehoods:smeg-k181v90-900mm-s-steel-canopy-rangehood-black-glass-fascia-590m3-hr,true,,,rule,product:category:appliances:subcategory:rangehoods:smeg-k181v90-900mm-s-steel-canopy-rangehood-black-glass-fascia-590m3-hr,missing-product-library-candidate,Physical selectable or supplier product candidate.
quote-1553,1553,stage:unassigned,category:appliances,subcategory:dishwashers,"SMEG DWAFI149 600mm fully integrated dishwasher, 4 star water rating",product,product:dishwashers:smeg-dwafi149-600mm-fully-integrated-dishwasher-4-star-water-rating,true,,,rule,product:category:appliances:subcategory:dishwashers:smeg-dwafi149-600mm-fully-integrated-dishwasher-4-star-water-rating,missing-product-library-candidate,Physical selectable or supplier product candidate.
quote-1554,1554,stage:unassigned,category:appliances,subcategory:microwaves,SMEG SA35MX s/steel 34 litre microwave,product,product:microwaves:smeg-sa35mx-s-steel-34-litre-microwave,true,,,rule,product:category:appliances:subcategory:microwaves:smeg-sa35mx-s-steel-34-litre-microwave,missing-product-library-candidate,Physical selectable or supplier product candidate.
quote-1555,1555,stage:unassigned,category:appliances,subcategory:microwaves,SMEG STK60X34D 600mm s/steel built in trim kit for microwave,product,product:microwaves:smeg-stk60x34d-600mm-s-steel-built-in-trim-kit-for-microwave,true,,,rule,product:category:appliances:subcategory:microwaves:smeg-stk60x34d-600mm-s-steel-built-in-trim-kit-for-microwave,missing-product-library-candidate,Physical selectable or supplier product candidate.
quote-1559,1559,stage:lock-up,category:roofing,subcategory:item,ITEM,estimating-item,estimating:item:item,false,,,rule,estimating-item:category:roofing:subcategory:item:item,missing-estimating-catalogue-candidate,"Labour, plant, fee, service, or construction resource candidate."
quote-1561,1561,stage:lock-up,category:roofing,subcategory:waterproofing-quote,WATERPROOFING QUOTE,estimating-item,estimating:waterproofing-quote:waterproofing-quote,false,,,rule,estimating-item:category:roofing:subcategory:waterproofing-quote:waterproofing-quote,missing-estimating-catalogue-candidate,"Labour, plant, fee, service, or construction resource candidate."
quote-1562,1562,stage:lock-up,category:plumbing-fixtures,subcategory:baths,WATERPROOF STANDARD BATHROOM,product,product:baths:waterproof-standard-bathroom,true,,,rule,product:category:plumbing-fixtures:subcategory:baths:waterproof-standard-bathroom,missing-product-library-candidate,Physical selectable or supplier product candidate.
quote-1563,1563,stage:lock-up,category:roofing,subcategory:waterproof-standard-ensuite,WATERPROOF STANDARD ENSUITE,estimating-item,estimating:waterproof-standard-ensuite:waterproof-standard-ensuite,false,,,rule,estimating-item:category:roofing:subcategory:waterproof-standard-ensuite:waterproof-standard-ensuite,missing-estimating-catalogue-candidate,"Labour, plant, fee, service, or construction resource candidate."
quote-1564,1564,stage:lock-up,category:plumbing-fixtures,subcategory:toilets,WATERPROOF TOILET,product,product:toilets:waterproof-toilet,true,,,rule,product:category:plumbing-fixtures:subcategory:toilets:waterproof-toilet,missing-product-library-candidate,Physical selectable or supplier product candidate.
quote-1565,1565,stage:lock-up,category:roofing,subcategory:waterproof-laundry,WATERPROOF LAUNDRY,estimating-item,estimating:waterproof-laundry:waterproof-laundry,false,,,rule,estimating-item:category:roofing:subcategory:waterproof-laundry:waterproof-laundry,missing-estimating-catalogue-candidate,"Labour, plant, fee, service, or construction resource candidate."
quote-1566,1566,stage:lock-up,category:flooring-tiling,subcategory:waterproof-balcony-floor,WATERPROOF BALCONY FLOOR,estimating-item,estimating:waterproof-balcony-floor:waterproof-balcony-floor,false,,,rule,estimating-item:category:flooring-tiling:subcategory:waterproof-balcony-floor:waterproof-balcony-floor,missing-estimating-catalogue-candidate,"Labour, plant, fee, service, or construction resource candidate."
quote-1567,1567,stage:base,category:plumbing-fixtures,subcategory:showers,SHOWER BASE CONSTRUCT ON SITE,product,product:showers:shower-base-construct-on-site,true,,,rule,product:category:plumbing-fixtures:subcategory:showers:shower-base-construct-on-site,missing-product-library-candidate,Physical selectable or supplier product candidate.
quote-1568,1568,stage:lock-up,category:flooring-tiling,subcategory:waterproofing-floors,WATERPROOFING FLOORS,estimating-item,estimating:waterproofing-floors:waterproofing-floors,false,,,rule,estimating-item:category:flooring-tiling:subcategory:waterproofing-floors:waterproofing-floors,missing-estimating-catalogue-candidate,"Labour, plant, fee, service, or construction resource candidate."
quote-1569,1569,stage:lock-up,category:flooring-tiling,subcategory:wall-to-floor-intersections,WALL TO FLOOR INTERSECTIONS,estimating-item,estimating:wall-to-floor-intersections:wall-to-floor-intersections,false,,,rule,estimating-item:category:flooring-tiling:subcategory:wall-to-floor-intersections:wall-to-floor-intersections,missing-estimating-catalogue-candidate,"Labour, plant, fee, service, or construction resource candidate."
quote-1570,1570,stage:lock-up,category:plumbing-fixtures,subcategory:showers,WATERPROOF SHOWER,product,product:showers:waterproof-shower,true,,,rule,product:category:plumbing-fixtures:subcategory:showers:waterproof-shower,missing-product-library-candidate,Physical selectable or supplier product candidate.
quote-1571,1571,stage:lock-up,category:plumbing-fixtures,subcategory:showers,WATERPROOF LARGE SHOWER,product,product:showers:waterproof-large-shower,true,,,rule,product:category:plumbing-fixtures:subcategory:showers:waterproof-large-shower,missing-product-library-candidate,Physical selectable or supplier product candidate.
quote-1572,1572,stage:lock-up,category:plumbing-fixtures,subcategory:showers,WATERPROOF SHOWER (3 WALLS),product,product:showers:waterproof-shower-3-walls,true,,,rule,product:category:plumbing-fixtures:subcategory:showers:waterproof-shower-3-walls,missing-product-library-candidate,Physical selectable or supplier product candidate.
quote-1573,1573,stage:lock-up,category:flooring-tiling,subcategory:floor-waste,FLOOR WASTE,estimating-item,estimating:floor-waste:floor-waste,false,,,rule,estimating-item:category:flooring-tiling:subcategory:floor-waste:floor-waste,missing-estimating-catalogue-candidate,"Labour, plant, fee, service, or construction resource candidate."
quote-1574,1574,stage:lock-up,category:flooring-tiling,subcategory:floor-waste-covers,FLOOR WASTE COVERS,estimating-item,estimating:floor-waste-covers:floor-waste-covers,false,,,rule,estimating-item:category:flooring-tiling:subcategory:floor-waste-covers:floor-waste-covers,missing-estimating-catalogue-candidate,"Labour, plant, fee, service, or construction resource candidate."
quote-1575,1575,stage:lock-up,category:plumbing-fixtures,subcategory:baths,BATH,product,product:baths:bath,true,,,rule,product:category:plumbing-fixtures:subcategory:baths:bath,missing-product-library-candidate,Physical selectable or supplier product candidate.
quote-1576,1576,stage:lock-up,category:plumbing-fixtures,subcategory:baths,BATH HOB,product,product:baths:bath-hob,true,,,rule,product:category:plumbing-fixtures:subcategory:baths:bath-hob,missing-product-library-candidate,Physical selectable or supplier product candidate.
quote-1580,1580,stage:unassigned,category:tiling,subcategory:item,ITEM,unresolved,,false,,,unresolved,,requires-review,Insufficient deterministic evidence for automatic classification.
quote-1583,1583,stage:fix-out,category:plumbing-fixtures,subcategory:baths,TILE QUOTE,product,product:baths:tile-quote,true,,,rule,product:category:plumbing-fixtures:subcategory:baths:tile-quote,missing-product-library-candidate,Physical selectable or supplier product candidate.
quote-1585,1585,stage:fix-out,category:plumbing-fixtures,subcategory:baths,WALL TILES,product,product:baths:wall-tiles,true,,,rule,product:category:plumbing-fixtures:subcategory:baths:wall-tiles,missing-product-library-candidate,Physical selectable or supplier product candidate.
quote-1586,1586,stage:fix-out,category:plumbing-fixtures,subcategory:baths,900 x 900 x 2.0 SHOWER RECESS (3.6 M2),product,product:baths:900-x-900-x-2-0-shower-recess-3-6-m2,true,,,rule,product:category:plumbing-fixtures:subcategory:baths:900-x-900-x-2-0-shower-recess-3-6-m2,missing-product-library-candidate,Physical selectable or supplier product candidate.
quote-1587,1587,stage:fix-out,category:plumbing-fixtures,subcategory:baths,SKIRTING TILES,product,product:baths:skirting-tiles,true,,,rule,product:category:plumbing-fixtures:subcategory:baths:skirting-tiles,missing-product-library-candidate,Physical selectable or supplier product candidate.
quote-1588,1588,stage:fix-out,category:plumbing-fixtures,subcategory:baths,FLOOR TILES,product,product:baths:floor-tiles,true,,,rule,product:category:plumbing-fixtures:subcategory:baths:floor-tiles,missing-product-library-candidate,Physical selectable or supplier product candidate.
quote-1589,1589,stage:fix-out,category:plumbing-fixtures,subcategory:baths,BATH ARPON (1.8 M2),product,product:baths:bath-arpon-1-8-m2,true,,,rule,product:category:plumbing-fixtures:subcategory:baths:bath-arpon-1-8-m2,missing-product-library-candidate,Physical selectable or supplier product candidate.
quote-1590,1590,stage:fix-out,category:plumbing-fixtures,subcategory:baths,BATH HOB (1 M2),product,product:baths:bath-hob-1-m2,true,,,rule,product:category:plumbing-fixtures:subcategory:baths:bath-hob-1-m2,missing-product-library-candidate,Physical selectable or supplier product candidate.
quote-1591,1591,stage:fix-out,category:plumbing-fixtures,subcategory:baths,SPLASHBACK,product,product:baths:splashback,true,,,rule,product:category:plumbing-fixtures:subcategory:baths:splashback,missing-product-library-candidate,Physical selectable or supplier product candidate.
quote-1592,1592,stage:fix-out,category:plumbing-fixtures,subcategory:baths,SOAP HOLDER,product,product:baths:soap-holder,true,,,rule,product:category:plumbing-fixtures:subcategory:baths:soap-holder,missing-product-library-candidate,Physical selectable or supplier product candidate.
quote-1593,1593,stage:fix-out,category:plumbing-fixtures,subcategory:baths,FREEZE TILES (50 x 200),product,product:baths:freeze-tiles-50-x-200,true,,,rule,product:category:plumbing-fixtures:subcategory:baths:freeze-tiles-50-x-200,missing-product-library-candidate,Physical selectable or supplier product candidate.
quote-1594,1594,stage:fix-out,category:plumbing-fixtures,subcategory:baths,FEATURE TILES,product,product:baths:feature-tiles,true,,,rule,product:category:plumbing-fixtures:subcategory:baths:feature-tiles,missing-product-library-candidate,Physical selectable or supplier product candidate.
quote-1595,1595,stage:fix-out,category:plumbing-fixtures,subcategory:baths,OTHER,product,product:baths:other,true,,,rule,product:category:plumbing-fixtures:subcategory:baths:other,missing-product-library-candidate,Physical selectable or supplier product candidate.
quote-1598,1598,stage:fix-out,category:flooring-tiling,subcategory:wall-tiles,WALL TILES,product,product:wall-tiles:wall-tiles,true,,,rule,product:category:flooring-tiling:subcategory:wall-tiles:wall-tiles,missing-product-library-candidate,Physical selectable or supplier product candidate.
quote-1599,1599,stage:unassigned,category:plumbing-fixtures,subcategory:showers,900 x 900 x 2.0 SHOWER (3.6 M2) OR (6.6 M2),product,product:showers:900-x-900-x-2-0-shower-3-6-m2-or-6-6-m2,true,,,rule,product:category:plumbing-fixtures:subcategory:showers:900-x-900-x-2-0-shower-3-6-m2-or-6-6-m2,missing-product-library-candidate,Physical selectable or supplier product candidate.
quote-1600,1600,stage:fix-out,category:flooring-tiling,subcategory:skirting-tiles,SKIRTING TILES,product,product:skirting-tiles:skirting-tiles,true,,,rule,product:category:flooring-tiling:subcategory:skirting-tiles:skirting-tiles,missing-product-library-candidate,Physical selectable or supplier product candidate.
quote-1601,1601,stage:fix-out,category:flooring-tiling,subcategory:floor-tiles,FLOOR TILES,product,product:floor-tiles:floor-tiles,true,,,rule,product:category:flooring-tiling:subcategory:floor-tiles:floor-tiles,missing-product-library-candidate,Physical selectable or supplier product candidate.
quote-1602,1602,stage:fix-out,category:plumbing-fixtures,subcategory:baths,BATH ARPON,product,product:baths:bath-arpon,true,,,rule,product:category:plumbing-fixtures:subcategory:baths:bath-arpon,missing-product-library-candidate,Physical selectable or supplier product candidate.
quote-1603,1603,stage:fix-out,category:plumbing-fixtures,subcategory:baths,BATH HOB,product,product:baths:bath-hob,true,,,rule,product:category:plumbing-fixtures:subcategory:baths:bath-hob,missing-product-library-candidate,Physical selectable or supplier product candidate.
quote-1604,1604,stage:unassigned,category:ensuite,subcategory:splashback,SPLASHBACK,unresolved,,false,,,unresolved,,requires-review,Insufficient deterministic evidence for automatic classification.
quote-1605,1605,stage:unassigned,category:ensuite,subcategory:soap-holder,SOAP HOLDER,unresolved,,false,,,unresolved,,requires-review,Insufficient deterministic evidence for automatic classification.
quote-1606,1606,stage:fix-out,category:flooring-tiling,subcategory:freeze-tiles-50-x-200,FREEZE TILES (50 x 200),product,product:freeze-tiles-50-x-200:freeze-tiles-50-x-200,true,,,rule,product:category:flooring-tiling:subcategory:freeze-tiles-50-x-200:freeze-tiles-50-x-200,missing-product-library-candidate,Physical selectable or supplier product candidate.
quote-1607,1607,stage:fix-out,category:flooring-tiling,subcategory:feature-tiles,FEATURE TILES,product,product:feature-tiles:feature-tiles,true,,,rule,product:category:flooring-tiling:subcategory:feature-tiles:feature-tiles,missing-product-library-candidate,Physical selectable or supplier product candidate.
quote-1608,1608,stage:unassigned,category:ensuite,subcategory:other,OTHER,unresolved,,false,,,unresolved,,requires-review,Insufficient deterministic evidence for automatic classification.
quote-1611,1611,stage:fix-out,category:flooring-tiling,subcategory:wall-tiles,WALL TILES,product,product:wall-tiles:wall-tiles,true,,,rule,product:category:flooring-tiling:subcategory:wall-tiles:wall-tiles,missing-product-library-candidate,Physical selectable or supplier product candidate.
quote-1612,1612,stage:unassigned,category:plumbing-fixtures,subcategory:showers,900 x 900 x 2.0 SHOWER (3.6 M2) OR (6.6 M2),product,product:showers:900-x-900-x-2-0-shower-3-6-m2-or-6-6-m2,true,,,rule,product:category:plumbing-fixtures:subcategory:showers:900-x-900-x-2-0-shower-3-6-m2-or-6-6-m2,missing-product-library-candidate,Physical selectable or supplier product candidate.
quote-1613,1613,stage:fix-out,category:flooring-tiling,subcategory:skirting-tiles,SKIRTING TILES,product,product:skirting-tiles:skirting-tiles,true,,,rule,product:category:flooring-tiling:subcategory:skirting-tiles:skirting-tiles,missing-product-library-candidate,Physical selectable or supplier product candidate.
quote-1614,1614,stage:fix-out,category:flooring-tiling,subcategory:floor-tiles,FLOOR TILES,product,product:floor-tiles:floor-tiles,true,,,rule,product:category:flooring-tiling:subcategory:floor-tiles:floor-tiles,missing-product-library-candidate,Physical selectable or supplier product candidate.
quote-1615,1615,stage:fix-out,category:plumbing-fixtures,subcategory:baths,BATH ARPON,product,product:baths:bath-arpon,true,,,rule,product:category:plumbing-fixtures:subcategory:baths:bath-arpon,missing-product-library-candidate,Physical selectable or supplier product candidate.
quote-1616,1616,stage:fix-out,category:plumbing-fixtures,subcategory:baths,BATH HOB,product,product:baths:bath-hob,true,,,rule,product:category:plumbing-fixtures:subcategory:baths:bath-hob,missing-product-library-candidate,Physical selectable or supplier product candidate.
quote-1617,1617,stage:unassigned,category:ensuite,subcategory:splashback,SPLASHBACK,unresolved,,false,,,unresolved,,requires-review,Insufficient deterministic evidence for automatic classification.
quote-1618,1618,stage:unassigned,category:ensuite,subcategory:soap-holder,SOAP HOLDER,unresolved,,false,,,unresolved,,requires-review,Insufficient deterministic evidence for automatic classification.
quote-1619,1619,stage:fix-out,category:flooring-tiling,subcategory:freeze-tiles-50-x-200,FREEZE TILES (50 x 200),product,product:freeze-tiles-50-x-200:freeze-tiles-50-x-200,true,,,rule,product:category:flooring-tiling:subcategory:freeze-tiles-50-x-200:freeze-tiles-50-x-200,missing-product-library-candidate,Physical selectable or supplier product candidate.
quote-1620,1620,stage:fix-out,category:flooring-tiling,subcategory:feature-tiles,FEATURE TILES,product,product:feature-tiles:feature-tiles,true,,,rule,product:category:flooring-tiling:subcategory:feature-tiles:feature-tiles,missing-product-library-candidate,Physical selectable or supplier product candidate.
quote-1621,1621,stage:unassigned,category:ensuite,subcategory:other,OTHER,unresolved,,false,,,unresolved,,requires-review,Insufficient deterministic evidence for automatic classification.
quote-1624,1624,stage:fix-out,category:flooring-tiling,subcategory:wall-tiles,WALL TILES,product,product:wall-tiles:wall-tiles,true,,,rule,product:category:flooring-tiling:subcategory:wall-tiles:wall-tiles,missing-product-library-candidate,Physical selectable or supplier product candidate.
quote-1625,1625,stage:fix-out,category:flooring-tiling,subcategory:floor-tiles,FLOOR TILES,product,product:floor-tiles:floor-tiles,true,,,rule,product:category:flooring-tiling:subcategory:floor-tiles:floor-tiles,missing-product-library-candidate,Physical selectable or supplier product candidate.
quote-1626,1626,stage:fix-out,category:flooring-tiling,subcategory:skirting-tiles,SKIRTING TILES,product,product:skirting-tiles:skirting-tiles,true,,,rule,product:category:flooring-tiling:subcategory:skirting-tiles:skirting-tiles,missing-product-library-candidate,Physical selectable or supplier product candidate.
quote-1627,1627,stage:unassigned,category:laundry,subcategory:other,OTHER,formula,,false,,,rule,,not-a-catalogue-record,Formula-driven quotation row.
quote-1630,1630,stage:fix-out,category:plumbing-fixtures,subcategory:toilets,SKIRTING TILES,product,product:toilets:skirting-tiles,true,,,rule,product:category:plumbing-fixtures:subcategory:toilets:skirting-tiles,missing-product-library-candidate,Physical selectable or supplier product candidate.
quote-1631,1631,stage:fix-out,category:plumbing-fixtures,subcategory:toilets,FLOOR TILES,product,product:toilets:floor-tiles,true,,,rule,product:category:plumbing-fixtures:subcategory:toilets:floor-tiles,missing-product-library-candidate,Physical selectable or supplier product candidate.
quote-1634,1634,stage:fix-out,category:flooring-tiling,subcategory:wall-tiles,WALL TILES,product,product:wall-tiles:wall-tiles,true,,,rule,product:category:flooring-tiling:subcategory:wall-tiles:wall-tiles,missing-product-library-candidate,Physical selectable or supplier product candidate.
quote-1635,1635,stage:fix-out,category:flooring-tiling,subcategory:floor-tiles,FLOOR TILES,product,product:floor-tiles:floor-tiles,true,,,rule,product:category:flooring-tiling:subcategory:floor-tiles:floor-tiles,missing-product-library-candidate,Physical selectable or supplier product candidate.
quote-1636,1636,stage:fix-out,category:flooring-tiling,subcategory:skirting-tiles,SKIRTING TILES,product,product:skirting-tiles:skirting-tiles,true,,,rule,product:category:flooring-tiling:subcategory:skirting-tiles:skirting-tiles,missing-product-library-candidate,Physical selectable or supplier product candidate.
quote-1637,1637,stage:unassigned,category:other-room-s,subcategory:other,OTHER,unresolved,,false,,,unresolved,,requires-review,Insufficient deterministic evidence for automatic classification.
quote-1640,1640,stage:fix-out,category:flooring-tiling,subcategory:wall-tiles,WALL TILES,product,product:wall-tiles:wall-tiles,true,,,rule,product:category:flooring-tiling:subcategory:wall-tiles:wall-tiles,missing-product-library-candidate,Physical selectable or supplier product candidate.
quote-1641,1641,stage:fix-out,category:flooring-tiling,subcategory:floor-tiles,FLOOR TILES,product,product:floor-tiles:floor-tiles,true,,,rule,product:category:flooring-tiling:subcategory:floor-tiles:floor-tiles,missing-product-library-candidate,Physical selectable or supplier product candidate.
quote-1642,1642,stage:fix-out,category:kitchen,subcategory:other,OTHER,unresolved,,false,,,unresolved,,requires-review,Insufficient deterministic evidence for automatic classification.
quote-1646,1646,stage:fix-out,category:flooring-tiling,subcategory:lay-normal-tiles,LAY NORMAL TILES,product,product:lay-normal-tiles:lay-normal-tiles,true,,,rule,product:category:flooring-tiling:subcategory:lay-normal-tiles:lay-normal-tiles,missing-product-library-candidate,Physical selectable or supplier product candidate.
quote-1647,1647,stage:fix-out,category:flooring-tiling,subcategory:lay-porcelain-tiles,LAY PORCELAIN TILES,product,product:lay-porcelain-tiles:lay-porcelain-tiles,true,,,rule,product:category:flooring-tiling:subcategory:lay-porcelain-tiles:lay-porcelain-tiles,missing-product-library-candidate,Physical selectable or supplier product candidate.
quote-1648,1648,stage:fix-out,category:plumbing-fixtures,subcategory:showers,SHOWER HOBS,product,product:showers:shower-hobs,true,,,rule,product:category:plumbing-fixtures:subcategory:showers:shower-hobs,missing-product-library-candidate,Physical selectable or supplier product candidate.
quote-1649,1649,stage:fix-out,category:plumbing-fixtures,subcategory:baths,BATH HOBS,product,product:baths:bath-hobs,true,,,rule,product:category:plumbing-fixtures:subcategory:baths:bath-hobs,missing-product-library-candidate,Physical selectable or supplier product candidate.
quote-1650,1650,stage:fix-out,category:flooring-tiling,subcategory:floor-wastes,FLOOR WASTES,product,product:floor-wastes:floor-wastes,true,,,rule,product:category:flooring-tiling:subcategory:floor-wastes:floor-wastes,missing-product-library-candidate,Physical selectable or supplier product candidate.
quote-1651,1651,stage:fix-out,category:plumbing-fixtures,subcategory:showers,SHOWER BASES,product,product:showers:shower-bases,true,,,rule,product:category:plumbing-fixtures:subcategory:showers:shower-bases,missing-product-library-candidate,Physical selectable or supplier product candidate.
quote-1652,1652,stage:fix-out,category:flooring-tiling,subcategory:tile-underlay-to-tiled-areas,TILE UNDERLAY TO TILED AREAS,product,product:tile-underlay-to-tiled-areas:tile-underlay-to-tiled-areas,true,,,rule,product:category:flooring-tiling:subcategory:tile-underlay-to-tiled-areas:tile-underlay-to-tiled-areas,missing-product-library-candidate,Physical selectable or supplier product candidate.
quote-1653,1653,stage:fix-out,category:flooring-tiling,subcategory:mitre-cuts,MITRE CUTS,product,product:mitre-cuts:mitre-cuts,true,,,rule,product:category:flooring-tiling:subcategory:mitre-cuts:mitre-cuts,missing-product-library-candidate,Physical selectable or supplier product candidate.
quote-1654,1654,stage:fix-out,category:flooring-tiling,subcategory:speciality-work,SPECIALITY WORK,product,product:speciality-work:speciality-work,true,,,rule,product:category:flooring-tiling:subcategory:speciality-work:speciality-work,missing-product-library-candidate,Physical selectable or supplier product candidate.
quote-1657,1657,stage:fix-out,category:plumbing-fixtures,subcategory:tapware,ITEM,product,product:tapware:item,true,,,rule,product:category:plumbing-fixtures:subcategory:tapware:item,missing-product-library-candidate,Physical selectable or supplier product candidate.
quote-1659,1659,stage:fix-out,category:plumbing-fixtures,subcategory:tapware,QUOTE,product,product:tapware:quote,true,,,rule,product:category:plumbing-fixtures:subcategory:tapware:quote,missing-product-library-candidate,Physical selectable or supplier product candidate.
quote-1662,1662,stage:fix-out,category:plumbing-fixtures,subcategory:raymor-atlantic-1-3-4-bowl,RAYMOR ATLANTIC 1 3/4 BOWL,product,product:raymor-atlantic-1-3-4-bowl:raymor-atlantic-1-3-4-bowl,true,,,rule,product:category:plumbing-fixtures:subcategory:raymor-atlantic-1-3-4-bowl:raymor-atlantic-1-3-4-bowl,missing-product-library-candidate,Physical selectable or supplier product candidate.
quote-1663,1663,stage:fix-out,category:plumbing-fixtures,subcategory:raymor-arabian-1-3-4-bowl-1080mm,RAYMOR ARABIAN 1 3/4 BOWL 1080mm,product,product:raymor-arabian-1-3-4-bowl-1080mm:raymor-arabian-1-3-4-bowl-1080mm,true,,,rule,product:category:plumbing-fixtures:subcategory:raymor-arabian-1-3-4-bowl-1080mm:raymor-arabian-1-3-4-bowl-1080mm,missing-product-library-candidate,Physical selectable or supplier product candidate.
quote-1664,1664,stage:fix-out,category:plumbing-fixtures,subcategory:raymor-coral-1-3-4-bowl-1080mm-w-col-and-brd,RAYMOR CORAL 1 3/4 BOWL 1080mm w COL & BRD,product,product:raymor-coral-1-3-4-bowl-1080mm-w-col-and-brd:raymor-coral-1-3-4-bowl-1080mm-w-col-and-brd,true,,,rule,product:category:plumbing-fixtures:subcategory:raymor-coral-1-3-4-bowl-1080mm-w-col-and-brd:raymor-coral-1-3-4-bowl-1080mm-w-col-and-brd,missing-product-library-candidate,Physical selectable or supplier product candidate.
quote-1665,1665,stage:fix-out,category:plumbing-fixtures,subcategory:oliveri-diaz-dz111-112-1-3-4-bowl-1080mm,OLIVERI DIAZ DZ111/112 1 3/4 BOWL 1080mm,product,product:oliveri-diaz-dz111-112-1-3-4-bowl-1080mm:oliveri-diaz-dz111-112-1-3-4-bowl-1080mm,true,,,rule,product:category:plumbing-fixtures:subcategory:oliveri-diaz-dz111-112-1-3-4-bowl-1080mm:oliveri-diaz-dz111-112-1-3-4-bowl-1080mm,missing-product-library-candidate,Physical selectable or supplier product candidate.
quote-1666,1666,stage:fix-out,category:plumbing-fixtures,subcategory:java-dbl-bowl-u-mount-880mm,JAVA DBL BOWL U/MOUNT 880mm,product,product:java-dbl-bowl-u-mount-880mm:java-dbl-bowl-u-mount-880mm,true,,,rule,product:category:plumbing-fixtures:subcategory:java-dbl-bowl-u-mount-880mm:java-dbl-bowl-u-mount-880mm,missing-product-library-candidate,Physical selectable or supplier product candidate.
quote-1667,1667,stage:fix-out,category:plumbing-fixtures,subcategory:oliveri-diaz-dbl-bowl-u-mount-770mm,OLIVERI DIAZ DBL BOWL U/MOUNT 770mm,product,product:oliveri-diaz-dbl-bowl-u-mount-770mm:oliveri-diaz-dbl-bowl-u-mount-770mm,true,,,rule,product:category:plumbing-fixtures:subcategory:oliveri-diaz-dbl-bowl-u-mount-770mm:oliveri-diaz-dbl-bowl-u-mount-770mm,missing-product-library-candidate,Physical selectable or supplier product candidate.
quote-1668,1668,stage:fix-out,category:plumbing-fixtures,subcategory:elan-dbl-bowl-u-mount-690mm,ELAN DBL BOWL U/MOUNT 690mm,product,product:elan-dbl-bowl-u-mount-690mm:elan-dbl-bowl-u-mount-690mm,true,,,rule,product:category:plumbing-fixtures:subcategory:elan-dbl-bowl-u-mount-690mm:elan-dbl-bowl-u-mount-690mm,missing-product-library-candidate,Physical selectable or supplier product candidate.
quote-1669,1669,stage:fix-out,category:plumbing-fixtures,subcategory:oliveri-el001-002-1-1-2-bowl-980mm,OLIVERI EL001/002 1 1/2 BOWL 980mm,product,product:oliveri-el001-002-1-1-2-bowl-980mm:oliveri-el001-002-1-1-2-bowl-980mm,true,,,rule,product:category:plumbing-fixtures:subcategory:oliveri-el001-002-1-1-2-bowl-980mm:oliveri-el001-002-1-1-2-bowl-980mm,missing-product-library-candidate,Physical selectable or supplier product candidate.
quote-1670,1670,stage:fix-out,category:plumbing-fixtures,subcategory:oliveri-el011-012-1-1-2-bowl-1080mm,OLIVERI EL011/012 1/1/2 BOWL 1080mm,product,product:oliveri-el011-012-1-1-2-bowl-1080mm:oliveri-el011-012-1-1-2-bowl-1080mm,true,,,rule,product:category:plumbing-fixtures:subcategory:oliveri-el011-012-1-1-2-bowl-1080mm:oliveri-el011-012-1-1-2-bowl-1080mm,missing-product-library-candidate,Physical selectable or supplier product candidate.
quote-1671,1671,stage:fix-out,category:plumbing-fixtures,subcategory:oliveri-el071-072-dbl-bowl-1135mm,OLIVERI EL071/072 DBL BOWL 1135mm,product,product:oliveri-el071-072-dbl-bowl-1135mm:oliveri-el071-072-dbl-bowl-1135mm,true,,,rule,product:category:plumbing-fixtures:subcategory:oliveri-el071-072-dbl-bowl-1135mm:oliveri-el071-072-dbl-bowl-1135mm,missing-product-library-candidate,Physical selectable or supplier product candidate.
quote-1672,1672,stage:fix-out,category:plumbing-fixtures,subcategory:oliveri-el063u-dbl-bowl-u-mount,OLIVERI EL063U DBL BOWL U/MOUNT,product,product:oliveri-el063u-dbl-bowl-u-mount:oliveri-el063u-dbl-bowl-u-mount,true,,,rule,product:category:plumbing-fixtures:subcategory:oliveri-el063u-dbl-bowl-u-mount:oliveri-el063u-dbl-bowl-u-mount,missing-product-library-candidate,Physical selectable or supplier product candidate.
quote-1675,1675,stage:fix-out,category:plumbing-fixtures,subcategory:tapware,RAYMOR CLERMONT,product,product:tapware:raymor-clermont,true,,,rule,product:category:plumbing-fixtures:subcategory:tapware:raymor-clermont,missing-product-library-candidate,Physical selectable or supplier product candidate.
quote-1676,1676,stage:fix-out,category:plumbing-fixtures,subcategory:tapware,RAYMOR VICTORIA SPRAY,product,product:tapware:raymor-victoria-spray,true,,,rule,product:category:plumbing-fixtures:subcategory:tapware:raymor-victoria-spray,missing-product-library-candidate,Physical selectable or supplier product candidate.
quote-1677,1677,stage:fix-out,category:plumbing-fixtures,subcategory:tapware,RAYMOR ACADEMY PILLAR,product,product:tapware:raymor-academy-pillar,true,,,rule,product:category:plumbing-fixtures:subcategory:tapware:raymor-academy-pillar,missing-product-library-candidate,Physical selectable or supplier product candidate.
quote-1678,1678,stage:fix-out,category:plumbing-fixtures,subcategory:tapware,RAYMOR TORINO GOOSENECK,product,product:tapware:raymor-torino-gooseneck,true,,,rule,product:category:plumbing-fixtures:subcategory:tapware:raymor-torino-gooseneck,missing-product-library-candidate,Physical selectable or supplier product candidate.
quote-1679,1679,stage:fix-out,category:plumbing-fixtures,subcategory:tapware,KOHLER SINGULAR,product,product:tapware:kohler-singular,true,,,rule,product:category:plumbing-fixtures:subcategory:tapware:kohler-singular,missing-product-library-candidate,Physical selectable or supplier product candidate.
quote-1680,1680,stage:fix-out,category:plumbing-fixtures,subcategory:tapware,RAYMOR TORINO MULTI FUNCTION MIXER,product,product:tapware:raymor-torino-multi-function-mixer,true,,,rule,product:category:plumbing-fixtures:subcategory:tapware:raymor-torino-multi-function-mixer,missing-product-library-candidate,Physical selectable or supplier product candidate.
quote-1681,1681,stage:fix-out,category:plumbing-fixtures,subcategory:tapware,SINK MIXER ARTESIAN - TRADELINK,product,product:tapware:sink-mixer-artesian-tradelink,true,,,rule,product:category:plumbing-fixtures:subcategory:tapware:sink-mixer-artesian-tradelink,missing-product-library-candidate,Physical selectable or supplier product candidate.
quote-1682,1682,stage:fix-out,category:plumbing-fixtures,subcategory:tapware,KOHLER JULY MIXER,product,product:tapware:kohler-july-mixer,true,,,rule,product:category:plumbing-fixtures:subcategory:tapware:kohler-july-mixer,missing-product-library-candidate,Physical selectable or supplier product candidate.
quote-1683,1683,stage:fix-out,category:plumbing-fixtures,subcategory:tapware,KOHLER VITEO/PIN,product,product:tapware:kohler-viteo-pin,true,,,rule,product:category:plumbing-fixtures:subcategory:tapware:kohler-viteo-pin,missing-product-library-candidate,Physical selectable or supplier product candidate.
quote-1684,1684,stage:fix-out,category:plumbing-fixtures,subcategory:tapware,OLIVERI SINGLE LEVER MIXER,product,product:tapware:oliveri-single-lever-mixer,true,,,rule,product:category:plumbing-fixtures:subcategory:tapware:oliveri-single-lever-mixer,missing-product-library-candidate,Physical selectable or supplier product candidate.
quote-1685,1685,stage:fix-out,category:plumbing-fixtures,subcategory:tapware,OLIVERI SINGLE LEVER GOOSENECK,product,product:tapware:oliveri-single-lever-gooseneck,true,,,rule,product:category:plumbing-fixtures:subcategory:tapware:oliveri-single-lever-gooseneck,missing-product-library-candidate,Physical selectable or supplier product candidate.
quote-1688,1688,stage:unassigned,category:plumbing-fixtures,subcategory:basins,CORAL 560 1 T/H,product,product:basins:coral-560-1-t-h,true,,,rule,product:category:plumbing-fixtures:subcategory:basins:coral-560-1-t-h,missing-product-library-candidate,Physical selectable or supplier product candidate.
quote-1689,1689,stage:unassigned,category:plumbing-fixtures,subcategory:basins,RAYMOR AMETHYST 405 x 410 1 T/H,product,product:basins:raymor-amethyst-405-x-410-1-t-h,true,,,rule,product:category:plumbing-fixtures:subcategory:basins:raymor-amethyst-405-x-410-1-t-h,missing-product-library-candidate,Physical selectable or supplier product candidate.
quote-1690,1690,stage:unassigned,category:plumbing-fixtures,subcategory:basins,RAYMOR AMETHYST 500 x 445 1 T/H,product,product:basins:raymor-amethyst-500-x-445-1-t-h,true,,,rule,product:category:plumbing-fixtures:subcategory:basins:raymor-amethyst-500-x-445-1-t-h,missing-product-library-candidate,Physical selectable or supplier product candidate.
quote-1691,1691,stage:unassigned,category:plumbing-fixtures,subcategory:basins,KOHLER FOREFRONT VESSEL 580 WIDE 1 T/H,product,product:basins:kohler-forefront-vessel-580-wide-1-t-h,true,,,rule,product:category:plumbing-fixtures:subcategory:basins:kohler-forefront-vessel-580-wide-1-t-h,missing-product-library-candidate,Physical selectable or supplier product candidate.
quote-1692,1692,stage:unassigned,category:plumbing-fixtures,subcategory:basins,KOHLER VESSEL FOREFRONT NO T/H 413 WIDE,product,product:basins:kohler-vessel-forefront-no-t-h-413-wide,true,,,rule,product:category:plumbing-fixtures:subcategory:basins:kohler-vessel-forefront-no-t-h-413-wide,missing-product-library-candidate,Physical selectable or supplier product candidate.
quote-1693,1693,stage:unassigned,category:plumbing-fixtures,subcategory:basins,KOHLER CONICAL BELL VESSEL,product,product:basins:kohler-conical-bell-vessel,true,,,rule,product:category:plumbing-fixtures:subcategory:basins:kohler-conical-bell-vessel,missing-product-library-candidate,Physical selectable or supplier product candidate.
quote-1694,1694,stage:unassigned,category:plumbing-fixtures,subcategory:basins,RAYMOR CORAL SEMI RECESSED 1 T/H 500 x 430,product,product:basins:raymor-coral-semi-recessed-1-t-h-500-x-430,true,,,rule,product:category:plumbing-fixtures:subcategory:basins:raymor-coral-semi-recessed-1-t-h-500-x-430,missing-product-library-candidate,Physical selectable or supplier product candidate.
quote-1695,1695,stage:unassigned,category:plumbing-fixtures,subcategory:basins,RAYMOR AQUAMARINE SEMI RECESSED 1 T/H,product,product:basins:raymor-aquamarine-semi-recessed-1-t-h,true,,,rule,product:category:plumbing-fixtures:subcategory:basins:raymor-aquamarine-semi-recessed-1-t-h,missing-product-library-candidate,Physical selectable or supplier product candidate.
quote-1696,1696,stage:unassigned,category:plumbing-fixtures,subcategory:basins,SAPPHIRE ROUND U/MOUNT 385 WIDE,estimating-item,estimating:basins:sapphire-round-u-mount-385-wide,false,,,rule,estimating-item:category:plumbing-fixtures:subcategory:basins:sapphire-round-u-mount-385-wide,missing-estimating-catalogue-candidate,"Labour, plant, fee, service, or construction resource candidate."
quote-1697,1697,stage:unassigned,category:plumbing-fixtures,subcategory:basins,SAPPHIRE RECT U/MOUNT 500 x 375,estimating-item,estimating:basins:sapphire-rect-u-mount-500-x-375,false,,,rule,estimating-item:category:plumbing-fixtures:subcategory:basins:sapphire-rect-u-mount-500-x-375,missing-estimating-catalogue-candidate,"Labour, plant, fee, service, or construction resource candidate."
quote-1698,1698,stage:unassigned,category:plumbing-fixtures,subcategory:basins,LADENA UNDER COUNTER BASIN,product,product:basins:ladena-under-counter-basin,true,,,rule,product:category:plumbing-fixtures:subcategory:basins:ladena-under-counter-basin,missing-product-library-candidate,Physical selectable or supplier product candidate.
quote-1699,1699,stage:unassigned,category:plumbing-fixtures,subcategory:basins,QUARTZ WALL MOUNT 1 T/H,product,product:basins:quartz-wall-mount-1-t-h,true,,,rule,product:category:plumbing-fixtures:subcategory:basins:quartz-wall-mount-1-t-h,missing-product-library-candidate,Physical selectable or supplier product candidate.
quote-1700,1700,stage:unassigned,category:plumbing-fixtures,subcategory:basins,RAYMOR CORAL WALL MOUNT 1 T/H,product,product:basins:raymor-coral-wall-mount-1-t-h,true,,,rule,product:category:plumbing-fixtures:subcategory:basins:raymor-coral-wall-mount-1-t-h,missing-product-library-candidate,Physical selectable or supplier product candidate.
quote-1701,1701,stage:unassigned,category:plumbing-fixtures,subcategory:basins,RAYMOR CORAL PEDESTAL STAND,product,product:basins:raymor-coral-pedestal-stand,true,,,rule,product:category:plumbing-fixtures:subcategory:basins:raymor-coral-pedestal-stand,missing-product-library-candidate,Physical selectable or supplier product candidate.
quote-1702,1702,stage:unassigned,category:plumbing-fixtures,subcategory:basins,PRESQUILE WALL MOUNT 450 W/TOWEL RAIL,product,product:basins:presquile-wall-mount-450-w-towel-rail,true,,,rule,product:category:plumbing-fixtures:subcategory:basins:presquile-wall-mount-450-w-towel-rail,missing-product-library-candidate,Physical selectable or supplier product candidate.
quote-1703,1703,stage:unassigned,category:plumbing-fixtures,subcategory:basins,ESCALE 500 WALL MOUNT 1 T/H W/ TOWEL RAIL,product,product:basins:escale-500-wall-mount-1-t-h-w-towel-rail,true,,,rule,product:category:plumbing-fixtures:subcategory:basins:escale-500-wall-mount-1-t-h-w-towel-rail,missing-product-library-candidate,Physical selectable or supplier product candidate.
quote-1704,1704,stage:unassigned,category:plumbing-fixtures,subcategory:basins,PLUG & WASTE SET - POP UP,product,product:basins:plug-and-waste-set-pop-up,true,,,rule,product:category:plumbing-fixtures:subcategory:basins:plug-and-waste-set-pop-up,missing-product-library-candidate,Physical selectable or supplier product candidate.
quote-1706,1706,stage:unassigned,category:plumbing-fixtures,subcategory:tapware,BASIN MIXERS,product,product:tapware:basin-mixers,true,,,rule,product:category:plumbing-fixtures:subcategory:tapware:basin-mixers,missing-product-library-candidate,Physical selectable or supplier product candidate.
quote-1707,1707,stage:unassigned,category:plumbing-fixtures,subcategory:basins,RAYMOR CLERMONT,product,product:basins:raymor-clermont,true,,,rule,product:category:plumbing-fixtures:subcategory:basins:raymor-clermont,missing-product-library-candidate,Physical selectable or supplier product candidate.
quote-1708,1708,stage:unassigned,category:plumbing-fixtures,subcategory:basins,RAYMOR ACADEMY PILLAR 76mm,product,product:basins:raymor-academy-pillar-76mm,true,,,rule,product:category:plumbing-fixtures:subcategory:basins:raymor-academy-pillar-76mm,missing-product-library-candidate,Physical selectable or supplier product candidate.
quote-1709,1709,stage:unassigned,category:plumbing-fixtures,subcategory:basins,RAYMOR ACADEMY PILLAR 220mm,product,product:basins:raymor-academy-pillar-220mm,true,,,rule,product:category:plumbing-fixtures:subcategory:basins:raymor-academy-pillar-220mm,missing-product-library-candidate,Physical selectable or supplier product candidate.
quote-1710,1710,stage:unassigned,category:plumbing-fixtures,subcategory:tapware,ARTISIAN BASIN MIXER,product,product:tapware:artisian-basin-mixer,true,,,rule,product:category:plumbing-fixtures:subcategory:tapware:artisian-basin-mixer,missing-product-library-candidate,Physical selectable or supplier product candidate.
quote-1711,1711,stage:unassigned,category:plumbing-fixtures,subcategory:basins,KOHLER JULY,product,product:basins:kohler-july,true,,,rule,product:category:plumbing-fixtures:subcategory:basins:kohler-july,missing-product-library-candidate,Physical selectable or supplier product candidate.
quote-1712,1712,stage:unassigned,category:plumbing-fixtures,subcategory:basins,KOHLER VITEO PIN,product,product:basins:kohler-viteo-pin,true,,,rule,product:category:plumbing-fixtures:subcategory:basins:kohler-viteo-pin,missing-product-library-candidate,Physical selectable or supplier product candidate.
quote-1713,1713,stage:unassigned,category:plumbing-fixtures,subcategory:basins,KOHLER SINGULIER,product,product:basins:kohler-singulier,true,,,rule,product:category:plumbing-fixtures:subcategory:basins:kohler-singulier,missing-product-library-candidate,Physical selectable or supplier product candidate.
quote-1714,1714,stage:unassigned,category:plumbing-fixtures,subcategory:basins,KOHLER SINGULIER TALL,product,product:basins:kohler-singulier-tall,true,,,rule,product:category:plumbing-fixtures:subcategory:basins:kohler-singulier-tall,missing-product-library-candidate,Physical selectable or supplier product candidate.
quote-1717,1717,stage:unassigned,category:plumbing-fixtures,subcategory:tapware,RAYMOR CLERMONT,product,product:tapware:raymor-clermont,true,,,rule,product:category:plumbing-fixtures:subcategory:tapware:raymor-clermont,missing-product-library-candidate,Physical selectable or supplier product candidate.
quote-1718,1718,stage:unassigned,category:plumbing-fixtures,subcategory:tapware,RAYMOR ACADEMY PILLAR,product,product:tapware:raymor-academy-pillar,true,,,rule,product:category:plumbing-fixtures:subcategory:tapware:raymor-academy-pillar,missing-product-library-candidate,Physical selectable or supplier product candidate.
quote-1719,1719,stage:unassigned,category:plumbing-fixtures,subcategory:tapware,KOHLER JULY,product,product:tapware:kohler-july,true,,,rule,product:category:plumbing-fixtures:subcategory:tapware:kohler-july,missing-product-library-candidate,Physical selectable or supplier product candidate.
quote-1720,1720,stage:unassigned,category:plumbing-fixtures,subcategory:tapware,KOHLER VITEO PIN,product,product:tapware:kohler-viteo-pin,true,,,rule,product:category:plumbing-fixtures:subcategory:tapware:kohler-viteo-pin,missing-product-library-candidate,Physical selectable or supplier product candidate.
quote-1721,1721,stage:unassigned,category:plumbing-fixtures,subcategory:tapware,KOHLER SINGULIER,product,product:tapware:kohler-singulier,true,,,rule,product:category:plumbing-fixtures:subcategory:tapware:kohler-singulier,missing-product-library-candidate,Physical selectable or supplier product candidate.
quote-1724,1724,stage:fix-out,category:plumbing-fixtures,subcategory:baths,RAYMOR UPSWEPT,product,product:baths:raymor-upswept,true,,,rule,product:category:plumbing-fixtures:subcategory:baths:raymor-upswept,missing-product-library-candidate,Physical selectable or supplier product candidate.
quote-1725,1725,stage:fix-out,category:plumbing-fixtures,subcategory:baths,RAYMOR RODIN,product,product:baths:raymor-rodin,true,,,rule,product:category:plumbing-fixtures:subcategory:baths:raymor-rodin,missing-product-library-candidate,Physical selectable or supplier product candidate.
quote-1726,1726,stage:fix-out,category:plumbing-fixtures,subcategory:baths,TESSA,product,product:baths:tessa,true,,,rule,product:category:plumbing-fixtures:subcategory:baths:tessa,missing-product-library-candidate,Physical selectable or supplier product candidate.
quote-1727,1727,stage:fix-out,category:plumbing-fixtures,subcategory:baths,BROADWAY,product,product:baths:broadway,true,,,rule,product:category:plumbing-fixtures:subcategory:baths:broadway,missing-product-library-candidate,Physical selectable or supplier product candidate.
quote-1728,1728,stage:fix-out,category:plumbing-fixtures,subcategory:baths,ACADEMY 175mm,product,product:baths:academy-175mm,true,,,rule,product:category:plumbing-fixtures:subcategory:baths:academy-175mm,missing-product-library-candidate,Physical selectable or supplier product candidate.
quote-1729,1729,stage:fix-out,category:plumbing-fixtures,subcategory:baths,ACADEMY 115mm,product,product:baths:academy-115mm,true,,,rule,product:category:plumbing-fixtures:subcategory:baths:academy-115mm,missing-product-library-candidate,Physical selectable or supplier product candidate.
quote-1730,1730,stage:fix-out,category:plumbing-fixtures,subcategory:baths,RODIN HOB MOUNT,product,product:baths:rodin-hob-mount,true,,,rule,product:category:plumbing-fixtures:subcategory:baths:rodin-hob-mount,missing-product-library-candidate,Physical selectable or supplier product candidate.
quote-1731,1731,stage:fix-out,category:plumbing-fixtures,subcategory:baths,BOSTON ACADEMY,product,product:baths:boston-academy,true,,,rule,product:category:plumbing-fixtures:subcategory:baths:boston-academy,missing-product-library-candidate,Physical selectable or supplier product candidate.
quote-1734,1734,stage:unassigned,category:plumbing-fixtures,subcategory:tapware,RAYMOR TAPAC SINGLE FUNCTION,product,product:tapware:raymor-tapac-single-function,true,,,rule,product:category:plumbing-fixtures:subcategory:tapware:raymor-tapac-single-function,missing-product-library-candidate,Physical selectable or supplier product candidate.
quote-1735,1735,stage:unassigned,category:plumbing-fixtures,subcategory:showers,KOHLER ELEVATION,product,product:showers:kohler-elevation,true,,,rule,product:category:plumbing-fixtures:subcategory:showers:kohler-elevation,missing-product-library-candidate,Physical selectable or supplier product candidate.
quote-1736,1736,stage:unassigned,category:plumbing-fixtures,subcategory:showers,RAYMOR BOSTON,product,product:showers:raymor-boston,true,,,rule,product:category:plumbing-fixtures:subcategory:showers:raymor-boston,missing-product-library-candidate,Physical selectable or supplier product candidate.
quote-1737,1737,stage:unassigned,category:plumbing-fixtures,subcategory:showers,KOHLER FLIPSIDE 4,product,product:showers:kohler-flipside-4,true,,,rule,product:category:plumbing-fixtures:subcategory:showers:kohler-flipside-4,missing-product-library-candidate,Physical selectable or supplier product candidate.
quote-1738,1738,stage:unassigned,category:plumbing-fixtures,subcategory:showers,RAYMOR AMADA 3 FUNCTION,product,product:showers:raymor-amada-3-function,true,,,rule,product:category:plumbing-fixtures:subcategory:showers:raymor-amada-3-function,missing-product-library-candidate,Physical selectable or supplier product candidate.
quote-1739,1739,stage:unassigned,category:plumbing-fixtures,subcategory:showers,BONDI RAIL,product,product:showers:bondi-rail,true,,,rule,product:category:plumbing-fixtures:subcategory:showers:bondi-rail,missing-product-library-candidate,Physical selectable or supplier product candidate.
quote-1740,1740,stage:unassigned,category:plumbing-fixtures,subcategory:showers,KOHLER SLIDE RAIL WITH FLIPSIDE 4 HEAD,product,product:showers:kohler-slide-rail-with-flipside-4-head,true,,,rule,product:category:plumbing-fixtures:subcategory:showers:kohler-slide-rail-with-flipside-4-head,missing-product-library-candidate,Physical selectable or supplier product candidate.
quote-1741,1741,stage:unassigned,category:plumbing-fixtures,subcategory:showers,TWIN WATERS RAIL WITH COSMIC & BONDI HEADS,product,product:showers:twin-waters-rail-with-cosmic-and-bondi-heads,true,,,rule,product:category:plumbing-fixtures:subcategory:showers:twin-waters-rail-with-cosmic-and-bondi-heads,missing-product-library-candidate,Physical selectable or supplier product candidate.
quote-1742,1742,stage:unassigned,category:plumbing-fixtures,subcategory:showers,KOHLER SQUARE 20mm RAIN KATALYST ON RAIL,product,product:showers:kohler-square-20mm-rain-katalyst-on-rail,true,,,rule,product:category:plumbing-fixtures:subcategory:showers:kohler-square-20mm-rain-katalyst-on-rail,missing-product-library-candidate,Physical selectable or supplier product candidate.
quote-1743,1743,stage:unassigned,category:plumbing-fixtures,subcategory:showers,KOHLER ROUND 20mm RAIN KATALYST ON RAIL,product,product:showers:kohler-round-20mm-rain-katalyst-on-rail,true,,,rule,product:category:plumbing-fixtures:subcategory:showers:kohler-round-20mm-rain-katalyst-on-rail,missing-product-library-candidate,Physical selectable or supplier product candidate.
quote-1744,1744,stage:unassigned,category:plumbing-fixtures,subcategory:showers,KOHLER CEILING MOUNT ARM,product,product:showers:kohler-ceiling-mount-arm,true,,,rule,product:category:plumbing-fixtures:subcategory:showers:kohler-ceiling-mount-arm,missing-product-library-candidate,Physical selectable or supplier product candidate.
quote-1745,1745,stage:unassigned,category:plumbing-fixtures,subcategory:showers,KATALYST RAIN HEAD 250mm SQUARE,product,product:showers:katalyst-rain-head-250mm-square,true,,,rule,product:category:plumbing-fixtures:subcategory:showers:katalyst-rain-head-250mm-square,missing-product-library-candidate,Physical selectable or supplier product candidate.
quote-1746,1746,stage:unassigned,category:plumbing-fixtures,subcategory:showers,KATALYST RAIN HEAD 250mm ROUND,product,product:showers:katalyst-rain-head-250mm-round,true,,,rule,product:category:plumbing-fixtures:subcategory:showers:katalyst-rain-head-250mm-round,missing-product-library-candidate,Physical selectable or supplier product candidate.
quote-1749,1749,stage:unassigned,category:plumbing-fixtures,subcategory:toilets,PRIMA LINK SUITE,product,product:toilets:prima-link-suite,true,,,rule,product:category:plumbing-fixtures:subcategory:toilets:prima-link-suite,missing-product-library-candidate,Physical selectable or supplier product candidate.
quote-1750,1750,stage:unassigned,category:plumbing-fixtures,subcategory:toilets,ANDORRA II (SHORTEN) CLOSE COUPLE,product,product:toilets:andorra-ii-shorten-close-couple,true,,,rule,product:category:plumbing-fixtures:subcategory:toilets:andorra-ii-shorten-close-couple,missing-product-library-candidate,Physical selectable or supplier product candidate.
quote-1751,1751,stage:unassigned,category:plumbing-fixtures,subcategory:toilets,ARTEGO C/C,product,product:toilets:artego-c-c,true,,,rule,product:category:plumbing-fixtures:subcategory:toilets:artego-c-c,missing-product-library-candidate,Physical selectable or supplier product candidate.
quote-1752,1752,stage:unassigned,category:plumbing-fixtures,subcategory:toilets,KOHLER PANACHE C/C,product,product:toilets:kohler-panache-c-c,true,,,rule,product:category:plumbing-fixtures:subcategory:toilets:kohler-panache-c-c,missing-product-library-candidate,Physical selectable or supplier product candidate.
quote-1753,1753,stage:unassigned,category:plumbing-fixtures,subcategory:toilets,BANKSIA W/FACE C/C,product,product:toilets:banksia-w-face-c-c,true,,,rule,product:category:plumbing-fixtures:subcategory:toilets:banksia-w-face-c-c,missing-product-library-candidate,Physical selectable or supplier product candidate.
quote-1754,1754,stage:unassigned,category:plumbing-fixtures,subcategory:toilets,CAROME ARTEGO WALL FACED,product,product:toilets:carome-artego-wall-faced,true,,,rule,product:category:plumbing-fixtures:subcategory:toilets:carome-artego-wall-faced,missing-product-library-candidate,Physical selectable or supplier product candidate.
quote-1755,1755,stage:unassigned,category:plumbing-fixtures,subcategory:toilets,KOHLER PARLIAMENT,product,product:toilets:kohler-parliament,true,,,rule,product:category:plumbing-fixtures:subcategory:toilets:kohler-parliament,missing-product-library-candidate,Physical selectable or supplier product candidate.
quote-1756,1756,stage:unassigned,category:plumbing-fixtures,subcategory:toilets,PANACHE WITH INWALL CISTERN,product,product:toilets:panache-with-inwall-cistern,true,,,rule,product:category:plumbing-fixtures:subcategory:toilets:panache-with-inwall-cistern,missing-product-library-candidate,Physical selectable or supplier product candidate.
quote-1759,1759,stage:fix-out,category:plumbing-fixtures,subcategory:baths,RAYMOR RECLINE 1510mm,product,product:baths:raymor-recline-1510mm,true,,,rule,product:category:plumbing-fixtures:subcategory:baths:raymor-recline-1510mm,missing-product-library-candidate,Physical selectable or supplier product candidate.
quote-1760,1760,stage:fix-out,category:plumbing-fixtures,subcategory:baths,RAYMOR RECLINE 1650mm,product,product:baths:raymor-recline-1650mm,true,,,rule,product:category:plumbing-fixtures:subcategory:baths:raymor-recline-1650mm,missing-product-library-candidate,Physical selectable or supplier product candidate.
quote-1761,1761,stage:fix-out,category:plumbing-fixtures,subcategory:baths,NOVARA DECINA 1525mm,product,product:baths:novara-decina-1525mm,true,,,rule,product:category:plumbing-fixtures:subcategory:baths:novara-decina-1525mm,missing-product-library-candidate,Physical selectable or supplier product candidate.
quote-1762,1762,stage:fix-out,category:plumbing-fixtures,subcategory:baths,NOVARA DECINA 1665mm,product,product:baths:novara-decina-1665mm,true,,,rule,product:category:plumbing-fixtures:subcategory:baths:novara-decina-1665mm,missing-product-library-candidate,Physical selectable or supplier product candidate.
quote-1763,1763,stage:fix-out,category:plumbing-fixtures,subcategory:baths,JAMAICA RECTANGLE 1510mm,product,product:baths:jamaica-rectangle-1510mm,true,,,rule,product:category:plumbing-fixtures:subcategory:baths:jamaica-rectangle-1510mm,missing-product-library-candidate,Physical selectable or supplier product candidate.
quote-1764,1764,stage:fix-out,category:plumbing-fixtures,subcategory:baths,JAMAICA RECTANGLE 1645mm,product,product:baths:jamaica-rectangle-1645mm,true,,,rule,product:category:plumbing-fixtures:subcategory:baths:jamaica-rectangle-1645mm,missing-product-library-candidate,Physical selectable or supplier product candidate.
quote-1765,1765,stage:fix-out,category:plumbing-fixtures,subcategory:baths,CARINA DECINA 1675mm ISLAND,product,product:baths:carina-decina-1675mm-island,true,,,rule,product:category:plumbing-fixtures:subcategory:baths:carina-decina-1675mm-island,missing-product-library-candidate,Physical selectable or supplier product candidate.
quote-1766,1766,stage:fix-out,category:plumbing-fixtures,subcategory:baths,CARINA DECINA 1750mm ISLAND,product,product:baths:carina-decina-1750mm-island,true,,,rule,product:category:plumbing-fixtures:subcategory:baths:carina-decina-1750mm-island,missing-product-library-candidate,Physical selectable or supplier product candidate.
quote-1767,1767,stage:fix-out,category:plumbing-fixtures,subcategory:baths,JAMIACA 1790mm ISLAND,product,product:baths:jamiaca-1790mm-island,true,,,rule,product:category:plumbing-fixtures:subcategory:baths:jamiaca-1790mm-island,missing-product-library-candidate,Physical selectable or supplier product candidate.
quote-1768,1768,stage:fix-out,category:plumbing-fixtures,subcategory:baths,UNO DECINA 1530mm ISLAND,product,product:baths:uno-decina-1530mm-island,true,,,rule,product:category:plumbing-fixtures:subcategory:baths:uno-decina-1530mm-island,missing-product-library-candidate,Physical selectable or supplier product candidate.
quote-1769,1769,stage:fix-out,category:plumbing-fixtures,subcategory:baths,UNO DECINA 1700mm ISLAND,product,product:baths:uno-decina-1700mm-island,true,,,rule,product:category:plumbing-fixtures:subcategory:baths:uno-decina-1700mm-island,missing-product-library-candidate,Physical selectable or supplier product candidate.
quote-1770,1770,stage:fix-out,category:plumbing-fixtures,subcategory:baths,CAVAL DECINA 1790mm ISLAND,product,product:baths:caval-decina-1790mm-island,true,,,rule,product:category:plumbing-fixtures:subcategory:baths:caval-decina-1790mm-island,missing-product-library-candidate,Physical selectable or supplier product candidate.
quote-1772,1772,stage:fix-out,category:plumbing-fixtures,subcategory:baths,FREESTANDING BATHS,product,product:baths:freestanding-baths,true,,,rule,product:category:plumbing-fixtures:subcategory:baths:freestanding-baths,missing-product-library-candidate,Physical selectable or supplier product candidate.
quote-1773,1773,stage:fix-out,category:plumbing-fixtures,subcategory:baths,ADESSO BIANCO OVAL 1750mm,product,product:baths:adesso-bianco-oval-1750mm,true,,,rule,product:category:plumbing-fixtures:subcategory:baths:adesso-bianco-oval-1750mm,missing-product-library-candidate,Physical selectable or supplier product candidate.
quote-1774,1774,stage:fix-out,category:plumbing-fixtures,subcategory:baths,ADESSO BIANCO SQUARE 1750mm,product,product:baths:adesso-bianco-square-1750mm,true,,,rule,product:category:plumbing-fixtures:subcategory:baths:adesso-bianco-square-1750mm,missing-product-library-candidate,Physical selectable or supplier product candidate.
quote-1777,1777,stage:fix-out,category:plumbing-fixtures,subcategory:baths,ARUBA CNR SANTAI HEAT PUMP 6 JET,product,product:baths:aruba-cnr-santai-heat-pump-6-jet,true,,,rule,product:category:plumbing-fixtures:subcategory:baths:aruba-cnr-santai-heat-pump-6-jet,missing-product-library-candidate,Physical selectable or supplier product candidate.
quote-1778,1778,stage:fix-out,category:plumbing-fixtures,subcategory:baths,ARUBA CNR SANTAI HEAT PUMP 12 JET,product,product:baths:aruba-cnr-santai-heat-pump-12-jet,true,,,rule,product:category:plumbing-fixtures:subcategory:baths:aruba-cnr-santai-heat-pump-12-jet,missing-product-library-candidate,Physical selectable or supplier product candidate.
quote-1779,1779,stage:frame,category:plumbing-fixtures,subcategory:baths,FRAME BASE SUPPORT DECINA GALV,product,product:baths:frame-base-support-decina-galv,true,,,rule,product:category:plumbing-fixtures:subcategory:baths:frame-base-support-decina-galv,missing-product-library-candidate,Physical selectable or supplier product candidate.
quote-1780,1780,stage:fix-out,category:plumbing-fixtures,subcategory:baths,ARUBA RECT SANTAI HEAT PUMP 6 JET 1520mm,product,product:baths:aruba-rect-santai-heat-pump-6-jet-1520mm,true,,,rule,product:category:plumbing-fixtures:subcategory:baths:aruba-rect-santai-heat-pump-6-jet-1520mm,missing-product-library-candidate,Physical selectable or supplier product candidate.
quote-1781,1781,stage:fix-out,category:plumbing-fixtures,subcategory:baths,ARUBA RECT SANTAI HEAT PUMP 6 JET 1665mm,product,product:baths:aruba-rect-santai-heat-pump-6-jet-1665mm,true,,,rule,product:category:plumbing-fixtures:subcategory:baths:aruba-rect-santai-heat-pump-6-jet-1665mm,missing-product-library-candidate,Physical selectable or supplier product candidate.
quote-1782,1782,stage:fix-out,category:plumbing-fixtures,subcategory:baths,ARUBA RECT SANTAI HEAT PUMP 12 JET 1665mm,product,product:baths:aruba-rect-santai-heat-pump-12-jet-1665mm,true,,,rule,product:category:plumbing-fixtures:subcategory:baths:aruba-rect-santai-heat-pump-12-jet-1665mm,missing-product-library-candidate,Physical selectable or supplier product candidate.
quote-1783,1783,stage:fix-out,category:plumbing-fixtures,subcategory:baths,ARUBA RECT SANTAI HEAT PUMP 12 JET 1790mm,product,product:baths:aruba-rect-santai-heat-pump-12-jet-1790mm,true,,,rule,product:category:plumbing-fixtures:subcategory:baths:aruba-rect-santai-heat-pump-12-jet-1790mm,missing-product-library-candidate,Physical selectable or supplier product candidate.
quote-1784,1784,stage:fix-out,category:plumbing-fixtures,subcategory:baths,JAMAICA RECT SANTAI HEAT PUMP 7 JET 1510mm,product,product:baths:jamaica-rect-santai-heat-pump-7-jet-1510mm,true,,,rule,product:category:plumbing-fixtures:subcategory:baths:jamaica-rect-santai-heat-pump-7-jet-1510mm,missing-product-library-candidate,Physical selectable or supplier product candidate.
quote-1785,1785,stage:fix-out,category:plumbing-fixtures,subcategory:baths,JAMAICA RECT SANTAI HEAT PUMP 9 JET 1645mm,product,product:baths:jamaica-rect-santai-heat-pump-9-jet-1645mm,true,,,rule,product:category:plumbing-fixtures:subcategory:baths:jamaica-rect-santai-heat-pump-9-jet-1645mm,missing-product-library-candidate,Physical selectable or supplier product candidate.
quote-1786,1786,stage:fix-out,category:plumbing-fixtures,subcategory:baths,JAMAICA RECT SANTAI HEAT PUMP 12 JET 1790mm,product,product:baths:jamaica-rect-santai-heat-pump-12-jet-1790mm,true,,,rule,product:category:plumbing-fixtures:subcategory:baths:jamaica-rect-santai-heat-pump-12-jet-1790mm,missing-product-library-candidate,Physical selectable or supplier product candidate.
quote-1787,1787,stage:frame,category:plumbing-fixtures,subcategory:baths,FRAME BASE SUPPORT DECINA GALV,product,product:baths:frame-base-support-decina-galv,true,,,rule,product:category:plumbing-fixtures:subcategory:baths:frame-base-support-decina-galv,missing-product-library-candidate,Physical selectable or supplier product candidate.
quote-1788,1788,stage:fix-out,category:plumbing-fixtures,subcategory:baths,JAMIACE OVAL SANTAI HEAT PUMP 14 JET 1800mm,product,product:baths:jamiace-oval-santai-heat-pump-14-jet-1800mm,true,,,rule,product:category:plumbing-fixtures:subcategory:baths:jamiace-oval-santai-heat-pump-14-jet-1800mm,missing-product-library-candidate,Physical selectable or supplier product candidate.
quote-1789,1789,stage:frame,category:plumbing-fixtures,subcategory:baths,FRAME BASE SUPPORT DECINA GALV,product,product:baths:frame-base-support-decina-galv,true,,,rule,product:category:plumbing-fixtures:subcategory:baths:frame-base-support-decina-galv,missing-product-library-candidate,Physical selectable or supplier product candidate.
quote-1794,1794,stage:fix-out,category:cabinetry,subcategory:45l-s-s-tub-and-project-metal-cabinet,45L S/S TUB AND PROJECT METAL CABINET,unresolved,,false,,,unresolved,,requires-review,Insufficient deterministic evidence for automatic classification.
quote-1795,1795,stage:unassigned,category:laundry-tubs,subcategory:35l-nuglem-benchline-s-s-drop-in-tub,35L NUGLEM BENCHLINE S/S DROP IN TUB,unresolved,,false,,,unresolved,,requires-review,Insufficient deterministic evidence for automatic classification.
quote-1796,1796,stage:unassigned,category:laundry-tubs,subcategory:45l-java-drop-in-600-x-500-tub,45L JAVA DROP IN 600 X 500 TUB,unresolved,,false,,,unresolved,,requires-review,Insufficient deterministic evidence for automatic classification.
quote-1797,1797,stage:unassigned,category:laundry-tubs,subcategory:metro-utility-1-t-h-l-hand-35l-no-bypass,METRO UTILITY 1 T/H L/HAND 35L NO BYPASS,unresolved,,false,,,unresolved,,requires-review,Insufficient deterministic evidence for automatic classification.
quote-1798,1798,stage:unassigned,category:laundry-tubs,subcategory:metro-utility-1-t-h-r-hand-35l-no-bypass,METRO UTILITY 1 T/H R/HAND 35L NO BYPASS,unresolved,,false,,,unresolved,,requires-review,Insufficient deterministic evidence for automatic classification.
quote-1799,1799,stage:unassigned,category:laundry-tubs,subcategory:metro-utility-no-t-h-35l-no-bypass,METRO UTILITY NO T/H 35L NO BYPASS,unresolved,,false,,,unresolved,,requires-review,Insufficient deterministic evidence for automatic classification.
quote-1800,1800,stage:fix-out,category:appliances,subcategory:oliveri-45-drop-in-winning-appliances,OLIVERI 45 DROP IN - WINNING APPLIANCES,unresolved,,false,,,unresolved,,requires-review,Insufficient deterministic evidence for automatic classification.
quote-1803,1803,stage:unassigned,category:plumbing-fixtures,subcategory:tapware,RAYMOR CLERMONT,product,product:tapware:raymor-clermont,true,,,rule,product:category:plumbing-fixtures:subcategory:tapware:raymor-clermont,missing-product-library-candidate,Physical selectable or supplier product candidate.
quote-1804,1804,stage:unassigned,category:plumbing-fixtures,subcategory:tapware,RAYMOR VICTORIA SPRAY,product,product:tapware:raymor-victoria-spray,true,,,rule,product:category:plumbing-fixtures:subcategory:tapware:raymor-victoria-spray,missing-product-library-candidate,Physical selectable or supplier product candidate.
quote-1805,1805,stage:unassigned,category:plumbing-fixtures,subcategory:tapware,RAYMOR ACADEMY PILLAR,product,product:tapware:raymor-academy-pillar,true,,,rule,product:category:plumbing-fixtures:subcategory:tapware:raymor-academy-pillar,missing-product-library-candidate,Physical selectable or supplier product candidate.
quote-1806,1806,stage:unassigned,category:plumbing-fixtures,subcategory:tapware,RAYMOR TORINO GOOSENECK,product,product:tapware:raymor-torino-gooseneck,true,,,rule,product:category:plumbing-fixtures:subcategory:tapware:raymor-torino-gooseneck,missing-product-library-candidate,Physical selectable or supplier product candidate.
quote-1807,1807,stage:unassigned,category:plumbing-fixtures,subcategory:tapware,KOHLER SINGULAR,product,product:tapware:kohler-singular,true,,,rule,product:category:plumbing-fixtures:subcategory:tapware:kohler-singular,missing-product-library-candidate,Physical selectable or supplier product candidate.
quote-1808,1808,stage:unassigned,category:plumbing-fixtures,subcategory:tapware,RAYMOR TORINO MULTI FUNCTION MIXER,product,product:tapware:raymor-torino-multi-function-mixer,true,,,rule,product:category:plumbing-fixtures:subcategory:tapware:raymor-torino-multi-function-mixer,missing-product-library-candidate,Physical selectable or supplier product candidate.
quote-1809,1809,stage:unassigned,category:plumbing-fixtures,subcategory:tapware,SINK MIXER ARTESIAN - TRADELINK,product,product:tapware:sink-mixer-artesian-tradelink,true,,,rule,product:category:plumbing-fixtures:subcategory:tapware:sink-mixer-artesian-tradelink,missing-product-library-candidate,Physical selectable or supplier product candidate.
quote-1810,1810,stage:unassigned,category:plumbing-fixtures,subcategory:tapware,KOHLER JULY MIXER,product,product:tapware:kohler-july-mixer,true,,,rule,product:category:plumbing-fixtures:subcategory:tapware:kohler-july-mixer,missing-product-library-candidate,Physical selectable or supplier product candidate.
quote-1811,1811,stage:unassigned,category:plumbing-fixtures,subcategory:tapware,KOHLER VITEO/PIN,product,product:tapware:kohler-viteo-pin,true,,,rule,product:category:plumbing-fixtures:subcategory:tapware:kohler-viteo-pin,missing-product-library-candidate,Physical selectable or supplier product candidate.
quote-1812,1812,stage:unassigned,category:plumbing-fixtures,subcategory:tapware,OLIVERI SINGLE LEVER MIXER,product,product:tapware:oliveri-single-lever-mixer,true,,,rule,product:category:plumbing-fixtures:subcategory:tapware:oliveri-single-lever-mixer,missing-product-library-candidate,Physical selectable or supplier product candidate.
quote-1813,1813,stage:unassigned,category:plumbing-fixtures,subcategory:tapware,OLIVERI SINGLE LEVER GOOSENECK,product,product:tapware:oliveri-single-lever-gooseneck,true,,,rule,product:category:plumbing-fixtures:subcategory:tapware:oliveri-single-lever-gooseneck,missing-product-library-candidate,Physical selectable or supplier product candidate.
quote-1816,1816,stage:unassigned,category:plumbing-fixtures,subcategory:tapware,W/M STOP COCKS NON RETURN VALVE,product,product:tapware:w-m-stop-cocks-non-return-valve,true,,,rule,product:category:plumbing-fixtures:subcategory:tapware:w-m-stop-cocks-non-return-valve,missing-product-library-candidate,Physical selectable or supplier product candidate.
quote-1817,1817,stage:unassigned,category:plumbing-fixtures,subcategory:tapware,RAYMOR LAUNDRY SET WALL MOUNT,product,product:tapware:raymor-laundry-set-wall-mount,true,,,rule,product:category:plumbing-fixtures:subcategory:tapware:raymor-laundry-set-wall-mount,missing-product-library-candidate,Physical selectable or supplier product candidate.
quote-1818,1818,stage:unassigned,category:plumbing-fixtures,subcategory:tapware,RAMOR WALL MOUNT COCKS,product,product:tapware:ramor-wall-mount-cocks,true,,,rule,product:category:plumbing-fixtures:subcategory:tapware:ramor-wall-mount-cocks,missing-product-library-candidate,Physical selectable or supplier product candidate.
quote-1822,1822,stage:unassigned,category:projix,subcategory:robe-hook,ROBE HOOK,unresolved,,false,,,unresolved,,requires-review,Insufficient deterministic evidence for automatic classification.
quote-1823,1823,stage:unassigned,category:projix,subcategory:glass-shelf,GLASS SHELF,unresolved,,false,,,unresolved,,requires-review,Insufficient deterministic evidence for automatic classification.
quote-1824,1824,stage:unassigned,category:projix,subcategory:soap-basket,SOAP BASKET,unresolved,,false,,,unresolved,,requires-review,Insufficient deterministic evidence for automatic classification.
quote-1825,1825,stage:unassigned,category:plumbing-fixtures,subcategory:toilets,TOILET ROLL HOLDER,product,product:toilets:toilet-roll-holder,true,,,rule,product:category:plumbing-fixtures:subcategory:toilets:toilet-roll-holder,missing-product-library-candidate,Physical selectable or supplier product candidate.
quote-1826,1826,stage:unassigned,category:projix,subcategory:towel-rail-600mm-double,TOWEL RAIL 600mm DOUBLE,unresolved,,false,,,unresolved,,requires-review,Insufficient deterministic evidence for automatic classification.
quote-1827,1827,stage:unassigned,category:projix,subcategory:towel-rail-900mm-double,TOWEL RAIL 900mm DOUBLE,unresolved,,false,,,unresolved,,requires-review,Insufficient deterministic evidence for automatic classification.
quote-1828,1828,stage:unassigned,category:projix,subcategory:towel-rail-600mm-single,TOWEL RAIL 600mm SINGLE,unresolved,,false,,,unresolved,,requires-review,Insufficient deterministic evidence for automatic classification.
quote-1829,1829,stage:unassigned,category:projix,subcategory:towel-rail-900mm-single,TOWEL RAIL 900mm SINGLE,unresolved,,false,,,unresolved,,requires-review,Insufficient deterministic evidence for automatic classification.
quote-1830,1830,stage:unassigned,category:projix,subcategory:towel-ring,TOWEL RING,unresolved,,false,,,unresolved,,requires-review,Insufficient deterministic evidence for automatic classification.
quote-1833,1833,stage:unassigned,category:lucerne,subcategory:soap-holder,SOAP HOLDER,unresolved,,false,,,unresolved,,requires-review,Insufficient deterministic evidence for automatic classification.
quote-1834,1834,stage:unassigned,category:plumbing-fixtures,subcategory:toilets,TOILET ROLL HOLDER,product,product:toilets:toilet-roll-holder,true,,,rule,product:category:plumbing-fixtures:subcategory:toilets:toilet-roll-holder,missing-product-library-candidate,Physical selectable or supplier product candidate.
quote-1835,1835,stage:unassigned,category:lucerne,subcategory:robe-hook,ROBE HOOK,unresolved,,false,,,unresolved,,requires-review,Insufficient deterministic evidence for automatic classification.
quote-1836,1836,stage:unassigned,category:lucerne,subcategory:towel-rail-750mm-double,TOWEL RAIL 750mm DOUBLE,unresolved,,false,,,unresolved,,requires-review,Insufficient deterministic evidence for automatic classification.
quote-1837,1837,stage:unassigned,category:lucerne,subcategory:towel-rail-750mm-single,TOWEL RAIL 750mm SINGLE,unresolved,,false,,,unresolved,,requires-review,Insufficient deterministic evidence for automatic classification.
quote-1838,1838,stage:unassigned,category:lucerne,subcategory:towel-ring,TOWEL RING,unresolved,,false,,,unresolved,,requires-review,Insufficient deterministic evidence for automatic classification.
quote-1839,1839,stage:unassigned,category:lucerne,subcategory:glass-shelf,GLASS SHELF,unresolved,,false,,,unresolved,,requires-review,Insufficient deterministic evidence for automatic classification.
quote-1842,1842,stage:unassigned,category:plumbing-fixtures,subcategory:toilets,TOILET ROLL HOLDER COVERED,product,product:toilets:toilet-roll-holder-covered,true,,,rule,product:category:plumbing-fixtures:subcategory:toilets:toilet-roll-holder-covered,missing-product-library-candidate,Physical selectable or supplier product candidate.
quote-1843,1843,stage:unassigned,category:plumbing-fixtures,subcategory:toilets,TOILET ROLL HOLDER VERTICAL,product,product:toilets:toilet-roll-holder-vertical,true,,,rule,product:category:plumbing-fixtures:subcategory:toilets:toilet-roll-holder-vertical,missing-product-library-candidate,Physical selectable or supplier product candidate.
quote-1844,1844,stage:unassigned,category:singulier,subcategory:robe-hook,ROBE HOOK,unresolved,,false,,,unresolved,,requires-review,Insufficient deterministic evidence for automatic classification.
quote-1845,1845,stage:unassigned,category:singulier,subcategory:towel-rail-600mm-double,TOWEL RAIL 600mm DOUBLE,unresolved,,false,,,unresolved,,requires-review,Insufficient deterministic evidence for automatic classification.
quote-1846,1846,stage:unassigned,category:singulier,subcategory:towel-rail-600mm-single,TOWEL RAIL 600mm SINGLE,unresolved,,false,,,unresolved,,requires-review,Insufficient deterministic evidence for automatic classification.
quote-1847,1847,stage:unassigned,category:singulier,subcategory:towel-rail-750mm-single,TOWEL RAIL 750mm SINGLE,unresolved,,false,,,unresolved,,requires-review,Insufficient deterministic evidence for automatic classification.
quote-1848,1848,stage:unassigned,category:singulier,subcategory:towel-ring,TOWEL RING,unresolved,,false,,,unresolved,,requires-review,Insufficient deterministic evidence for automatic classification.
quote-1849,1849,stage:unassigned,category:singulier,subcategory:glass-shelf,GLASS SHELF,unresolved,,false,,,unresolved,,requires-review,Insufficient deterministic evidence for automatic classification.
quote-1852,1852,stage:unassigned,category:plumbing-fixtures,subcategory:tapware,SINGLE UNDERSINK WATER FILTER SYSTEM,product,product:tapware:single-undersink-water-filter-system,true,,,rule,product:category:plumbing-fixtures:subcategory:tapware:single-undersink-water-filter-system,missing-product-library-candidate,Physical selectable or supplier product candidate.
quote-1853,1853,stage:unassigned,category:plumbing-fixtures,subcategory:tapware,ZIP HYDROTAP TAP BOILING AND CHILLED WATER,product,product:tapware:zip-hydrotap-tap-boiling-and-chilled-water,true,,,rule,product:category:plumbing-fixtures:subcategory:tapware:zip-hydrotap-tap-boiling-and-chilled-water,missing-product-library-candidate,Physical selectable or supplier product candidate.
quote-1856,1856,stage:unassigned,category:plumbing-fixtures,subcategory:ise-model-45-45-hp,ISE MODEL 45 .45 HP,product,product:ise-model-45-45-hp:ise-model-45-45-hp,true,,,rule,product:category:plumbing-fixtures:subcategory:ise-model-45-45-hp:ise-model-45-45-hp,missing-product-library-candidate,Physical selectable or supplier product candidate.
quote-1857,1857,stage:unassigned,category:plumbing-fixtures,subcategory:ise-model-55-55-hp-auto-reverse,ISE MODEL 55 .55 HP AUTO REVERSE,product,product:ise-model-55-55-hp-auto-reverse:ise-model-55-55-hp-auto-reverse,true,,,rule,product:category:plumbing-fixtures:subcategory:ise-model-55-55-hp-auto-reverse:ise-model-55-55-hp-auto-reverse,missing-product-library-candidate,Physical selectable or supplier product candidate.
quote-1861,1861,stage:fix-out,category:plumbing-fixtures,subcategory:item,ITEM,unresolved,,false,,,unresolved,,requires-review,Insufficient deterministic evidence for automatic classification.
quote-1864,1864,stage:unassigned,category:hot-water,subcategory:rinnai-20l-m-lpg,RINNAI 20L/M LPG,unresolved,,false,,,unresolved,,requires-review,Insufficient deterministic evidence for automatic classification.
quote-1865,1865,stage:unassigned,category:hot-water,subcategory:rinnai-26l-m-plus-lpg,RINNAI 26L/M PLUS LPG,unresolved,,false,,,unresolved,,requires-review,Insufficient deterministic evidence for automatic classification.
quote-1866,1866,stage:unassigned,category:hot-water,subcategory:dux-endurance-26l50-gas-instant-hws,DUX ENDURANCE 26L50 GAS INSTANT HWS,unresolved,,false,,,unresolved,,requires-review,Insufficient deterministic evidence for automatic classification.
quote-1867,1867,stage:unassigned,category:hot-water,subcategory:wall-box,WALL BOX,unresolved,,false,,,unresolved,,requires-review,Insufficient deterministic evidence for automatic classification.
quote-1868,1868,stage:fix-out,category:appliances,subcategory:bosch-21-l-min-winning-appliances,BOSCH 21 L/MIN - WINNING APPLIANCES,unresolved,,false,,,unresolved,,requires-review,Insufficient deterministic evidence for automatic classification.
quote-1869,1869,stage:fix-out,category:appliances,subcategory:bosch-26-l-min-winning-appliances,BOSCH 26 L/MIN - WINNING APPLIANCES,unresolved,,false,,,unresolved,,requires-review,Insufficient deterministic evidence for automatic classification.
quote-1871,1871,stage:unassigned,category:hot-water,subcategory:rheem-3-6kw-heat-pump-side-mount,RHEEM 3.6kw HEAT PUMP SIDE MOUNT,unresolved,,false,,,unresolved,,requires-review,Insufficient deterministic evidence for automatic classification.
quote-1872,1872,stage:lock-up,category:roofing,subcategory:rheem-300hi-roof-mounted-solar-system,RHEEM 300HI ROOF MOUNTED SOLAR SYSTEM,unresolved,,false,,,unresolved,,requires-review,Insufficient deterministic evidence for automatic classification.
quote-1873,1873,stage:unassigned,category:hot-water,subcategory:rheem-lo-line-spilt-solar-system,RHEEM LO-LINE SPILT SOLAR SYSTEM,unresolved,,false,,,unresolved,,requires-review,Insufficient deterministic evidence for automatic classification.
quote-1874,1874,stage:unassigned,category:hot-water,subcategory:temperting-value,TEMPERTING VALUE,unresolved,,false,,,unresolved,,requires-review,Insufficient deterministic evidence for automatic classification.
quote-1875,1875,stage:lock-up,category:roofing,subcategory:roof-plonk,ROOF PLONK,unresolved,,false,,,unresolved,,requires-review,Insufficient deterministic evidence for automatic classification.
quote-1876,1876,stage:unassigned,category:hot-water,subcategory:pressure-valve,PRESSURE VALVE,unresolved,,false,,,unresolved,,requires-review,Insufficient deterministic evidence for automatic classification.
quote-1879,1879,stage:unassigned,category:water-reticulation,subcategory:5000-l-water-storage-tanks,5000 L WATER STORAGE TANKS,unresolved,,false,,,unresolved,,requires-review,Insufficient deterministic evidence for automatic classification.
quote-1880,1880,stage:unassigned,category:water-reticulation,subcategory:pumps,PUMPS,unresolved,,false,,,unresolved,,requires-review,Insufficient deterministic evidence for automatic classification.
quote-1881,1881,stage:unassigned,category:water-reticulation,subcategory:slimline-tank-and-pump,SLIMLINE TANK AND PUMP,unresolved,,false,,,unresolved,,requires-review,Insufficient deterministic evidence for automatic classification.
quote-1882,1882,stage:unassigned,category:water-reticulation,subcategory:installation-kits,INSTALLATION KITS,estimating-item,estimating:installation-kits:installation-kits,false,,,rule,estimating-item:category:water-reticulation:subcategory:installation-kits:installation-kits,missing-estimating-catalogue-candidate,"Labour, plant, fee, service, or construction resource candidate."
quote-1886,1886,stage:fix-out,category:electrical,subcategory:item,ITEM,unresolved,,false,,,unresolved,,requires-review,Insufficient deterministic evidence for automatic classification.
quote-1890,1890,stage:unassigned,category:electrical,subcategory:light-fittings,QUOTE,unresolved,,false,,,unresolved,,requires-review,Insufficient deterministic evidence for automatic classification.
quote-1891,1891,stage:unassigned,category:electrical,subcategory:light-fittings,FLURO CEILING LIGHTS,unresolved,,false,,,unresolved,,requires-review,Insufficient deterministic evidence for automatic classification.
quote-1892,1892,stage:unassigned,category:electrical,subcategory:light-fittings,OYSTER LIGHTS,unresolved,,false,,,unresolved,,requires-review,Insufficient deterministic evidence for automatic classification.
quote-1893,1893,stage:fix-out,category:electrical,subcategory:light-fittings,HANGING LIGHTS - KITCHEN,unresolved,,false,,,unresolved,,requires-review,Insufficient deterministic evidence for automatic classification.
quote-1894,1894,stage:unassigned,category:electrical,subcategory:light-fittings,SINGLE CEILING FLURO,unresolved,,false,,,unresolved,,requires-review,Insufficient deterministic evidence for automatic classification.
quote-1895,1895,stage:unassigned,category:electrical,subcategory:light-fittings,DOUBLE CEILING FLURO LIGHTS - LARGE,unresolved,,false,,,unresolved,,requires-review,Insufficient deterministic evidence for automatic classification.
quote-1896,1896,stage:unassigned,category:electrical,subcategory:light-fittings,BUNKER LIGHTS,unresolved,,false,,,unresolved,,requires-review,Insufficient deterministic evidence for automatic classification.
quote-1897,1897,stage:unassigned,category:electrical,subcategory:light-fittings,WALL LIGHTS,unresolved,,false,,,unresolved,,requires-review,Insufficient deterministic evidence for automatic classification.
quote-1901,1901,stage:unassigned,category:electrical,subcategory:light-fittings,AIRFUSION 3 BLD FAN (NO LIGHT),unresolved,,false,,,unresolved,,requires-review,Insufficient deterministic evidence for automatic classification.
quote-1902,1902,stage:unassigned,category:electrical,subcategory:light-fittings,AIRFUSION 3 BLD FAN (WITH LIGHT),unresolved,,false,,,unresolved,,requires-review,Insufficient deterministic evidence for automatic classification.
quote-1903,1903,stage:unassigned,category:ceiling-fans,subcategory:4-blade-wooden-blade-fans,4 BLADE WOODEN BLADE FANS,unresolved,,false,,,unresolved,,requires-review,Insufficient deterministic evidence for automatic classification.
quote-1904,1904,stage:unassigned,category:electrical,subcategory:light-fittings,5 BLADE WOODEN BLADE FANS WITH LIGHT,unresolved,,false,,,unresolved,,requires-review,Insufficient deterministic evidence for automatic classification.
quote-1908,1908,stage:fix-out,category:electrical,subcategory:light-fittings,MISC LIGHT FITTINGS,product,product:light-fittings:misc-light-fittings,true,,,rule,product:category:electrical:subcategory:light-fittings:misc-light-fittings,missing-product-library-candidate,Physical selectable or supplier product candidate.
quote-1909,1909,stage:fix-out,category:electrical,subcategory:exhaust-fans,EXHAUST FANS,unresolved,,false,,,unresolved,,requires-review,Insufficient deterministic evidence for automatic classification.
quote-1910,1910,stage:fix-out,category:plumbing-fixtures,subcategory:baths,BATHROOM FAN/LIGHT COMBO,product,product:baths:bathroom-fan-light-combo,true,,,rule,product:category:plumbing-fixtures:subcategory:baths:bathroom-fan-light-combo,missing-product-library-candidate,Physical selectable or supplier product candidate.
quote-1911,1911,stage:fix-out,category:electrical,subcategory:light-fittings,IXL TASTIC FAN HEAT LIGHT,unresolved,,false,,,unresolved,,requires-review,Insufficient deterministic evidence for automatic classification.
quote-1914,1914,stage:unassigned,category:air-conditioners,subcategory:ducted-air-conditioner,DUCTED AIR CONDITIONER,unresolved,,false,,,unresolved,,requires-review,Insufficient deterministic evidence for automatic classification.
quote-1915,1915,stage:unassigned,category:air-conditioners,subcategory:kelvinator-2-6-kw-split-air-cond,KELVINATOR 2.6 KW SPLIT AIR COND,unresolved,,false,,,unresolved,,requires-review,Insufficient deterministic evidence for automatic classification.
quote-1916,1916,stage:unassigned,category:air-conditioners,subcategory:kelvinator-7-2-kw-split-air-cond,KELVINATOR 7.2 KW SPLIT AIR COND,unresolved,,false,,,unresolved,,requires-review,Insufficient deterministic evidence for automatic classification.
quote-1917,1917,stage:fix-out,category:electrical,subcategory:installation-and-electrical,INSTALLATION & ELECTRICAL,estimating-item,estimating:installation-and-electrical:installation-and-electrical,false,,,rule,estimating-item:category:electrical:subcategory:installation-and-electrical:installation-and-electrical,missing-estimating-catalogue-candidate,"Labour, plant, fee, service, or construction resource candidate."
quote-1921,1921,stage:unassigned,category:plumbing-fixtures,subcategory:showers,ITEM,product,product:showers:item,true,,,rule,product:category:plumbing-fixtures:subcategory:showers:item,missing-product-library-candidate,Physical selectable or supplier product candidate.
quote-1924,1924,stage:frame,category:frame,subcategory:framed-900-high,FRAMED 900 HIGH,unresolved,,false,,,unresolved,,requires-review,Insufficient deterministic evidence for automatic classification.
quote-1925,1925,stage:unassigned,category:mirrors,subcategory:flat-polished,FLAT POLISHED,unresolved,,false,,,unresolved,,requires-review,Insufficient deterministic evidence for automatic classification.
quote-1926,1926,stage:frame,category:frame,subcategory:micro-framed,MICRO FRAMED,unresolved,,false,,,unresolved,,requires-review,Insufficient deterministic evidence for automatic classification.
quote-1927,1927,stage:unassigned,category:mirrors,subcategory:bevelled-edge,BEVELLED EDGE,unresolved,,false,,,unresolved,,requires-review,Insufficient deterministic evidence for automatic classification.
quote-1932,1932,stage:frame,category:frame,subcategory:softline-framed-front-only-clear,SOFTLINE FRAMED - FRONT ONLY (CLEAR),unresolved,,false,,,unresolved,,requires-review,Insufficient deterministic evidence for automatic classification.
quote-1933,1933,stage:frame,category:frame,subcategory:softline-framed-front-only-tinted,SOFTLINE FRAMED - FRONT ONLY (TINTED),unresolved,,false,,,unresolved,,requires-review,Insufficient deterministic evidence for automatic classification.
quote-1934,1934,stage:frame,category:frame,subcategory:softline-framed-front-only-obscure,SOFTLINE FRAMED - FRONT ONLY (OBSCURE),unresolved,,false,,,unresolved,,requires-review,Insufficient deterministic evidence for automatic classification.
quote-1936,1936,stage:frame,category:frame,subcategory:softline-framed-front-and-side-clear,SOFTLINE FRAMED - FRONT & SIDE (CLEAR),unresolved,,false,,,unresolved,,requires-review,Insufficient deterministic evidence for automatic classification.
quote-1937,1937,stage:frame,category:frame,subcategory:softline-framed-front-and-side-tinted,SOFTLINE FRAMED - FRONT & SIDE (TINTED),unresolved,,false,,,unresolved,,requires-review,Insufficient deterministic evidence for automatic classification.
quote-1938,1938,stage:frame,category:frame,subcategory:softline-framed-front-and-side-obscure,SOFTLINE FRAMED - FRONT & SIDE (OBSCURE),unresolved,,false,,,unresolved,,requires-review,Insufficient deterministic evidence for automatic classification.
quote-1940,1940,stage:frame,category:frame,subcategory:softline-framed-splayed-hob-clear,SOFTLINE FRAMED - SPLAYED HOB (CLEAR),unresolved,,false,,,unresolved,,requires-review,Insufficient deterministic evidence for automatic classification.
quote-1941,1941,stage:frame,category:frame,subcategory:softline-framed-splayed-hob-tinted,SOFTLINE FRAMED - SPLAYED HOB (TINTED),unresolved,,false,,,unresolved,,requires-review,Insufficient deterministic evidence for automatic classification.
quote-1942,1942,stage:frame,category:frame,subcategory:softline-framed-splayed-hob-obscure,SOFTLINE FRAMED - SPLAYED HOB (OBSCURE),unresolved,,false,,,unresolved,,requires-review,Insufficient deterministic evidence for automatic classification.
quote-1944,1944,stage:frame,category:frame,subcategory:extra-width-over-1000-per-100mm,EXTRA WIDTH OVER 1000 - PER 100mm,unresolved,,false,,,unresolved,,requires-review,Insufficient deterministic evidence for automatic classification.
quote-1945,1945,stage:frame,category:frame,subcategory:extra-height-over-1870-per-100mm,EXTRA HEIGHT OVER 1870 - PER 100mm,unresolved,,false,,,unresolved,,requires-review,Insufficient deterministic evidence for automatic classification.
quote-1949,1949,stage:frame,category:frame,subcategory:grange-front-only-clear,GRANGE - FRONT ONLY (CLEAR),unresolved,,false,,,unresolved,,requires-review,Insufficient deterministic evidence for automatic classification.
quote-1951,1951,stage:frame,category:frame,subcategory:grange-front-and-side-clear,GRANGE - FRONT & SIDE (CLEAR),unresolved,,false,,,unresolved,,requires-review,Insufficient deterministic evidence for automatic classification.
quote-1953,1953,stage:frame,category:frame,subcategory:grange-splayed-hob-clear,GRANGE - SPLAYED HOB (CLEAR),unresolved,,false,,,unresolved,,requires-review,Insufficient deterministic evidence for automatic classification.
quote-1955,1955,stage:frame,category:frame,subcategory:extra-width-over-1000-per-100mm,EXTRA WIDTH OVER 1000 - PER 100mm,unresolved,,false,,,unresolved,,requires-review,Insufficient deterministic evidence for automatic classification.
quote-1956,1956,stage:frame,category:frame,subcategory:extra-height-over-1870-per-100mm,EXTRA HEIGHT OVER 1870 - PER 100mm,unresolved,,false,,,unresolved,,requires-review,Insufficient deterministic evidence for automatic classification.
quote-1960,1960,stage:fix-out,category:painting,subcategory:labour,ITEM,unresolved,,false,,,unresolved,,requires-review,Insufficient deterministic evidence for automatic classification.
quote-1962,1962,stage:fix-out,category:painting,subcategory:labour,GENERAL PAINTING - INTERIOR LOWER,formula,,false,,,rule,,not-a-catalogue-record,Formula-driven quotation row.
quote-1963,1963,stage:fix-out,category:painting,subcategory:labour,GENERAL PAINTING - INTERIOR UPPER,formula,,false,,,rule,,not-a-catalogue-record,Formula-driven quotation row.
quote-1964,1964,stage:lock-up,category:painting,subcategory:labour,EXTERIOR CLADDING LOWER LEVEL,formula,,false,,,rule,,not-a-catalogue-record,Formula-driven quotation row.
quote-1965,1965,stage:lock-up,category:painting,subcategory:labour,EXTERIOR CLADDING UPPER LEVEL,formula,,false,,,rule,,not-a-catalogue-record,Formula-driven quotation row.
quote-1966,1966,stage:fix-out,category:painting,subcategory:labour,GAP SEAL AND PREP WEATHERBOARDS,unresolved,,false,,,unresolved,,requires-review,Insufficient deterministic evidence for automatic classification.
quote-1967,1967,stage:fix-out,category:painting,subcategory:labour,EAVES,formula,,false,,,rule,,not-a-catalogue-record,Formula-driven quotation row.
quote-1968,1968,stage:fix-out,category:painting,subcategory:labour,PATIO CEILINGS ETC,formula,,false,,,rule,,not-a-catalogue-record,Formula-driven quotation row.
quote-1969,1969,stage:fix-out,category:painting,subcategory:labour,DECKING INC. CEILINGS,unresolved,,false,,,unresolved,,requires-review,Insufficient deterministic evidence for automatic classification.
quote-1970,1970,stage:fix-out,category:painting,subcategory:labour,MISC PAINT WORK,unresolved,,false,,,unresolved,,requires-review,Insufficient deterministic evidence for automatic classification.
quote-1974,1974,stage:unassigned,category:cleaning,subcategory:item,ITEM,estimating-item,estimating:item:item,false,,,rule,estimating-item:category:cleaning:subcategory:item:item,missing-estimating-catalogue-candidate,"Labour, plant, fee, service, or construction resource candidate."
quote-1976,1976,stage:base,category:preliminaries,subcategory:site-clean-with-bob-cat,SITE CLEAN WITH BOB CAT,estimating-item,estimating:site-clean-with-bob-cat:site-clean-with-bob-cat,false,,,rule,estimating-item:category:preliminaries:subcategory:site-clean-with-bob-cat:site-clean-with-bob-cat,missing-estimating-catalogue-candidate,"Labour, plant, fee, service, or construction resource candidate."
quote-1977,1977,stage:base,category:preliminaries,subcategory:removal-of-debris-from-site,REMOVAL OF DEBRIS FROM SITE,estimating-item,estimating:removal-of-debris-from-site:removal-of-debris-from-site,false,,,rule,estimating-item:category:preliminaries:subcategory:removal-of-debris-from-site:removal-of-debris-from-site,missing-estimating-catalogue-candidate,"Labour, plant, fee, service, or construction resource candidate."
quote-1978,1978,stage:preliminaries,category:preliminaries,subcategory:preliminary-internal-clean,PRELIMINARY INTERNAL CLEAN,formula,,false,,,rule,,not-a-catalogue-record,Formula-driven quotation row.
quote-1979,1979,stage:unassigned,category:cleaning,subcategory:builder-s-final-clean,BUILDER'S FINAL CLEAN,formula,,false,,,rule,,not-a-catalogue-record,Formula-driven quotation row.
quote-1983,1983,stage:unassigned,category:landscaping,subcategory:item,ITEM,unresolved,,false,,,unresolved,,requires-review,Insufficient deterministic evidence for automatic classification.
quote-1985,1985,stage:unassigned,category:landscaping,subcategory:landscaping-prime-cost,LANDSCAPING PRIME COST,allowance,,false,,,rule,allowance:category:landscaping:subcategory:landscaping-prime-cost:landscaping-prime-cost,requires-review,Allowance row; do not import as a physical product.
quote-1986,1986,stage:unassigned,category:landscaping,subcategory:cut-curb-and-remove,CUT CURB & REMOVE,unresolved,,false,,,unresolved,,requires-review,Insufficient deterministic evidence for automatic classification.
quote-1987,1987,stage:base,category:external-works,subcategory:concrete-driveway-in-exposed-ag,CONCRETE DRIVEWAY IN EXPOSED AG,unresolved,,false,,,unresolved,,requires-review,Insufficient deterministic evidence for automatic classification.
quote-1988,1988,stage:base,category:slab,subcategory:concrete-paths-in-exposed-ag,CONCRETE PATHS IN EXPOSED AG,unresolved,,false,,,unresolved,,requires-review,Insufficient deterministic evidence for automatic classification.
quote-1989,1989,stage:base,category:flooring-tiling,subcategory:concrete-alfresco-floors,CONCRETE ALFRESCO FLOORS,formula,,false,,,rule,,not-a-catalogue-record,Formula-driven quotation row.
quote-1990,1990,stage:base,category:slab,subcategory:concrete-tank-pad,CONCRETE TANK PAD,unresolved,,false,,,unresolved,,requires-review,Insufficient deterministic evidence for automatic classification.
quote-1991,1991,stage:external,category:external-works,subcategory:clean-and-seal-driveway,CLEAN & SEAL DRIVEWAY,estimating-item,estimating:clean-and-seal-driveway:clean-and-seal-driveway,false,,,rule,estimating-item:category:external-works:subcategory:clean-and-seal-driveway:clean-and-seal-driveway,missing-estimating-catalogue-candidate,"Labour, plant, fee, service, or construction resource candidate."
quote-1992,1992,stage:base,category:preliminaries,subcategory:site-batters,SITE BATTERS,unresolved,,false,,,unresolved,,requires-review,Insufficient deterministic evidence for automatic classification.
quote-1993,1993,stage:base,category:preliminaries,subcategory:site-drainage,SITE DRAINAGE,unresolved,,false,,,unresolved,,requires-review,Insufficient deterministic evidence for automatic classification.
quote-1994,1994,stage:lock-up,category:landscaping,subcategory:block-fence-peirs,BLOCK FENCE PEIRS,unresolved,,false,,,unresolved,,requires-review,Insufficient deterministic evidence for automatic classification.
quote-1995,1995,stage:external,category:landscaping,subcategory:front-fence-gates,FRONT FENCE GATES,unresolved,,false,,,unresolved,,requires-review,Insufficient deterministic evidence for automatic classification.
quote-1996,1996,stage:external,category:landscaping,subcategory:timber-slat-fence-panels,TIMBER SLAT FENCE PANELS,unresolved,,false,,,unresolved,,requires-review,Insufficient deterministic evidence for automatic classification.
quote-1997,1997,stage:unassigned,category:landscaping,subcategory:std-timber-slat-fencing,STD TIMBER SLAT FENCING,unresolved,,false,,,unresolved,,requires-review,Insufficient deterministic evidence for automatic classification.
quote-1998,1998,stage:unassigned,category:landscaping,subcategory:gates,GATES,unresolved,,false,,,unresolved,,requires-review,Insufficient deterministic evidence for automatic classification.
quote-1999,1999,stage:unassigned,category:landscaping,subcategory:timber-retainer-walls-900-high,TIMBER RETAINER WALLS 900 HIGH,unresolved,,false,,,unresolved,,requires-review,Insufficient deterministic evidence for automatic classification.
quote-2000,2000,stage:unassigned,category:landscaping,subcategory:timber-retainer-walls-1200-high,TIMBER RETAINER WALLS 1200 HIGH,unresolved,,false,,,unresolved,,requires-review,Insufficient deterministic evidence for automatic classification.
quote-2001,2001,stage:unassigned,category:landscaping,subcategory:timber-retainer-walls-1500-high,TIMBER RETAINER WALLS 1500 HIGH,unresolved,,false,,,unresolved,,requires-review,Insufficient deterministic evidence for automatic classification.
quote-2002,2002,stage:external,category:external-works,subcategory:swimming-pools,SWIMMING POOLS,unresolved,,false,,,unresolved,,requires-review,Insufficient deterministic evidence for automatic classification.
quote-2003,2003,stage:external,category:external-works,subcategory:pool-fencing-panels-1-8m-panels,POOL FENCING PANELS 1.8M PANELS,unresolved,,false,,,unresolved,,requires-review,Insufficient deterministic evidence for automatic classification.
quote-2004,2004,stage:external,category:external-works,subcategory:pool-gate,POOL GATE,unresolved,,false,,,unresolved,,requires-review,Insufficient deterministic evidence for automatic classification.
quote-2005,2005,stage:unassigned,category:landscaping,subcategory:exterior-paving,EXTERIOR PAVING,unresolved,,false,,,unresolved,,requires-review,Insufficient deterministic evidence for automatic classification.
quote-2006,2006,stage:unassigned,category:landscaping,subcategory:turf-underlay,TURF UNDERLAY,unresolved,,false,,,unresolved,,requires-review,Insufficient deterministic evidence for automatic classification.
quote-2007,2007,stage:unassigned,category:landscaping,subcategory:turf-installed,TURF INSTALLED,estimating-item,estimating:turf-installed:turf-installed,false,,,rule,estimating-item:category:landscaping:subcategory:turf-installed:turf-installed,missing-estimating-catalogue-candidate,"Labour, plant, fee, service, or construction resource candidate."
quote-2011,2011,stage:fix-out,category:flooring-tiling,subcategory:item,ITEM,unresolved,,false,,,unresolved,,requires-review,Insufficient deterministic evidence for automatic classification.
quote-2013,2013,stage:fix-out,category:flooring-tiling,subcategory:carpet-quote,CARPET QUOTE,unresolved,,false,,,unresolved,,requires-review,Insufficient deterministic evidence for automatic classification.
quote-2015,2015,stage:fix-out,category:flooring-tiling,subcategory:carpet,CARPET,unresolved,,false,,,unresolved,,requires-review,Insufficient deterministic evidence for automatic classification.
quote-2016,2016,stage:fix-out,category:flooring-tiling,subcategory:vinyl-flooring,VINYL FLOORING,unresolved,,false,,,unresolved,,requires-review,Insufficient deterministic evidence for automatic classification.
quote-2017,2017,stage:fix-out,category:flooring-tiling,subcategory:solid-timber-flooring-base-range,SOLID TIMBER FLOORING - BASE RANGE,unresolved,,false,,,unresolved,,requires-review,Insufficient deterministic evidence for automatic classification.
quote-2018,2018,stage:fix-out,category:flooring-tiling,subcategory:solid-timber-flooring-mid-range,SOLID TIMBER FLOORING - MID RANGE,unresolved,,false,,,unresolved,,requires-review,Insufficient deterministic evidence for automatic classification.
quote-2019,2019,stage:fix-out,category:flooring-tiling,subcategory:solid-timber-flooring-upper-range,SOLID TIMBER FLOORING - UPPER RANGE,unresolved,,false,,,unresolved,,requires-review,Insufficient deterministic evidence for automatic classification.
quote-2023,2023,stage:fix-out,category:flooring-tiling,subcategory:timber-look-laminated-flooring,TIMBER LOOK LAMINATED FLOORING,unresolved,,false,,,unresolved,,requires-review,Insufficient deterministic evidence for automatic classification.
quote-2024,2024,stage:base,category:flooring-tiling,subcategory:polished-concrete,POLISHED CONCRETE,unresolved,,false,,,unresolved,,requires-review,Insufficient deterministic evidence for automatic classification.
quote-2028,2028,stage:unassigned,category:miscellaneous,subcategory:item,ITEM,unresolved,,false,,,unresolved,,requires-review,Insufficient deterministic evidence for automatic classification.
quote-2030,2030,stage:unassigned,category:miscellaneous,subcategory:dog-boards-to-lower-house,DOG BOARDS TO LOWER HOUSE,unresolved,,false,,,unresolved,,requires-review,Insufficient deterministic evidence for automatic classification.
quote-2031,2031,stage:unassigned,category:miscellaneous,subcategory:security-screens,security screens,unresolved,,false,,,unresolved,,requires-review,Insufficient deterministic evidence for automatic classification.
quote-2032,2032,stage:unassigned,category:miscellaneous,subcategory:labour,LABOUR TO INSTALL DOG BOARDS,estimating-item,estimating:labour:labour-to-install-dog-boards,false,,,rule,estimating-item:category:miscellaneous:subcategory:labour:labour-to-install-dog-boards,missing-estimating-catalogue-candidate,"Labour, plant, fee, service, or construction resource candidate."
quote-2033,2033,stage:unassigned,category:miscellaneous,subcategory:wall-mounted-clothes-line,WALL MOUNTED CLOTHES LINE,unresolved,,false,,,unresolved,,requires-review,Insufficient deterministic evidence for automatic classification.
quote-2034,2034,stage:unassigned,category:miscellaneous,subcategory:tv-arial-with-electric-booster,TV ARIAL WITH ELECTRIC BOOSTER,unresolved,,false,,,unresolved,,requires-review,Insufficient deterministic evidence for automatic classification.
quote-2035,2035,stage:fix-out,category:flooring-tiling,subcategory:floor-insulation,FLOOR INSULATION,unresolved,,false,,,unresolved,,requires-review,Insufficient deterministic evidence for automatic classification.
quote-2036,2036,stage:unassigned,category:miscellaneous,subcategory:letterbox,LETTERBOX,unresolved,,false,,,unresolved,,requires-review,Insufficient deterministic evidence for automatic classification.
quote-2037,2037,stage:unassigned,category:miscellaneous,subcategory:timber-privacy-screens,timber privacy screens,unresolved,,false,,,unresolved,,requires-review,Insufficient deterministic evidence for automatic classification.
quote-2038,2038,stage:unassigned,category:miscellaneous,subcategory:ducted-vacuum-system-3-point,DUCTED VACUUM SYSTEM (3 POINT),unresolved,,false,,,unresolved,,requires-review,Insufficient deterministic evidence for automatic classification.
quote-2039,2039,stage:unassigned,category:miscellaneous,subcategory:ducted-vacuum-system-4-point,DUCTED VACUUM SYSTEM (4 POINT),unresolved,,false,,,unresolved,,requires-review,Insufficient deterministic evidence for automatic classification.
quote-2040,2040,stage:unassigned,category:miscellaneous,subcategory:security-screens,SECURITY SCREENS,unresolved,,false,,,unresolved,,requires-review,Insufficient deterministic evidence for automatic classification.
quote-2041,2041,stage:unassigned,category:miscellaneous,subcategory:misc-delivery-allowance,MISC DELIVERY ALLOWANCE,allowance,,false,,,rule,allowance:category:miscellaneous:subcategory:misc-delivery-allowance:misc-delivery-allowance,requires-review,Allowance row; do not import as a physical product.
quote-2042,2042,stage:unassigned,category:miscellaneous,subcategory:air-conditioning,AIR CONDITIONING,unresolved,,false,,,unresolved,,requires-review,Insufficient deterministic evidence for automatic classification.
quote-2043,2043,stage:unassigned,category:miscellaneous,subcategory:contingency-allowance,CONTINGENCY ALLOWANCE,allowance,,false,,,rule,allowance:category:miscellaneous:subcategory:contingency-allowance:contingency-allowance,requires-review,Allowance row; do not import as a physical product.
quote-2047,2047,stage:unassigned,category:period-maintenance,subcategory:item,ITEM,unresolved,,false,,,unresolved,,requires-review,Insufficient deterministic evidence for automatic classification.
quote-2049,2049,stage:unassigned,category:period-maintenance,subcategory:domestic-house-maintenance,DOMESTIC HOUSE MAINTENANCE,formula,,false,,,rule,,not-a-catalogue-record,Formula-driven quotation row.
