source_row_id,brand,source_description,unit,model_from_implementation_a,model_from_implementation_b,family_from_a,family_from_b,identity_key_a,identity_key_b,classification_a,classification_b,pack_id_a,pack_id_b,product_id_a,product_id_b,price_a,price_b,discrepancy_type,recommended_resolution,evidence
1180,Euromaid,- EUROMAID 60CM 5 FUNCTION BUILT-IN OVEN EO605DTB,EACH,EO605DTB,EO605DTB,ovens,ovens,brand-model:euromaid:eo605dtb,euromaid::eo605dtb,component,component,product:appliances:appliance-packs:euromaid:1184,pack:appliances:euromaid:euromaid-pack-600mm-electric-cooktop-pack-oven-electric-cooktop-slideout-rangehood-dishwasher,product:appliances:ovens:euromaid:eo605dtb,product:appliances:ovens:euromaid:eo605dtb,500,500,none,No change required.,
1181,Euromaid,- EUROMAID 60CM CERAMIC COOKTOP KCS4,EACH,KCS4,KCS4,cooktops,cooktops,brand-model:euromaid:kcs4,euromaid::kcs4,component,component,product:appliances:appliance-packs:euromaid:1184,pack:appliances:euromaid:euromaid-pack-600mm-electric-cooktop-pack-oven-electric-cooktop-slideout-rangehood-dishwasher,product:appliances:cooktops:euromaid:kcs4,product:appliances:cooktops:euromaid:kcs4,336,336,none,No change required.,
1182,Euromaid,- EUROMAID 60CM SLIDE OUT RANGEHOOD RS6S,EACH,RS6S,RS6S,rangehoods,rangehoods,brand-model:euromaid:rs6s,euromaid::rs6s,component,component,product:appliances:appliance-packs:euromaid:1184,pack:appliances:euromaid:euromaid-pack-600mm-electric-cooktop-pack-oven-electric-cooktop-slideout-rangehood-dishwasher,product:appliances:rangehoods:euromaid:rs6s,product:appliances:rangehoods:euromaid:rs6s,249,249,none,No change required.,
1183,Euromaid,- EUROMAID 60CM DISHWASHER EDW14S,EACH,EDW14S,EDW14S,dishwashers,dishwashers,brand-model:euromaid:edw14s,euromaid::edw14s,component,component,product:appliances:appliance-packs:euromaid:1184,pack:appliances:euromaid:euromaid-pack-600mm-electric-cooktop-pack-oven-electric-cooktop-slideout-rangehood-dishwasher,product:appliances:dishwashers:euromaid:edw14s,product:appliances:dishwashers:euromaid:edw14s,599,599,none,No change required.,
1184,Euromaid,EUROMAID PACK - 600MM ELECTRIC COOKTOP PACK - OVEN / ELECTRIC COOKTOP / SLIDEOUT RANGEHOOD / DISHWASHER,PACK,,,appliance-packs,appliance-packs,pack:pack:appliances:euromaid:euromaid-pack-600mm-electric-cooktop-pack-oven-electric-cooktop-slideout-rangehood-dishwasher,pack:pack:appliances:euromaid:euromaid-pack-600mm-electric-cooktop-pack-oven-electric-cooktop-slideout-rangehood-dishwasher,pack,pack,product:appliances:appliance-packs:euromaid:1184,pack:appliances:euromaid:euromaid-pack-600mm-electric-cooktop-pack-oven-electric-cooktop-slideout-rangehood-dishwasher,,,1684,1684,none,No change required.,dimension token present; not a model ID
1185,Euromaid,- EUROMAID 60CM 5 FUNCTION BUILT-IN OVEN EO605DTB,EACH,EO605DTB,EO605DTB,ovens,ovens,brand-model:euromaid:eo605dtb,euromaid::eo605dtb,component,component,product:appliances:appliance-packs:euromaid:1184,pack:appliances:euromaid:euromaid-pack-600mm-electric-cooktop-pack-oven-electric-cooktop-slideout-rangehood-dishwasher,product:appliances:ovens:euromaid:eo605dtb,product:appliances:ovens:euromaid:eo605dtb,500,500,none,No change required.,
1186,Euromaid,- EUROMAID 60CM GAS COOKTOP WK60S,EACH,WK60S,WK60S,cooktops,cooktops,brand-model:euromaid:wk60s,euromaid::wk60s,component,component,product:appliances:appliance-packs:euromaid:1184,pack:appliances:euromaid:euromaid-pack-600mm-electric-cooktop-pack-oven-electric-cooktop-slideout-rangehood-dishwasher,product:appliances:cooktops:euromaid:wk60s,product:appliances:cooktops:euromaid:wk60s,250,250,none,No change required.,
1187,Euromaid,- EUROMAID 60CM SLIDE OUT RANGEHOOD RS6S,EACH,RS6S,RS6S,rangehoods,rangehoods,brand-model:euromaid:rs6s,euromaid::rs6s,component,component,product:appliances:appliance-packs:euromaid:1184,pack:appliances:euromaid:euromaid-pack-600mm-electric-cooktop-pack-oven-electric-cooktop-slideout-rangehood-dishwasher,product:appliances:rangehoods:euromaid:rs6s,product:appliances:rangehoods:euromaid:rs6s,249,249,none,No change required.,
1188,Euromaid,- EUROMAID 60CM DISHWASHER EDW14S,EACH,EDW14S,EDW14S,dishwashers,dishwashers,brand-model:euromaid:edw14s,euromaid::edw14s,component,component,product:appliances:appliance-packs:euromaid:1184,pack:appliances:euromaid:euromaid-pack-600mm-electric-cooktop-pack-oven-electric-cooktop-slideout-rangehood-dishwasher,product:appliances:dishwashers:euromaid:edw14s,product:appliances:dishwashers:euromaid:edw14s,599,599,none,No change required.,
1189,Euromaid,EUROMAID PACK - 600MM GAS COOKTOP PACK - OVEN / GAS COOKTOP / SLIDEOUT RANGEHOOD / DISHWASHER,PACK,,,appliance-packs,appliance-packs,pack:pack:appliances:euromaid:euromaid-pack-600mm-gas-cooktop-pack-oven-gas-cooktop-slideout-rangehood-dishwasher,pack:pack:appliances:euromaid:euromaid-pack-600mm-gas-cooktop-pack-oven-gas-cooktop-slideout-rangehood-dishwasher,pack,pack,product:appliances:appliance-packs:euromaid:1189,pack:appliances:euromaid:euromaid-pack-600mm-gas-cooktop-pack-oven-gas-cooktop-slideout-rangehood-dishwasher,,,1598,1598,none,No change required.,dimension token present; not a model ID
1190,Euromaid,EUROMAID 600MM CANOPY RANGEHOOD OPTION - EUROMAID 60CM PYRAMID CANOPY RANGEHOOD CPT6S,EACH,OPTION - EUROMAID 60CM PYRAMID CANOPY RANGEHOOD CPT6S,CPT6S,rangehoods,rangehoods,brand-model:euromaid:option-euromaid-60cm-pyramid-canopy-rangehood-cpt6s,euromaid::cpt6s,component,component,product:appliances:appliance-packs:euromaid:1189,pack:appliances:euromaid:euromaid-pack-600mm-gas-cooktop-pack-oven-gas-cooktop-slideout-rangehood-dishwasher,product:appliances:rangehoods:euromaid:option-euromaid-60cm-pyramid-canopy-rangehood-cpt6s,product:appliances:rangehoods:euromaid:cpt6s,379,379,model-extraction|product-identity,"Use canonical model extraction: strip option prefix, preserve hyphenated and multi-token model numbers, reject dimensions.",source row is an option label containing a physical model after OPTION -; dimension token present; not a model ID; models differ: OPTION - EUROMAID 60CM PYRAMID CANOPY RANGEHOOD CPT6S vs CPT6S; product IDs differ under old versus canonical identity
1191,Euromaid,EUROMAID 600MM UNDER CUPBOARD RANGEHOOD OPTION - EUROMAID 60CM RECIRCULATING/FIXED RANGEHOOD CS60S,EACH,CS60S,CS60S,rangehoods,rangehoods,brand-model:euromaid:cs60s,euromaid::cs60s,component,component,product:appliances:appliance-packs:euromaid:1189,pack:appliances:euromaid:euromaid-pack-600mm-gas-cooktop-pack-oven-gas-cooktop-slideout-rangehood-dishwasher,product:appliances:rangehoods:euromaid:cs60s,product:appliances:rangehoods:euromaid:cs60s,112,112,none,No change required.,source row is an option label containing a physical model after OPTION -; dimension token present; not a model ID
1192,Euromaid,- EUROMAID 90CM BUILT-IN OVEN EO916ASTB,EACH,EO916ASTB,EO916ASTB,ovens,ovens,brand-model:euromaid:eo916astb,euromaid::eo916astb,component,component,product:appliances:appliance-packs:euromaid:1189,pack:appliances:euromaid:euromaid-pack-600mm-gas-cooktop-pack-oven-gas-cooktop-slideout-rangehood-dishwasher,product:appliances:ovens:euromaid:eo916astb,product:appliances:ovens:euromaid:eo916astb,1199,1199,none,No change required.,
1193,Euromaid,- EUROMAID 90CM CERAMIC COOKTOP ECCK900,EACH,ECCK900,ECCK900,cooktops,cooktops,brand-model:euromaid:ecck900,euromaid::ecck900,component,component,product:appliances:appliance-packs:euromaid:1189,pack:appliances:euromaid:euromaid-pack-600mm-gas-cooktop-pack-oven-gas-cooktop-slideout-rangehood-dishwasher,product:appliances:cooktops:euromaid:ecck900,product:appliances:cooktops:euromaid:ecck900,899,899,none,No change required.,
1194,Euromaid,- EUROMAID 90CM SLIDE OUT RANGEHOOD RS9S,EACH,RS9S,RS9S,rangehoods,rangehoods,brand-model:euromaid:rs9s,euromaid::rs9s,component,component,product:appliances:appliance-packs:euromaid:1189,pack:appliances:euromaid:euromaid-pack-600mm-gas-cooktop-pack-oven-gas-cooktop-slideout-rangehood-dishwasher,product:appliances:rangehoods:euromaid:rs9s,product:appliances:rangehoods:euromaid:rs9s,399,399,none,No change required.,
1195,Euromaid,- EUROMAID 60CM DISHWASHER EDW14S,EACH,EDW14S,EDW14S,dishwashers,dishwashers,brand-model:euromaid:edw14s,euromaid::edw14s,component,component,product:appliances:appliance-packs:euromaid:1189,pack:appliances:euromaid:euromaid-pack-600mm-gas-cooktop-pack-oven-gas-cooktop-slideout-rangehood-dishwasher,product:appliances:dishwashers:euromaid:edw14s,product:appliances:dishwashers:euromaid:edw14s,599,599,none,No change required.,
1196,Euromaid,EUROMAID PACK - 900MM BUILT-IN ELECTRIC COOKTOP PACK - 900 OVEN / ELECTRIC COOKTOP / 900 SLIDEOUT RANGEHOOD / DISHWASHER,PACK,,,appliance-packs,appliance-packs,pack:pack:appliances:euromaid:euromaid-pack-900mm-built-in-electric-cooktop-pack-900-oven-electric-cooktop-900-slideout-rangehood-dishwasher,pack:pack:appliances:euromaid:euromaid-pack-900mm-built-in-electric-cooktop-pack-900-oven-electric-cooktop-900-slideout-rangehood-dishwasher,pack,pack,product:appliances:appliance-packs:euromaid:1196,pack:appliances:euromaid:euromaid-pack-900mm-built-in-electric-cooktop-pack-900-oven-electric-cooktop-900-slideout-rangehood-dishwasher,,,3096,3096,none,No change required.,dimension token present; not a model ID
1197,Euromaid,- EUROMAID 90CM BUILT-IN OVEN EO916ASTB,EACH,EO916ASTB,EO916ASTB,ovens,ovens,brand-model:euromaid:eo916astb,euromaid::eo916astb,component,component,product:appliances:appliance-packs:euromaid:1196,pack:appliances:euromaid:euromaid-pack-900mm-built-in-electric-cooktop-pack-900-oven-electric-cooktop-900-slideout-rangehood-dishwasher,product:appliances:ovens:euromaid:eo916astb,product:appliances:ovens:euromaid:eo916astb,1199,1199,none,No change required.,
1198,Euromaid,- EUROMAID 90CM GAS COOKTOP GC90S,EACH,GC90S,GC90S,cooktops,cooktops,brand-model:euromaid:gc90s,euromaid::gc90s,component,component,product:appliances:appliance-packs:euromaid:1196,pack:appliances:euromaid:euromaid-pack-900mm-built-in-electric-cooktop-pack-900-oven-electric-cooktop-900-slideout-rangehood-dishwasher,product:appliances:cooktops:euromaid:gc90s,product:appliances:cooktops:euromaid:gc90s,599,599,none,No change required.,
1199,Euromaid,- EUROMAID 90CM SLIDE OUT RANGEHOOD RS9S,EACH,RS9S,RS9S,rangehoods,rangehoods,brand-model:euromaid:rs9s,euromaid::rs9s,component,component,product:appliances:appliance-packs:euromaid:1196,pack:appliances:euromaid:euromaid-pack-900mm-built-in-electric-cooktop-pack-900-oven-electric-cooktop-900-slideout-rangehood-dishwasher,product:appliances:rangehoods:euromaid:rs9s,product:appliances:rangehoods:euromaid:rs9s,399,399,none,No change required.,
1200,Euromaid,- EUROMAID 60CM DISHWASHER EDW14S,EACH,EDW14S,EDW14S,dishwashers,dishwashers,brand-model:euromaid:edw14s,euromaid::edw14s,component,component,product:appliances:appliance-packs:euromaid:1196,pack:appliances:euromaid:euromaid-pack-900mm-built-in-electric-cooktop-pack-900-oven-electric-cooktop-900-slideout-rangehood-dishwasher,product:appliances:dishwashers:euromaid:edw14s,product:appliances:dishwashers:euromaid:edw14s,599,599,none,No change required.,
1201,Euromaid,EUROMAID PACK - 900MM BUILT-IN GAS COOKTOP PACK - 900 OVEN / GAS COOKTOP / 900 SLIDEOUT RANGEHOOD / DISHWASHER,PACK,,,appliance-packs,appliance-packs,pack:pack:appliances:euromaid:euromaid-pack-900mm-built-in-gas-cooktop-pack-900-oven-gas-cooktop-900-slideout-rangehood-dishwasher,pack:pack:appliances:euromaid:euromaid-pack-900mm-built-in-gas-cooktop-pack-900-oven-gas-cooktop-900-slideout-rangehood-dishwasher,pack,pack,product:appliances:appliance-packs:euromaid:1201,pack:appliances:euromaid:euromaid-pack-900mm-built-in-gas-cooktop-pack-900-oven-gas-cooktop-900-slideout-rangehood-dishwasher,,,2796,2796,none,No change required.,dimension token present; not a model ID
1202,Euromaid,- EUROMAID 90CM DUAL FUEL FREESTANDING COOKER GG90S,EACH,GG90S,GG90S,freestanding-cookers,freestanding-cookers,brand-model:euromaid:gg90s,euromaid::gg90s,component,component,product:appliances:appliance-packs:euromaid:1201,pack:appliances:euromaid:euromaid-pack-900mm-built-in-gas-cooktop-pack-900-oven-gas-cooktop-900-slideout-rangehood-dishwasher,product:appliances:freestanding-cookers:euromaid:gg90s,product:appliances:freestanding-cookers:euromaid:gg90s,1699,1699,none,No change required.,
1203,Euromaid,- EUROMAID 90CM PYRAMID CANOPY RANGEHOOD CPT9MB,EACH,CPT9MB,CPT9MB,rangehoods,rangehoods,brand-model:euromaid:cpt9mb,euromaid::cpt9mb,component,component,product:appliances:appliance-packs:euromaid:1201,pack:appliances:euromaid:euromaid-pack-900mm-built-in-gas-cooktop-pack-900-oven-gas-cooktop-900-slideout-rangehood-dishwasher,product:appliances:rangehoods:euromaid:cpt9mb,product:appliances:rangehoods:euromaid:cpt9mb,505,505,none,No change required.,
1204,Euromaid,- EUROMAID 60CM DISHWASHER EDW14S,EACH,EDW14S,EDW14S,dishwashers,dishwashers,brand-model:euromaid:edw14s,euromaid::edw14s,component,component,product:appliances:appliance-packs:euromaid:1201,pack:appliances:euromaid:euromaid-pack-900mm-built-in-gas-cooktop-pack-900-oven-gas-cooktop-900-slideout-rangehood-dishwasher,product:appliances:dishwashers:euromaid:edw14s,product:appliances:dishwashers:euromaid:edw14s,599,599,none,No change required.,
1205,Euromaid,EUROMAID PACK - 900MM UPRIGHT COOKER CANOPY PACK - UPRIGHT COOKER / 900 CANOPY RANGEHOOD / DISHWASHER,PACK,,,appliance-packs,appliance-packs,pack:pack:appliances:euromaid:euromaid-pack-900mm-upright-cooker-canopy-pack-upright-cooker-900-canopy-rangehood-dishwasher,pack:pack:appliances:euromaid:euromaid-pack-900mm-upright-cooker-canopy-pack-upright-cooker-900-canopy-rangehood-dishwasher,pack,pack,product:appliances:appliance-packs:euromaid:1205,pack:appliances:euromaid:euromaid-pack-900mm-upright-cooker-canopy-pack-upright-cooker-900-canopy-rangehood-dishwasher,,,2803,2803,none,No change required.,dimension token present; not a model ID
1206,Euromaid,- EUROMAID 90CM DUAL FUEL FREESTANDING COOKER GG90S,EACH,GG90S,GG90S,freestanding-cookers,freestanding-cookers,brand-model:euromaid:gg90s,euromaid::gg90s,component,component,product:appliances:appliance-packs:euromaid:1205,pack:appliances:euromaid:euromaid-pack-900mm-upright-cooker-canopy-pack-upright-cooker-900-canopy-rangehood-dishwasher,product:appliances:freestanding-cookers:euromaid:gg90s,product:appliances:freestanding-cookers:euromaid:gg90s,1699,1699,none,No change required.,
1207,Euromaid,- EUROMAID 90CM FIXED/UNDERCUPBOARD RANGEHOOD FS90S,EACH,FS90S,FS90S,rangehoods,rangehoods,brand-model:euromaid:fs90s,euromaid::fs90s,component,component,product:appliances:appliance-packs:euromaid:1205,pack:appliances:euromaid:euromaid-pack-900mm-upright-cooker-canopy-pack-upright-cooker-900-canopy-rangehood-dishwasher,product:appliances:rangehoods:euromaid:fs90s,product:appliances:rangehoods:euromaid:fs90s,299,299,none,No change required.,
1208,Euromaid,- EUROMAID 60CM DISHWASHER EDW14S,EACH,EDW14S,EDW14S,dishwashers,dishwashers,brand-model:euromaid:edw14s,euromaid::edw14s,component,component,product:appliances:appliance-packs:euromaid:1205,pack:appliances:euromaid:euromaid-pack-900mm-upright-cooker-canopy-pack-upright-cooker-900-canopy-rangehood-dishwasher,product:appliances:dishwashers:euromaid:edw14s,product:appliances:dishwashers:euromaid:edw14s,599,599,none,No change required.,
1209,Euromaid,EUROMAID PACK - 900MM UPRIGHT COOKER UNDER CUPBOARD PACK - UPRIGHT COOKER / 900 UNDER CUPBOARD RANGEHOOD / DISHWASHER,PACK,,,appliance-packs,appliance-packs,pack:pack:appliances:euromaid:euromaid-pack-900mm-upright-cooker-under-cupboard-pack-upright-cooker-900-under-cupboard-rangehood-dishwasher,pack:pack:appliances:euromaid:euromaid-pack-900mm-upright-cooker-under-cupboard-pack-upright-cooker-900-under-cupboard-rangehood-dishwasher,pack,pack,product:appliances:appliance-packs:euromaid:1209,pack:appliances:euromaid:euromaid-pack-900mm-upright-cooker-under-cupboard-pack-upright-cooker-900-under-cupboard-rangehood-dishwasher,,,2597,2597,none,No change required.,dimension token present; not a model ID
1210,Euromaid,EUROMAID 900MM CANOPY RANGEHOOD OPTION - EUROMAID 90CM PYRAMID CANOPY RANGEHOOD CPT9MB,EACH,OPTION - EUROMAID 90CM PYRAMID CANOPY RANGEHOOD CPT9MB,CPT9MB,rangehoods,rangehoods,brand-model:euromaid:option-euromaid-90cm-pyramid-canopy-rangehood-cpt9mb,euromaid::cpt9mb,component,component,product:appliances:appliance-packs:euromaid:1209,pack:appliances:euromaid:euromaid-pack-900mm-upright-cooker-under-cupboard-pack-upright-cooker-900-under-cupboard-rangehood-dishwasher,product:appliances:rangehoods:euromaid:option-euromaid-90cm-pyramid-canopy-rangehood-cpt9mb,product:appliances:rangehoods:euromaid:cpt9mb,505,505,model-extraction|product-identity,"Use canonical model extraction: strip option prefix, preserve hyphenated and multi-token model numbers, reject dimensions.",source row is an option label containing a physical model after OPTION -; dimension token present; not a model ID; models differ: OPTION - EUROMAID 90CM PYRAMID CANOPY RANGEHOOD CPT9MB vs CPT9MB; product IDs differ under old versus canonical identity
1211,Euromaid,EUROMAID 900MM UNDER CUPBOARD RANGEHOOD OPTION - EUROMAID 90CM FIXED/UNDERCUPBOARD RANGEHOOD FS90S,EACH,FS90S,FS90S,rangehoods,rangehoods,brand-model:euromaid:fs90s,euromaid::fs90s,component,component,product:appliances:appliance-packs:euromaid:1209,pack:appliances:euromaid:euromaid-pack-900mm-upright-cooker-under-cupboard-pack-upright-cooker-900-under-cupboard-rangehood-dishwasher,product:appliances:rangehoods:euromaid:fs90s,product:appliances:rangehoods:euromaid:fs90s,299,299,none,No change required.,source row is an option label containing a physical model after OPTION -; dimension token present; not a model ID
1212,Euromaid,EUROMAID DISHWASHER OPTION - EUROMAID 60CM DISHWASHER EDW14S,EACH,OPTION - EUROMAID 60CM DISHWASHER EDW14S,EDW14S,dishwashers,dishwashers,brand-model:euromaid:option-euromaid-60cm-dishwasher-edw14s,euromaid::edw14s,component,component,product:appliances:appliance-packs:euromaid:1209,pack:appliances:euromaid:euromaid-pack-900mm-upright-cooker-under-cupboard-pack-upright-cooker-900-under-cupboard-rangehood-dishwasher,product:appliances:dishwashers:euromaid:option-euromaid-60cm-dishwasher-edw14s,product:appliances:dishwashers:euromaid:edw14s,599,599,model-extraction|product-identity,"Use canonical model extraction: strip option prefix, preserve hyphenated and multi-token model numbers, reject dimensions.",source row is an option label containing a physical model after OPTION -; models differ: OPTION - EUROMAID 60CM DISHWASHER EDW14S vs EDW14S; product IDs differ under old versus canonical identity
1213,Omega,OMEGA PACK - 900MM BUILT-IN GAS COOKTOP PACK - 900 OVEN / GAS COOKTOP / 900 SLIDEOUT RANGEHOOD / DISHWASHER,PACK,,,appliance-packs,appliance-packs,pack:pack:appliances:omega:omega-pack-900mm-built-in-gas-cooktop-pack-900-oven-gas-cooktop-900-slideout-rangehood-dishwasher,pack:pack:appliances:omega:omega-pack-900mm-built-in-gas-cooktop-pack-900-oven-gas-cooktop-900-slideout-rangehood-dishwasher,pack,pack,product:appliances:appliance-packs:omega:1213,pack:appliances:omega:omega-pack-900mm-built-in-gas-cooktop-pack-900-oven-gas-cooktop-900-slideout-rangehood-dishwasher,,,2996,2996,none,No change required.,dimension token present; not a model ID
1214,Omega,- OMEGA 60CM 4 FUNCTION OVEN OBO660X,EACH,OBO660X,OBO660X,ovens,ovens,brand-model:omega:obo660x,omega::obo660x,component,component,product:appliances:appliance-packs:omega:1213,pack:appliances:omega:omega-pack-900mm-built-in-gas-cooktop-pack-900-oven-gas-cooktop-900-slideout-rangehood-dishwasher,product:appliances:ovens:omega:obo660x,product:appliances:ovens:omega:obo660x,599,599,none,No change required.,
1215,Omega,- OMEGA 60CM INDUCTION COOKTOP OCI64Z,EACH,OCI64Z,OCI64Z,cooktops,cooktops,brand-model:omega:oci64z,omega::oci64z,component,component,product:appliances:appliance-packs:omega:1213,pack:appliances:omega:omega-pack-900mm-built-in-gas-cooktop-pack-900-oven-gas-cooktop-900-slideout-rangehood-dishwasher,product:appliances:cooktops:omega:oci64z,product:appliances:cooktops:omega:oci64z,899,899,none,No change required.,
1216,Omega,- OMEGA 60CM SLIDE OUT RANGEHOOD ORT6WBA,EACH,ORT6WBA,ORT6WBA,rangehoods,rangehoods,brand-model:omega:ort6wba,omega::ort6wba,component,component,product:appliances:appliance-packs:omega:1213,pack:appliances:omega:omega-pack-900mm-built-in-gas-cooktop-pack-900-oven-gas-cooktop-900-slideout-rangehood-dishwasher,product:appliances:rangehoods:omega:ort6wba,product:appliances:rangehoods:omega:ort6wba,299,299,none,No change required.,
1217,Omega,- OMEGA 60CM FREESTANDING DISHWASHER ODW702XB,EACH,ODW702XB,ODW702XB,dishwashers,dishwashers,brand-model:omega:odw702xb,omega::odw702xb,component,component,product:appliances:appliance-packs:omega:1213,pack:appliances:omega:omega-pack-900mm-built-in-gas-cooktop-pack-900-oven-gas-cooktop-900-slideout-rangehood-dishwasher,product:appliances:dishwashers:omega:odw702xb,product:appliances:dishwashers:omega:odw702xb,699,699,none,No change required.,
1218,Omega,OMEGA PACK - 600MM ELECTRIC COOKTOP PACK - OVEN / ELECTRIC COOKTOP / SLIDEOUT RANGEHOOD / DISHWASHER,PACK,,,appliance-packs,appliance-packs,pack:pack:appliances:omega:omega-pack-600mm-electric-cooktop-pack-oven-electric-cooktop-slideout-rangehood-dishwasher,pack:pack:appliances:omega:omega-pack-600mm-electric-cooktop-pack-oven-electric-cooktop-slideout-rangehood-dishwasher,pack,pack,product:appliances:appliance-packs:omega:1218,pack:appliances:omega:omega-pack-600mm-electric-cooktop-pack-oven-electric-cooktop-slideout-rangehood-dishwasher,,,2496,2496,none,No change required.,dimension token present; not a model ID
1219,Omega,- OMEGA 60CM 4 FUNCTION OVEN OBO660X,EACH,OBO660X,OBO660X,ovens,ovens,brand-model:omega:obo660x,omega::obo660x,component,component,product:appliances:appliance-packs:omega:1218,pack:appliances:omega:omega-pack-600mm-electric-cooktop-pack-oven-electric-cooktop-slideout-rangehood-dishwasher,product:appliances:ovens:omega:obo660x,product:appliances:ovens:omega:obo660x,599,599,none,No change required.,
1220,Omega,- OMEGA 60CM 4 BURNER GAS COOKTOP OCG604X,EACH,OCG604X,OCG604X,cooktops,cooktops,brand-model:omega:ocg604x,omega::ocg604x,component,component,product:appliances:appliance-packs:omega:1218,pack:appliances:omega:omega-pack-600mm-electric-cooktop-pack-oven-electric-cooktop-slideout-rangehood-dishwasher,product:appliances:cooktops:omega:ocg604x,product:appliances:cooktops:omega:ocg604x,399,399,none,No change required.,
1221,Omega,- OMEGA 60CM SLIDE OUT RANGEHOOD ORT6WBA,EACH,ORT6WBA,ORT6WBA,rangehoods,rangehoods,brand-model:omega:ort6wba,omega::ort6wba,component,component,product:appliances:appliance-packs:omega:1218,pack:appliances:omega:omega-pack-600mm-electric-cooktop-pack-oven-electric-cooktop-slideout-rangehood-dishwasher,product:appliances:rangehoods:omega:ort6wba,product:appliances:rangehoods:omega:ort6wba,299,299,none,No change required.,
1222,Omega,- OMEGA 60CM FREESTANDING DISHWASHER ODW702XB,EACH,ODW702XB,ODW702XB,dishwashers,dishwashers,brand-model:omega:odw702xb,omega::odw702xb,component,component,product:appliances:appliance-packs:omega:1218,pack:appliances:omega:omega-pack-600mm-electric-cooktop-pack-oven-electric-cooktop-slideout-rangehood-dishwasher,product:appliances:dishwashers:omega:odw702xb,product:appliances:dishwashers:omega:odw702xb,699,699,none,No change required.,
1223,Omega,OMEGA PACK - 600MM GAS COOKTOP PACK - OVEN / GAS COOKTOP / SLIDEOUT RANGEHOOD / DISHWASHER,PACK,,,appliance-packs,appliance-packs,pack:pack:appliances:omega:omega-pack-600mm-gas-cooktop-pack-oven-gas-cooktop-slideout-rangehood-dishwasher,pack:pack:appliances:omega:omega-pack-600mm-gas-cooktop-pack-oven-gas-cooktop-slideout-rangehood-dishwasher,pack,pack,product:appliances:appliance-packs:omega:1223,pack:appliances:omega:omega-pack-600mm-gas-cooktop-pack-oven-gas-cooktop-slideout-rangehood-dishwasher,,,1996,1996,none,No change required.,dimension token present; not a model ID
1224,Omega,OMEGA 600MM CANOPY RANGEHOOD OPTION - OMEGA 60CM CANOPY RANGEHOOD ORC60X,EACH,OPTION - OMEGA 60CM CANOPY RANGEHOOD ORC60X,ORC60X,rangehoods,rangehoods,brand-model:omega:option-omega-60cm-canopy-rangehood-orc60x,omega::orc60x,component,component,product:appliances:appliance-packs:omega:1223,pack:appliances:omega:omega-pack-600mm-gas-cooktop-pack-oven-gas-cooktop-slideout-rangehood-dishwasher,product:appliances:rangehoods:omega:option-omega-60cm-canopy-rangehood-orc60x,product:appliances:rangehoods:omega:orc60x,399,399,model-extraction|product-identity,"Use canonical model extraction: strip option prefix, preserve hyphenated and multi-token model numbers, reject dimensions.",source row is an option label containing a physical model after OPTION -; dimension token present; not a model ID; models differ: OPTION - OMEGA 60CM CANOPY RANGEHOOD ORC60X vs ORC60X; product IDs differ under old versus canonical identity
1225,Omega,OMEGA 600MM UNDER CUPBOARD RANGEHOOD OPTION - OMEGA 60CM UNDER CUPBOARD RANGEHOOD ORF60X,EACH,OPTION - OMEGA 60CM UNDER CUPBOARD RANGEHOOD ORF60X,ORF60X,rangehoods,rangehoods,brand-model:omega:option-omega-60cm-under-cupboard-rangehood-orf60x,omega::orf60x,component,component,product:appliances:appliance-packs:omega:1223,pack:appliances:omega:omega-pack-600mm-gas-cooktop-pack-oven-gas-cooktop-slideout-rangehood-dishwasher,product:appliances:rangehoods:omega:option-omega-60cm-under-cupboard-rangehood-orf60x,product:appliances:rangehoods:omega:orf60x,249,249,model-extraction|product-identity,"Use canonical model extraction: strip option prefix, preserve hyphenated and multi-token model numbers, reject dimensions.",source row is an option label containing a physical model after OPTION -; dimension token present; not a model ID; models differ: OPTION - OMEGA 60CM UNDER CUPBOARD RANGEHOOD ORF60X vs ORF60X; product IDs differ under old versus canonical identity
1226,Omega,- OMEGA 90CM 9 FUNCTION OVEN OBO960X1,EACH,OBO960X1,OBO960X1,ovens,ovens,brand-model:omega:obo960x1,omega::obo960x1,component,component,product:appliances:appliance-packs:omega:1223,pack:appliances:omega:omega-pack-600mm-gas-cooktop-pack-oven-gas-cooktop-slideout-rangehood-dishwasher,product:appliances:ovens:omega:obo960x1,product:appliances:ovens:omega:obo960x1,1199,1199,none,No change required.,
1227,Omega,- OMEGA 90CM INDUCTION COOKTOP OI90Z,EACH,OI90Z,OI90Z,cooktops,cooktops,brand-model:omega:oi90z,omega::oi90z,component,component,product:appliances:appliance-packs:omega:1223,pack:appliances:omega:omega-pack-600mm-gas-cooktop-pack-oven-gas-cooktop-slideout-rangehood-dishwasher,product:appliances:cooktops:omega:oi90z,product:appliances:cooktops:omega:oi90z,1399,1399,none,No change required.,
1228,Omega,- OMEGA 90CM SLIDE OUT RANGEHOOD ORT9WXA,EACH,ORT9WXA,ORT9WXA,rangehoods,rangehoods,brand-model:omega:ort9wxa,omega::ort9wxa,component,component,product:appliances:appliance-packs:omega:1223,pack:appliances:omega:omega-pack-600mm-gas-cooktop-pack-oven-gas-cooktop-slideout-rangehood-dishwasher,product:appliances:rangehoods:omega:ort9wxa,product:appliances:rangehoods:omega:ort9wxa,399,399,none,No change required.,
1229,Omega,- OMEGA 60CM FREESTANDING DISHWASHER ODW702XB,EACH,ODW702XB,ODW702XB,dishwashers,dishwashers,brand-model:omega:odw702xb,omega::odw702xb,component,component,product:appliances:appliance-packs:omega:1223,pack:appliances:omega:omega-pack-600mm-gas-cooktop-pack-oven-gas-cooktop-slideout-rangehood-dishwasher,product:appliances:dishwashers:omega:odw702xb,product:appliances:dishwashers:omega:odw702xb,699,699,none,No change required.,
1230,Omega,OMEGA PACK - 900MM BUILT-IN ELECTRIC COOKTOP PACK - 900 OVEN / ELECTRIC COOKTOP / 900 SLIDEOUT RANGEHOOD / DISHWASHER,PACK,,,appliance-packs,appliance-packs,pack:pack:appliances:omega:omega-pack-900mm-built-in-electric-cooktop-pack-900-oven-electric-cooktop-900-slideout-rangehood-dishwasher,pack:pack:appliances:omega:omega-pack-900mm-built-in-electric-cooktop-pack-900-oven-electric-cooktop-900-slideout-rangehood-dishwasher,pack,pack,product:appliances:appliance-packs:omega:1230,pack:appliances:omega:omega-pack-900mm-built-in-electric-cooktop-pack-900-oven-electric-cooktop-900-slideout-rangehood-dishwasher,,,3696,3696,none,No change required.,dimension token present; not a model ID
1231,Omega,- OMEGA 60CM FREESTANDING DISHWASHER ODW702XB,EACH,ODW702XB,ODW702XB,dishwashers,dishwashers,brand-model:omega:odw702xb,omega::odw702xb,component,component,product:appliances:appliance-packs:omega:1230,pack:appliances:omega:omega-pack-900mm-built-in-electric-cooktop-pack-900-oven-electric-cooktop-900-slideout-rangehood-dishwasher,product:appliances:dishwashers:omega:odw702xb,product:appliances:dishwashers:omega:odw702xb,699,699,none,No change required.,
1232,Omega,OMEGA PACK - 900MM UPRIGHT COOKER CANOPY PACK - UPRIGHT COOKER / 900 CANOPY RANGEHOOD / DISHWASHER,PACK,,,appliance-packs,appliance-packs,pack:pack:appliances:omega:omega-pack-900mm-upright-cooker-canopy-pack-upright-cooker-900-canopy-rangehood-dishwasher,pack:pack:appliances:omega:omega-pack-900mm-upright-cooker-canopy-pack-upright-cooker-900-canopy-rangehood-dishwasher,pack,pack,product:appliances:appliance-packs:omega:1232,pack:appliances:omega:omega-pack-900mm-upright-cooker-canopy-pack-upright-cooker-900-canopy-rangehood-dishwasher,,,3147,3147,none,No change required.,dimension token present; not a model ID
1233,Omega,- OMEGA 90CM 9 FUNCTION FREESTANDING OVEN OF916FX,EACH,OF916FX,OF916FX,ovens,freestanding-cookers,brand-model:omega:of916fx,omega::of916fx,component,component,product:appliances:appliance-packs:omega:1232,pack:appliances:omega:omega-pack-900mm-upright-cooker-canopy-pack-upright-cooker-900-canopy-rangehood-dishwasher,product:appliances:ovens:omega:of916fx,product:appliances:freestanding-cookers:omega:of916fx,1899,1899,family-classification|product-identity,Classify freestanding oven/cooker rows as freestanding-cookers when the source says freestanding.,product IDs differ under old versus canonical identity
1234,Omega,- OMEGA 90CM CANOPY RANGEHOOD ORC90X,EACH,ORC90X,ORC90X,rangehoods,rangehoods,brand-model:omega:orc90x,omega::orc90x,component,component,product:appliances:appliance-packs:omega:1232,pack:appliances:omega:omega-pack-900mm-upright-cooker-canopy-pack-upright-cooker-900-canopy-rangehood-dishwasher,product:appliances:rangehoods:omega:orc90x,product:appliances:rangehoods:omega:orc90x,549,549,none,No change required.,
1235,Omega,- OMEGA 60CM FREESTANDING DISHWASHER ODW702XB,EACH,ODW702XB,ODW702XB,dishwashers,dishwashers,brand-model:omega:odw702xb,omega::odw702xb,component,component,product:appliances:appliance-packs:omega:1232,pack:appliances:omega:omega-pack-900mm-upright-cooker-canopy-pack-upright-cooker-900-canopy-rangehood-dishwasher,product:appliances:dishwashers:omega:odw702xb,product:appliances:dishwashers:omega:odw702xb,699,699,none,No change required.,
1236,Omega,OMEGA PACK - 900MM UPRIGHT COOKER UNDER CUPBOARD PACK - UPRIGHT COOKER / 900 UNDER CUPBOARD RANGEHOOD / DISHWASHER,PACK,,,appliance-packs,appliance-packs,pack:pack:appliances:omega:omega-pack-900mm-upright-cooker-under-cupboard-pack-upright-cooker-900-under-cupboard-rangehood-dishwasher,pack:pack:appliances:omega:omega-pack-900mm-upright-cooker-under-cupboard-pack-upright-cooker-900-under-cupboard-rangehood-dishwasher,pack,pack,product:appliances:appliance-packs:omega:1236,pack:appliances:omega:omega-pack-900mm-upright-cooker-under-cupboard-pack-upright-cooker-900-under-cupboard-rangehood-dishwasher,,,2947,2947,none,No change required.,dimension token present; not a model ID
1237,Omega,- OMEGA 90CM 9 FUNCTION FREESTANDING OVEN OF916FX,EACH,OF916FX,OF916FX,ovens,freestanding-cookers,brand-model:omega:of916fx,omega::of916fx,component,component,product:appliances:appliance-packs:omega:1236,pack:appliances:omega:omega-pack-900mm-upright-cooker-under-cupboard-pack-upright-cooker-900-under-cupboard-rangehood-dishwasher,product:appliances:ovens:omega:of916fx,product:appliances:freestanding-cookers:omega:of916fx,1899,1899,family-classification|product-identity,Classify freestanding oven/cooker rows as freestanding-cookers when the source says freestanding.,product IDs differ under old versus canonical identity
1238,Omega,- OMEGA 90CM FIXED RANGEHOOD ORF90X,EACH,ORF90X,ORF90X,rangehoods,rangehoods,brand-model:omega:orf90x,omega::orf90x,component,component,product:appliances:appliance-packs:omega:1236,pack:appliances:omega:omega-pack-900mm-upright-cooker-under-cupboard-pack-upright-cooker-900-under-cupboard-rangehood-dishwasher,product:appliances:rangehoods:omega:orf90x,product:appliances:rangehoods:omega:orf90x,349,349,none,No change required.,
1239,Omega,- OMEGA 60CM FREESTANDING DISHWASHER ODW702XB,EACH,ODW702XB,ODW702XB,dishwashers,dishwashers,brand-model:omega:odw702xb,omega::odw702xb,component,component,product:appliances:appliance-packs:omega:1236,pack:appliances:omega:omega-pack-900mm-upright-cooker-under-cupboard-pack-upright-cooker-900-under-cupboard-rangehood-dishwasher,product:appliances:dishwashers:omega:odw702xb,product:appliances:dishwashers:omega:odw702xb,699,699,none,No change required.,
1240,Omega,OMEGA 900MM CANOPY RANGEHOOD OPTION - OMEGA 90CM CANOPY RANGEHOOD ORC90X,EACH,OPTION - OMEGA 90CM CANOPY RANGEHOOD ORC90X,ORC90X,rangehoods,rangehoods,brand-model:omega:option-omega-90cm-canopy-rangehood-orc90x,omega::orc90x,component,component,product:appliances:appliance-packs:omega:1236,pack:appliances:omega:omega-pack-900mm-upright-cooker-under-cupboard-pack-upright-cooker-900-under-cupboard-rangehood-dishwasher,product:appliances:rangehoods:omega:option-omega-90cm-canopy-rangehood-orc90x,product:appliances:rangehoods:omega:orc90x,549,549,model-extraction|product-identity,"Use canonical model extraction: strip option prefix, preserve hyphenated and multi-token model numbers, reject dimensions.",source row is an option label containing a physical model after OPTION -; dimension token present; not a model ID; models differ: OPTION - OMEGA 90CM CANOPY RANGEHOOD ORC90X vs ORC90X; product IDs differ under old versus canonical identity
1241,Omega,OMEGA 900MM UNDER CUPBOARD RANGEHOOD OPTION - OMEGA 90CM FIXED RANGEHOOD ORF90X,EACH,OPTION - OMEGA 90CM FIXED RANGEHOOD ORF90X,ORF90X,rangehoods,rangehoods,brand-model:omega:option-omega-90cm-fixed-rangehood-orf90x,omega::orf90x,component,component,product:appliances:appliance-packs:omega:1236,pack:appliances:omega:omega-pack-900mm-upright-cooker-under-cupboard-pack-upright-cooker-900-under-cupboard-rangehood-dishwasher,product:appliances:rangehoods:omega:option-omega-90cm-fixed-rangehood-orf90x,product:appliances:rangehoods:omega:orf90x,349,349,model-extraction|product-identity,"Use canonical model extraction: strip option prefix, preserve hyphenated and multi-token model numbers, reject dimensions.",source row is an option label containing a physical model after OPTION -; dimension token present; not a model ID; models differ: OPTION - OMEGA 90CM FIXED RANGEHOOD ORF90X vs ORF90X; product IDs differ under old versus canonical identity
1242,Omega,OMEGA DISHWASHER OPTION - OMEGA 60CM FREESTANDING DISHWASHER ODW702XB,EACH,OPTION - OMEGA 60CM FREESTANDING DISHWASHER ODW702XB,ODW702XB,dishwashers,dishwashers,brand-model:omega:option-omega-60cm-freestanding-dishwasher-odw702xb,omega::odw702xb,component,component,product:appliances:appliance-packs:omega:1236,pack:appliances:omega:omega-pack-900mm-upright-cooker-under-cupboard-pack-upright-cooker-900-under-cupboard-rangehood-dishwasher,product:appliances:dishwashers:omega:option-omega-60cm-freestanding-dishwasher-odw702xb,product:appliances:dishwashers:omega:odw702xb,699,699,model-extraction|product-identity,"Use canonical model extraction: strip option prefix, preserve hyphenated and multi-token model numbers, reject dimensions.",source row is an option label containing a physical model after OPTION -; models differ: OPTION - OMEGA 60CM FREESTANDING DISHWASHER ODW702XB vs ODW702XB; product IDs differ under old versus canonical identity
1243,Blanco,- BLANCO 60CM ELECTRIC OVEN BOSE65XM,EACH,BOSE65XM,BOSE65XM,ovens,ovens,brand-model:blanco:bose65xm,blanco::bose65xm,component,component,product:appliances:appliance-packs:blanco:1247,pack:appliances:blanco:blanco-pack-600mm-electric-cooktop-pack-oven-electric-cooktop-slideout-rangehood-dishwasher,product:appliances:ovens:blanco:bose65xm,product:appliances:ovens:blanco:bose65xm,899,899,none,No change required.,
1244,Blanco,- BLANCO 60CM CERAMIC COOKTOP BCC604T,EACH,BCC604T,BCC604T,cooktops,cooktops,brand-model:blanco:bcc604t,blanco::bcc604t,component,component,product:appliances:appliance-packs:blanco:1247,pack:appliances:blanco:blanco-pack-600mm-electric-cooktop-pack-oven-electric-cooktop-slideout-rangehood-dishwasher,product:appliances:cooktops:blanco:bcc604t,product:appliances:cooktops:blanco:bcc604t,599,599,none,No change required.,
1245,Blanco,- BLANCO 60CM SLIDE OUT RANGEHOOD BRU53X,EACH,BRU53X,BRU53X,rangehoods,rangehoods,brand-model:blanco:bru53x,blanco::bru53x,component,component,product:appliances:appliance-packs:blanco:1247,pack:appliances:blanco:blanco-pack-600mm-electric-cooktop-pack-oven-electric-cooktop-slideout-rangehood-dishwasher,product:appliances:rangehoods:blanco:bru53x,product:appliances:rangehoods:blanco:bru53x,449,449,none,No change required.,
1246,Blanco,- BLANCO 60CM FREESTANDING DISHWASHER BDW146X,EACH,BDW146X,BDW146X,dishwashers,dishwashers,brand-model:blanco:bdw146x,blanco::bdw146x,component,component,product:appliances:appliance-packs:blanco:1247,pack:appliances:blanco:blanco-pack-600mm-electric-cooktop-pack-oven-electric-cooktop-slideout-rangehood-dishwasher,product:appliances:dishwashers:blanco:bdw146x,product:appliances:dishwashers:blanco:bdw146x,799,799,none,No change required.,
1247,Blanco,BLANCO PACK - 600MM ELECTRIC COOKTOP PACK - OVEN / ELECTRIC COOKTOP / SLIDEOUT RANGEHOOD / DISHWASHER,PACK,,,appliance-packs,appliance-packs,pack:pack:appliances:blanco:blanco-pack-600mm-electric-cooktop-pack-oven-electric-cooktop-slideout-rangehood-dishwasher,pack:pack:appliances:blanco:blanco-pack-600mm-electric-cooktop-pack-oven-electric-cooktop-slideout-rangehood-dishwasher,pack,pack,product:appliances:appliance-packs:blanco:1247,pack:appliances:blanco:blanco-pack-600mm-electric-cooktop-pack-oven-electric-cooktop-slideout-rangehood-dishwasher,,,2746,2746,none,No change required.,dimension token present; not a model ID
1248,Blanco,- BLANCO 60CM ELECTRIC OVEN BOSE65XM,EACH,BOSE65XM,BOSE65XM,ovens,ovens,brand-model:blanco:bose65xm,blanco::bose65xm,component,component,product:appliances:appliance-packs:blanco:1247,pack:appliances:blanco:blanco-pack-600mm-electric-cooktop-pack-oven-electric-cooktop-slideout-rangehood-dishwasher,product:appliances:ovens:blanco:bose65xm,product:appliances:ovens:blanco:bose65xm,899,899,none,No change required.,
1249,Blanco,- BLANCO 60CM GAS COOKTOP BCG604WX,EACH,BCG604WX,BCG604WX,cooktops,cooktops,brand-model:blanco:bcg604wx,blanco::bcg604wx,component,component,product:appliances:appliance-packs:blanco:1247,pack:appliances:blanco:blanco-pack-600mm-electric-cooktop-pack-oven-electric-cooktop-slideout-rangehood-dishwasher,product:appliances:cooktops:blanco:bcg604wx,product:appliances:cooktops:blanco:bcg604wx,599,599,none,No change required.,
1250,Blanco,- BLANCO 60CM SLIDE OUT RANGEHOOD BRU53X,EACH,BRU53X,BRU53X,rangehoods,rangehoods,brand-model:blanco:bru53x,blanco::bru53x,component,component,product:appliances:appliance-packs:blanco:1247,pack:appliances:blanco:blanco-pack-600mm-electric-cooktop-pack-oven-electric-cooktop-slideout-rangehood-dishwasher,product:appliances:rangehoods:blanco:bru53x,product:appliances:rangehoods:blanco:bru53x,449,449,none,No change required.,
1251,Blanco,- BLANCO 60CM FREESTANDING DISHWASHER BDW146X,EACH,BDW146X,BDW146X,dishwashers,dishwashers,brand-model:blanco:bdw146x,blanco::bdw146x,component,component,product:appliances:appliance-packs:blanco:1247,pack:appliances:blanco:blanco-pack-600mm-electric-cooktop-pack-oven-electric-cooktop-slideout-rangehood-dishwasher,product:appliances:dishwashers:blanco:bdw146x,product:appliances:dishwashers:blanco:bdw146x,799,799,none,No change required.,
1252,Blanco,BLANCO 600MM CANOPY RANGEHOOD OPTION - BLANCO 60CM CANOPY RANGEHOOD BRC60X,EACH,OPTION - BLANCO 60CM CANOPY RANGEHOOD BRC60X,BRC60X,rangehoods,rangehoods,brand-model:blanco:option-blanco-60cm-canopy-rangehood-brc60x,blanco::brc60x,component,component,product:appliances:appliance-packs:blanco:1247,pack:appliances:blanco:blanco-pack-600mm-electric-cooktop-pack-oven-electric-cooktop-slideout-rangehood-dishwasher,product:appliances:rangehoods:blanco:option-blanco-60cm-canopy-rangehood-brc60x,product:appliances:rangehoods:blanco:brc60x,599,599,model-extraction|product-identity,"Use canonical model extraction: strip option prefix, preserve hyphenated and multi-token model numbers, reject dimensions.",source row is an option label containing a physical model after OPTION -; dimension token present; not a model ID; models differ: OPTION - BLANCO 60CM CANOPY RANGEHOOD BRC60X vs BRC60X; product IDs differ under old versus canonical identity
1253,Blanco,BLANCO 600MM UNDER CUPBOARD RANGEHOOD OPTION - BLANCO 60CM UNDERMOUNT RANGEHOOD BRU60X,EACH,OPTION - BLANCO 60CM UNDERMOUNT RANGEHOOD BRU60X,BRU60X,rangehoods,rangehoods,brand-model:blanco:option-blanco-60cm-undermount-rangehood-bru60x,blanco::bru60x,component,component,product:appliances:appliance-packs:blanco:1247,pack:appliances:blanco:blanco-pack-600mm-electric-cooktop-pack-oven-electric-cooktop-slideout-rangehood-dishwasher,product:appliances:rangehoods:blanco:option-blanco-60cm-undermount-rangehood-bru60x,product:appliances:rangehoods:blanco:bru60x,699,699,model-extraction|product-identity,"Use canonical model extraction: strip option prefix, preserve hyphenated and multi-token model numbers, reject dimensions.",source row is an option label containing a physical model after OPTION -; dimension token present; not a model ID; models differ: OPTION - BLANCO 60CM UNDERMOUNT RANGEHOOD BRU60X vs BRU60X; product IDs differ under old versus canonical identity
1254,Blanco,- BLANCO 90CM ELECTRIC OVEN BOSE90X,EACH,BOSE90X,BOSE90X,ovens,ovens,brand-model:blanco:bose90x,blanco::bose90x,component,component,product:appliances:appliance-packs:blanco:1247,pack:appliances:blanco:blanco-pack-600mm-electric-cooktop-pack-oven-electric-cooktop-slideout-rangehood-dishwasher,product:appliances:ovens:blanco:bose90x,product:appliances:ovens:blanco:bose90x,1599,1599,none,No change required.,
1255,Blanco,- BLANCO 90CM INDUCTION COOKTOP BIC90X,EACH,BIC90X,BIC90X,cooktops,cooktops,brand-model:blanco:bic90x,blanco::bic90x,component,component,product:appliances:appliance-packs:blanco:1247,pack:appliances:blanco:blanco-pack-600mm-electric-cooktop-pack-oven-electric-cooktop-slideout-rangehood-dishwasher,product:appliances:cooktops:blanco:bic90x,product:appliances:cooktops:blanco:bic90x,1499,1499,none,No change required.,
1256,Blanco,- BLANCO 90CM SLIDE OUT RANGEHOOD BRU90X,EACH,BRU90X,BRU90X,rangehoods,rangehoods,brand-model:blanco:bru90x,blanco::bru90x,component,component,product:appliances:appliance-packs:blanco:1247,pack:appliances:blanco:blanco-pack-600mm-electric-cooktop-pack-oven-electric-cooktop-slideout-rangehood-dishwasher,product:appliances:rangehoods:blanco:bru90x,product:appliances:rangehoods:blanco:bru90x,599,599,none,No change required.,
1257,Blanco,- BLANCO 60CM FREESTANDING DISHWASHER BDW146X,EACH,BDW146X,BDW146X,dishwashers,dishwashers,brand-model:blanco:bdw146x,blanco::bdw146x,component,component,product:appliances:appliance-packs:blanco:1247,pack:appliances:blanco:blanco-pack-600mm-electric-cooktop-pack-oven-electric-cooktop-slideout-rangehood-dishwasher,product:appliances:dishwashers:blanco:bdw146x,product:appliances:dishwashers:blanco:bdw146x,799,799,none,No change required.,
1258,Blanco,BLANCO PACK - 900MM BUILT-IN ELECTRIC COOKTOP PACK - 900 OVEN / ELECTRIC COOKTOP / 900 SLIDEOUT RANGEHOOD / DISHWASHER,PACK,,,appliance-packs,appliance-packs,pack:pack:appliances:blanco:blanco-pack-900mm-built-in-electric-cooktop-pack-900-oven-electric-cooktop-900-slideout-rangehood-dishwasher,pack:pack:appliances:blanco:blanco-pack-900mm-built-in-electric-cooktop-pack-900-oven-electric-cooktop-900-slideout-rangehood-dishwasher,pack,pack,product:appliances:appliance-packs:blanco:1258,pack:appliances:blanco:blanco-pack-900mm-built-in-electric-cooktop-pack-900-oven-electric-cooktop-900-slideout-rangehood-dishwasher,,,4496,4496,none,No change required.,dimension token present; not a model ID
1259,Blanco,- BLANCO 90CM ELECTRIC OVEN BOSE90X,EACH,BOSE90X,BOSE90X,ovens,ovens,brand-model:blanco:bose90x,blanco::bose90x,component,component,product:appliances:appliance-packs:blanco:1258,pack:appliances:blanco:blanco-pack-900mm-built-in-electric-cooktop-pack-900-oven-electric-cooktop-900-slideout-rangehood-dishwasher,product:appliances:ovens:blanco:bose90x,product:appliances:ovens:blanco:bose90x,1599,1599,none,No change required.,
1260,Blanco,- BLANCO 90CM GAS COOKTOP BCG905WX,EACH,BCG905WX,BCG905WX,cooktops,cooktops,brand-model:blanco:bcg905wx,blanco::bcg905wx,component,component,product:appliances:appliance-packs:blanco:1258,pack:appliances:blanco:blanco-pack-900mm-built-in-electric-cooktop-pack-900-oven-electric-cooktop-900-slideout-rangehood-dishwasher,product:appliances:cooktops:blanco:bcg905wx,product:appliances:cooktops:blanco:bcg905wx,899,899,none,No change required.,
1261,Blanco,- BLANCO 90CM SLIDE OUT RANGEHOOD BRU90X,EACH,BRU90X,BRU90X,rangehoods,rangehoods,brand-model:blanco:bru90x,blanco::bru90x,component,component,product:appliances:appliance-packs:blanco:1258,pack:appliances:blanco:blanco-pack-900mm-built-in-electric-cooktop-pack-900-oven-electric-cooktop-900-slideout-rangehood-dishwasher,product:appliances:rangehoods:blanco:bru90x,product:appliances:rangehoods:blanco:bru90x,599,599,none,No change required.,
1262,Blanco,- BLANCO 60CM FREESTANDING DISHWASHER BDW146X,EACH,BDW146X,BDW146X,dishwashers,dishwashers,brand-model:blanco:bdw146x,blanco::bdw146x,component,component,product:appliances:appliance-packs:blanco:1258,pack:appliances:blanco:blanco-pack-900mm-built-in-electric-cooktop-pack-900-oven-electric-cooktop-900-slideout-rangehood-dishwasher,product:appliances:dishwashers:blanco:bdw146x,product:appliances:dishwashers:blanco:bdw146x,799,799,none,No change required.,
1263,Blanco,BLANCO PACK - 900MM BUILT-IN GAS COOKTOP PACK - 900 OVEN / GAS COOKTOP / 900 SLIDEOUT RANGEHOOD / DISHWASHER,PACK,,,appliance-packs,appliance-packs,pack:pack:appliances:blanco:blanco-pack-900mm-built-in-gas-cooktop-pack-900-oven-gas-cooktop-900-slideout-rangehood-dishwasher,pack:pack:appliances:blanco:blanco-pack-900mm-built-in-gas-cooktop-pack-900-oven-gas-cooktop-900-slideout-rangehood-dishwasher,pack,pack,product:appliances:appliance-packs:blanco:1263,pack:appliances:blanco:blanco-pack-900mm-built-in-gas-cooktop-pack-900-oven-gas-cooktop-900-slideout-rangehood-dishwasher,,,3896,3896,none,No change required.,dimension token present; not a model ID
1264,Blanco,- BLANCO 90CM DUAL FUEL FREESTANDING COOKER BFS90WX,EACH,BFS90WX,BFS90WX,freestanding-cookers,freestanding-cookers,brand-model:blanco:bfs90wx,blanco::bfs90wx,component,component,product:appliances:appliance-packs:blanco:1263,pack:appliances:blanco:blanco-pack-900mm-built-in-gas-cooktop-pack-900-oven-gas-cooktop-900-slideout-rangehood-dishwasher,product:appliances:freestanding-cookers:blanco:bfs90wx,product:appliances:freestanding-cookers:blanco:bfs90wx,2499,2499,none,No change required.,
1265,Blanco,- BLANCO 90CM CANOPY RANGEHOOD BRC90X,EACH,BRC90X,BRC90X,rangehoods,rangehoods,brand-model:blanco:brc90x,blanco::brc90x,component,component,product:appliances:appliance-packs:blanco:1263,pack:appliances:blanco:blanco-pack-900mm-built-in-gas-cooktop-pack-900-oven-gas-cooktop-900-slideout-rangehood-dishwasher,product:appliances:rangehoods:blanco:brc90x,product:appliances:rangehoods:blanco:brc90x,799,799,none,No change required.,
1266,Blanco,- BLANCO 60CM FREESTANDING DISHWASHER BDW146X,EACH,BDW146X,BDW146X,dishwashers,dishwashers,brand-model:blanco:bdw146x,blanco::bdw146x,component,component,product:appliances:appliance-packs:blanco:1263,pack:appliances:blanco:blanco-pack-900mm-built-in-gas-cooktop-pack-900-oven-gas-cooktop-900-slideout-rangehood-dishwasher,product:appliances:dishwashers:blanco:bdw146x,product:appliances:dishwashers:blanco:bdw146x,799,799,none,No change required.,
1267,Blanco,BLANCO PACK - 900MM UPRIGHT COOKER CANOPY PACK - UPRIGHT COOKER / 900 CANOPY RANGEHOOD / DISHWASHER,PACK,,,appliance-packs,appliance-packs,pack:pack:appliances:blanco:blanco-pack-900mm-upright-cooker-canopy-pack-upright-cooker-900-canopy-rangehood-dishwasher,pack:pack:appliances:blanco:blanco-pack-900mm-upright-cooker-canopy-pack-upright-cooker-900-canopy-rangehood-dishwasher,pack,pack,product:appliances:appliance-packs:blanco:1267,pack:appliances:blanco:blanco-pack-900mm-upright-cooker-canopy-pack-upright-cooker-900-canopy-rangehood-dishwasher,,,4097,4097,none,No change required.,dimension token present; not a model ID
1268,Blanco,- BLANCO 90CM DUAL FUEL FREESTANDING COOKER BFS90WX,EACH,BFS90WX,BFS90WX,freestanding-cookers,freestanding-cookers,brand-model:blanco:bfs90wx,blanco::bfs90wx,component,component,product:appliances:appliance-packs:blanco:1267,pack:appliances:blanco:blanco-pack-900mm-upright-cooker-canopy-pack-upright-cooker-900-canopy-rangehood-dishwasher,product:appliances:freestanding-cookers:blanco:bfs90wx,product:appliances:freestanding-cookers:blanco:bfs90wx,2499,2499,none,No change required.,
1269,Blanco,- BLANCO 90CM UNDERMOUNT RANGEHOOD BRU90UX,EACH,BRU90UX,BRU90UX,rangehoods,rangehoods,brand-model:blanco:bru90ux,blanco::bru90ux,component,component,product:appliances:appliance-packs:blanco:1267,pack:appliances:blanco:blanco-pack-900mm-upright-cooker-canopy-pack-upright-cooker-900-canopy-rangehood-dishwasher,product:appliances:rangehoods:blanco:bru90ux,product:appliances:rangehoods:blanco:bru90ux,899,899,none,No change required.,
1270,Blanco,- BLANCO 60CM FREESTANDING DISHWASHER BDW146X,EACH,BDW146X,BDW146X,dishwashers,dishwashers,brand-model:blanco:bdw146x,blanco::bdw146x,component,component,product:appliances:appliance-packs:blanco:1267,pack:appliances:blanco:blanco-pack-900mm-upright-cooker-canopy-pack-upright-cooker-900-canopy-rangehood-dishwasher,product:appliances:dishwashers:blanco:bdw146x,product:appliances:dishwashers:blanco:bdw146x,799,799,none,No change required.,
1271,Blanco,BLANCO PACK - 900MM UPRIGHT COOKER UNDER CUPBOARD PACK - UPRIGHT COOKER / 900 UNDER CUPBOARD RANGEHOOD / DISHWASHER,PACK,,,appliance-packs,appliance-packs,pack:pack:appliances:blanco:blanco-pack-900mm-upright-cooker-under-cupboard-pack-upright-cooker-900-under-cupboard-rangehood-dishwasher,pack:pack:appliances:blanco:blanco-pack-900mm-upright-cooker-under-cupboard-pack-upright-cooker-900-under-cupboard-rangehood-dishwasher,pack,pack,product:appliances:appliance-packs:blanco:1271,pack:appliances:blanco:blanco-pack-900mm-upright-cooker-under-cupboard-pack-upright-cooker-900-under-cupboard-rangehood-dishwasher,,,4197,4197,none,No change required.,dimension token present; not a model ID
1272,Blanco,BLANCO 900MM CANOPY RANGEHOOD OPTION - BLANCO 90CM CANOPY RANGEHOOD BRC90X,EACH,OPTION - BLANCO 90CM CANOPY RANGEHOOD BRC90X,BRC90X,rangehoods,rangehoods,brand-model:blanco:option-blanco-90cm-canopy-rangehood-brc90x,blanco::brc90x,component,component,product:appliances:appliance-packs:blanco:1271,pack:appliances:blanco:blanco-pack-900mm-upright-cooker-under-cupboard-pack-upright-cooker-900-under-cupboard-rangehood-dishwasher,product:appliances:rangehoods:blanco:option-blanco-90cm-canopy-rangehood-brc90x,product:appliances:rangehoods:blanco:brc90x,799,799,model-extraction|product-identity,"Use canonical model extraction: strip option prefix, preserve hyphenated and multi-token model numbers, reject dimensions.",source row is an option label containing a physical model after OPTION -; dimension token present; not a model ID; models differ: OPTION - BLANCO 90CM CANOPY RANGEHOOD BRC90X vs BRC90X; product IDs differ under old versus canonical identity
1273,Blanco,BLANCO 900MM UNDER CUPBOARD RANGEHOOD OPTION - BLANCO 90CM UNDERMOUNT RANGEHOOD BRU90UX,EACH,OPTION - BLANCO 90CM UNDERMOUNT RANGEHOOD BRU90UX,BRU90UX,rangehoods,rangehoods,brand-model:blanco:option-blanco-90cm-undermount-rangehood-bru90ux,blanco::bru90ux,component,component,product:appliances:appliance-packs:blanco:1271,pack:appliances:blanco:blanco-pack-900mm-upright-cooker-under-cupboard-pack-upright-cooker-900-under-cupboard-rangehood-dishwasher,product:appliances:rangehoods:blanco:option-blanco-90cm-undermount-rangehood-bru90ux,product:appliances:rangehoods:blanco:bru90ux,899,899,model-extraction|product-identity,"Use canonical model extraction: strip option prefix, preserve hyphenated and multi-token model numbers, reject dimensions.",source row is an option label containing a physical model after OPTION -; dimension token present; not a model ID; models differ: OPTION - BLANCO 90CM UNDERMOUNT RANGEHOOD BRU90UX vs BRU90UX; product IDs differ under old versus canonical identity
1274,Blanco,BLANCO DISHWASHER OPTION - BLANCO 60CM FREESTANDING DISHWASHER BDW146X,EACH,OPTION - BLANCO 60CM FREESTANDING DISHWASHER BDW146X,BDW146X,dishwashers,dishwashers,brand-model:blanco:option-blanco-60cm-freestanding-dishwasher-bdw146x,blanco::bdw146x,component,component,product:appliances:appliance-packs:blanco:1271,pack:appliances:blanco:blanco-pack-900mm-upright-cooker-under-cupboard-pack-upright-cooker-900-under-cupboard-rangehood-dishwasher,product:appliances:dishwashers:blanco:option-blanco-60cm-freestanding-dishwasher-bdw146x,product:appliances:dishwashers:blanco:bdw146x,799,799,model-extraction|product-identity,"Use canonical model extraction: strip option prefix, preserve hyphenated and multi-token model numbers, reject dimensions.",source row is an option label containing a physical model after OPTION -; models differ: OPTION - BLANCO 60CM FREESTANDING DISHWASHER BDW146X vs BDW146X; product IDs differ under old versus canonical identity
1275,Ariston,- ARISTON 60CM ELECTRIC OVEN FA5834HIXAAUS,EACH,FA5834HIXAAUS,FA5834HIXAAUS,ovens,ovens,brand-model:ariston:fa5834hixaaus,ariston::fa5834hixaaus,component,component,product:appliances:appliance-packs:ariston:1279,pack:appliances:ariston:ariston-pack-600mm-electric-cooktop-pack-oven-electric-cooktop-slideout-rangehood-dishwasher,product:appliances:ovens:ariston:fa5834hixaaus,product:appliances:ovens:ariston:fa5834hixaaus,1199,1199,none,No change required.,
1276,Ariston,- ARISTON 60CM ELECTRIC COOKTOP PF604IX,EACH,PF604IX,PF604IX,cooktops,cooktops,brand-model:ariston:pf604ix,ariston::pf604ix,component,component,product:appliances:appliance-packs:ariston:1279,pack:appliances:ariston:ariston-pack-600mm-electric-cooktop-pack-oven-electric-cooktop-slideout-rangehood-dishwasher,product:appliances:cooktops:ariston:pf604ix,product:appliances:cooktops:ariston:pf604ix,699,699,none,No change required.,
1277,Ariston,- ARISTON 60CM SLIDE OUT RANGEHOOD ARHS60X,EACH,ARHS60X,ARHS60X,rangehoods,rangehoods,brand-model:ariston:arhs60x,ariston::arhs60x,component,component,product:appliances:appliance-packs:ariston:1279,pack:appliances:ariston:ariston-pack-600mm-electric-cooktop-pack-oven-electric-cooktop-slideout-rangehood-dishwasher,product:appliances:rangehoods:ariston:arhs60x,product:appliances:rangehoods:ariston:arhs60x,399,399,none,No change required.,
1278,Ariston,- ARISTON 60CM DISHWASHER LFO3C23WF,EACH,LFO3C23WF,LFO3C23WF,dishwashers,dishwashers,brand-model:ariston:lfo3c23wf,ariston::lfo3c23wf,component,component,product:appliances:appliance-packs:ariston:1279,pack:appliances:ariston:ariston-pack-600mm-electric-cooktop-pack-oven-electric-cooktop-slideout-rangehood-dishwasher,product:appliances:dishwashers:ariston:lfo3c23wf,product:appliances:dishwashers:ariston:lfo3c23wf,799,799,none,No change required.,
1279,Ariston,ARISTON PACK - 600MM ELECTRIC COOKTOP PACK - OVEN / ELECTRIC COOKTOP / SLIDEOUT RANGEHOOD / DISHWASHER,PACK,,,appliance-packs,appliance-packs,pack:pack:appliances:ariston:ariston-pack-600mm-electric-cooktop-pack-oven-electric-cooktop-slideout-rangehood-dishwasher,pack:pack:appliances:ariston:ariston-pack-600mm-electric-cooktop-pack-oven-electric-cooktop-slideout-rangehood-dishwasher,pack,pack,product:appliances:appliance-packs:ariston:1279,pack:appliances:ariston:ariston-pack-600mm-electric-cooktop-pack-oven-electric-cooktop-slideout-rangehood-dishwasher,,,3096,3096,none,No change required.,dimension token present; not a model ID
1280,Ariston,- ARISTON 90CM GAS COOKTOP PKQ 755 D GH AUS,EACH,PKQ 755 D GH AUS,PKQ 755 D GH AUS,cooktops,cooktops,brand-model:ariston:pkq-755-d-gh-aus,ariston::pkq-755-d-gh-aus,component,component,product:appliances:appliance-packs:ariston:1279,pack:appliances:ariston:ariston-pack-600mm-electric-cooktop-pack-oven-electric-cooktop-slideout-rangehood-dishwasher,product:appliances:cooktops:ariston:pkq-755-d-gh-aus,product:appliances:cooktops:ariston:pkq-755-d-gh-aus,999,999,none,No change required.,
1281,Ariston,- ARISTON 90CM SLIDE OUT RANGEHOOD ARHS90X,EACH,ARHS90X,ARHS90X,rangehoods,rangehoods,brand-model:ariston:arhs90x,ariston::arhs90x,component,component,product:appliances:appliance-packs:ariston:1279,pack:appliances:ariston:ariston-pack-600mm-electric-cooktop-pack-oven-electric-cooktop-slideout-rangehood-dishwasher,product:appliances:rangehoods:ariston:arhs90x,product:appliances:rangehoods:ariston:arhs90x,499,499,none,No change required.,
1282,Ariston,- ARISTON 60CM DISHWASHER LFO3C23WF,EACH,LFO3C23WF,LFO3C23WF,dishwashers,dishwashers,brand-model:ariston:lfo3c23wf,ariston::lfo3c23wf,component,component,product:appliances:appliance-packs:ariston:1279,pack:appliances:ariston:ariston-pack-600mm-electric-cooktop-pack-oven-electric-cooktop-slideout-rangehood-dishwasher,product:appliances:dishwashers:ariston:lfo3c23wf,product:appliances:dishwashers:ariston:lfo3c23wf,799,799,none,No change required.,
1283,Ariston,- ARISTON 60CM ELECTRIC OVEN FA5834HIXAAUS,EACH,FA5834HIXAAUS,FA5834HIXAAUS,ovens,ovens,brand-model:ariston:fa5834hixaaus,ariston::fa5834hixaaus,component,component,product:appliances:appliance-packs:ariston:1279,pack:appliances:ariston:ariston-pack-600mm-electric-cooktop-pack-oven-electric-cooktop-slideout-rangehood-dishwasher,product:appliances:ovens:ariston:fa5834hixaaus,product:appliances:ovens:ariston:fa5834hixaaus,1199,1199,none,No change required.,
1284,Ariston,- ARISTON 60CM GAS COOKTOP PC640NTX,EACH,PC640NTX,PC640NTX,cooktops,cooktops,brand-model:ariston:pc640ntx,ariston::pc640ntx,component,component,product:appliances:appliance-packs:ariston:1279,pack:appliances:ariston:ariston-pack-600mm-electric-cooktop-pack-oven-electric-cooktop-slideout-rangehood-dishwasher,product:appliances:cooktops:ariston:pc640ntx,product:appliances:cooktops:ariston:pc640ntx,699,699,none,No change required.,
1285,Ariston,- ARISTON 60CM SLIDE OUT RANGEHOOD ARHS60X,EACH,ARHS60X,ARHS60X,rangehoods,rangehoods,brand-model:ariston:arhs60x,ariston::arhs60x,component,component,product:appliances:appliance-packs:ariston:1279,pack:appliances:ariston:ariston-pack-600mm-electric-cooktop-pack-oven-electric-cooktop-slideout-rangehood-dishwasher,product:appliances:rangehoods:ariston:arhs60x,product:appliances:rangehoods:ariston:arhs60x,399,399,none,No change required.,
1286,Ariston,- ARISTON 60CM DISHWASHER LFO3C23WF,EACH,LFO3C23WF,LFO3C23WF,dishwashers,dishwashers,brand-model:ariston:lfo3c23wf,ariston::lfo3c23wf,component,component,product:appliances:appliance-packs:ariston:1279,pack:appliances:ariston:ariston-pack-600mm-electric-cooktop-pack-oven-electric-cooktop-slideout-rangehood-dishwasher,product:appliances:dishwashers:ariston:lfo3c23wf,product:appliances:dishwashers:ariston:lfo3c23wf,799,799,none,No change required.,
1287,Ariston,ARISTON PACK - 600MM GAS COOKTOP PACK - OVEN / GAS COOKTOP / SLIDEOUT RANGEHOOD / DISHWASHER,PACK,,,appliance-packs,appliance-packs,pack:pack:appliances:ariston:ariston-pack-600mm-gas-cooktop-pack-oven-gas-cooktop-slideout-rangehood-dishwasher,pack:pack:appliances:ariston:ariston-pack-600mm-gas-cooktop-pack-oven-gas-cooktop-slideout-rangehood-dishwasher,pack,pack,product:appliances:appliance-packs:ariston:1287,pack:appliances:ariston:ariston-pack-600mm-gas-cooktop-pack-oven-gas-cooktop-slideout-rangehood-dishwasher,,,3096,3096,none,No change required.,dimension token present; not a model ID
1288,Ariston,ARISTON 600MM CANOPY RANGEHOOD OPTION - ARISTON 60CM CANOPY RANGEHOOD ARHC60X,EACH,OPTION - ARISTON 60CM CANOPY RANGEHOOD ARHC60X,ARHC60X,rangehoods,rangehoods,brand-model:ariston:option-ariston-60cm-canopy-rangehood-arhc60x,ariston::arhc60x,component,component,product:appliances:appliance-packs:ariston:1287,pack:appliances:ariston:ariston-pack-600mm-gas-cooktop-pack-oven-gas-cooktop-slideout-rangehood-dishwasher,product:appliances:rangehoods:ariston:option-ariston-60cm-canopy-rangehood-arhc60x,product:appliances:rangehoods:ariston:arhc60x,499,499,model-extraction|product-identity,"Use canonical model extraction: strip option prefix, preserve hyphenated and multi-token model numbers, reject dimensions.",source row is an option label containing a physical model after OPTION -; dimension token present; not a model ID; models differ: OPTION - ARISTON 60CM CANOPY RANGEHOOD ARHC60X vs ARHC60X; product IDs differ under old versus canonical identity
1289,Ariston,ARISTON 600MM UNDER CUPBOARD RANGEHOOD OPTION - ARISTON 60CM UNDER CUPBOARD RANGEHOOD ARU60X,EACH,OPTION - ARISTON 60CM UNDER CUPBOARD RANGEHOOD ARU60X,ARU60X,rangehoods,rangehoods,brand-model:ariston:option-ariston-60cm-under-cupboard-rangehood-aru60x,ariston::aru60x,component,component,product:appliances:appliance-packs:ariston:1287,pack:appliances:ariston:ariston-pack-600mm-gas-cooktop-pack-oven-gas-cooktop-slideout-rangehood-dishwasher,product:appliances:rangehoods:ariston:option-ariston-60cm-under-cupboard-rangehood-aru60x,product:appliances:rangehoods:ariston:aru60x,349,349,model-extraction|product-identity,"Use canonical model extraction: strip option prefix, preserve hyphenated and multi-token model numbers, reject dimensions.",source row is an option label containing a physical model after OPTION -; dimension token present; not a model ID; models differ: OPTION - ARISTON 60CM UNDER CUPBOARD RANGEHOOD ARU60X vs ARU60X; product IDs differ under old versus canonical identity
1290,Ariston,- ARISTON 90CM BUILT-IN OVEN FI9 891 SP IX A AUS,EACH,FI9 891 SP IX A AUS,FI9 891 SP IX A AUS,ovens,ovens,brand-model:ariston:fi9-891-sp-ix-a-aus,ariston::fi9-891-sp-ix-a-aus,component,component,product:appliances:appliance-packs:ariston:1287,pack:appliances:ariston:ariston-pack-600mm-gas-cooktop-pack-oven-gas-cooktop-slideout-rangehood-dishwasher,product:appliances:ovens:ariston:fi9-891-sp-ix-a-aus,product:appliances:ovens:ariston:fi9-891-sp-ix-a-aus,1899,1899,none,No change required.,
1291,Ariston,- ARISTON 90CM INDUCTION COOKTOP NIO 844 DO B AUS,EACH,NIO 844 DO B AUS,NIO 844 DO B AUS,cooktops,cooktops,brand-model:ariston:nio-844-do-b-aus,ariston::nio-844-do-b-aus,component,component,product:appliances:appliance-packs:ariston:1287,pack:appliances:ariston:ariston-pack-600mm-gas-cooktop-pack-oven-gas-cooktop-slideout-rangehood-dishwasher,product:appliances:cooktops:ariston:nio-844-do-b-aus,product:appliances:cooktops:ariston:nio-844-do-b-aus,1399,1399,none,No change required.,
1292,Ariston,- ARISTON 90CM SLIDE OUT RANGEHOOD ARHS90X,EACH,ARHS90X,ARHS90X,rangehoods,rangehoods,brand-model:ariston:arhs90x,ariston::arhs90x,component,component,product:appliances:appliance-packs:ariston:1287,pack:appliances:ariston:ariston-pack-600mm-gas-cooktop-pack-oven-gas-cooktop-slideout-rangehood-dishwasher,product:appliances:rangehoods:ariston:arhs90x,product:appliances:rangehoods:ariston:arhs90x,499,499,none,No change required.,
1293,Ariston,- ARISTON 60CM DISHWASHER LFO3C23WF,EACH,LFO3C23WF,LFO3C23WF,dishwashers,dishwashers,brand-model:ariston:lfo3c23wf,ariston::lfo3c23wf,component,component,product:appliances:appliance-packs:ariston:1287,pack:appliances:ariston:ariston-pack-600mm-gas-cooktop-pack-oven-gas-cooktop-slideout-rangehood-dishwasher,product:appliances:dishwashers:ariston:lfo3c23wf,product:appliances:dishwashers:ariston:lfo3c23wf,799,799,none,No change required.,
1294,Ariston,ARISTON PACK - 900MM BUILT-IN ELECTRIC COOKTOP PACK - 900 OVEN / ELECTRIC COOKTOP / 900 SLIDEOUT RANGEHOOD / DISHWASHER,PACK,,,appliance-packs,appliance-packs,pack:pack:appliances:ariston:ariston-pack-900mm-built-in-electric-cooktop-pack-900-oven-electric-cooktop-900-slideout-rangehood-dishwasher,pack:pack:appliances:ariston:ariston-pack-900mm-built-in-electric-cooktop-pack-900-oven-electric-cooktop-900-slideout-rangehood-dishwasher,pack,pack,product:appliances:appliance-packs:ariston:1294,pack:appliances:ariston:ariston-pack-900mm-built-in-electric-cooktop-pack-900-oven-electric-cooktop-900-slideout-rangehood-dishwasher,,,4596,4596,none,No change required.,dimension token present; not a model ID
1295,Ariston,- ARISTON 90CM BUILT-IN OVEN FI9 891 SP IX A AUS,EACH,FI9 891 SP IX A AUS,FI9 891 SP IX A AUS,ovens,ovens,brand-model:ariston:fi9-891-sp-ix-a-aus,ariston::fi9-891-sp-ix-a-aus,component,component,product:appliances:appliance-packs:ariston:1294,pack:appliances:ariston:ariston-pack-900mm-built-in-electric-cooktop-pack-900-oven-electric-cooktop-900-slideout-rangehood-dishwasher,product:appliances:ovens:ariston:fi9-891-sp-ix-a-aus,product:appliances:ovens:ariston:fi9-891-sp-ix-a-aus,1899,1899,none,No change required.,
1296,Ariston,ARISTON PACK - 900MM BUILT-IN GAS COOKTOP PACK - 900 OVEN / GAS COOKTOP / 900 SLIDEOUT RANGEHOOD / DISHWASHER,PACK,,,appliance-packs,appliance-packs,pack:pack:appliances:ariston:ariston-pack-900mm-built-in-gas-cooktop-pack-900-oven-gas-cooktop-900-slideout-rangehood-dishwasher,pack:pack:appliances:ariston:ariston-pack-900mm-built-in-gas-cooktop-pack-900-oven-gas-cooktop-900-slideout-rangehood-dishwasher,pack,pack,product:appliances:appliance-packs:ariston:1296,pack:appliances:ariston:ariston-pack-900mm-built-in-gas-cooktop-pack-900-oven-gas-cooktop-900-slideout-rangehood-dishwasher,,,4196,4196,none,No change required.,dimension token present; not a model ID
1297,Ariston,- ARISTON 90CM DUAL FUEL FREESTANDING COOKER CP059MDX,EACH,CP059MDX,CP059MDX,freestanding-cookers,freestanding-cookers,brand-model:ariston:cp059mdx,ariston::cp059mdx,component,component,product:appliances:appliance-packs:ariston:1296,pack:appliances:ariston:ariston-pack-900mm-built-in-gas-cooktop-pack-900-oven-gas-cooktop-900-slideout-rangehood-dishwasher,product:appliances:freestanding-cookers:ariston:cp059mdx,product:appliances:freestanding-cookers:ariston:cp059mdx,2899,2899,none,No change required.,
1298,Ariston,- ARISTON 90CM CANOPY RANGEHOOD ARHC90X,EACH,ARHC90X,ARHC90X,rangehoods,rangehoods,brand-model:ariston:arhc90x,ariston::arhc90x,component,component,product:appliances:appliance-packs:ariston:1296,pack:appliances:ariston:ariston-pack-900mm-built-in-gas-cooktop-pack-900-oven-gas-cooktop-900-slideout-rangehood-dishwasher,product:appliances:rangehoods:ariston:arhc90x,product:appliances:rangehoods:ariston:arhc90x,699,699,none,No change required.,
1299,Ariston,- ARISTON 60CM DISHWASHER LFO3C23WF,EACH,LFO3C23WF,LFO3C23WF,dishwashers,dishwashers,brand-model:ariston:lfo3c23wf,ariston::lfo3c23wf,component,component,product:appliances:appliance-packs:ariston:1296,pack:appliances:ariston:ariston-pack-900mm-built-in-gas-cooktop-pack-900-oven-gas-cooktop-900-slideout-rangehood-dishwasher,product:appliances:dishwashers:ariston:lfo3c23wf,product:appliances:dishwashers:ariston:lfo3c23wf,799,799,none,No change required.,
1300,Ariston,ARISTON PACK - 900MM UPRIGHT COOKER CANOPY PACK - UPRIGHT COOKER / 900 CANOPY RANGEHOOD / DISHWASHER,PACK,,,appliance-packs,appliance-packs,pack:pack:appliances:ariston:ariston-pack-900mm-upright-cooker-canopy-pack-upright-cooker-900-canopy-rangehood-dishwasher,pack:pack:appliances:ariston:ariston-pack-900mm-upright-cooker-canopy-pack-upright-cooker-900-canopy-rangehood-dishwasher,pack,pack,product:appliances:appliance-packs:ariston:1300,pack:appliances:ariston:ariston-pack-900mm-upright-cooker-canopy-pack-upright-cooker-900-canopy-rangehood-dishwasher,,,4397,4397,none,No change required.,dimension token present; not a model ID
1301,Ariston,- ARISTON 90CM DUAL FUEL FREESTANDING COOKER CP059MDX,EACH,CP059MDX,CP059MDX,freestanding-cookers,freestanding-cookers,brand-model:ariston:cp059mdx,ariston::cp059mdx,component,component,product:appliances:appliance-packs:ariston:1300,pack:appliances:ariston:ariston-pack-900mm-upright-cooker-canopy-pack-upright-cooker-900-canopy-rangehood-dishwasher,product:appliances:freestanding-cookers:ariston:cp059mdx,product:appliances:freestanding-cookers:ariston:cp059mdx,2899,2899,none,No change required.,
1302,Ariston,- ARISTON 90CM UNDER CUPBOARD RANGEHOOD ARU90X,EACH,ARU90X,ARU90X,rangehoods,rangehoods,brand-model:ariston:aru90x,ariston::aru90x,component,component,product:appliances:appliance-packs:ariston:1300,pack:appliances:ariston:ariston-pack-900mm-upright-cooker-canopy-pack-upright-cooker-900-canopy-rangehood-dishwasher,product:appliances:rangehoods:ariston:aru90x,product:appliances:rangehoods:ariston:aru90x,499,499,none,No change required.,
1303,Ariston,- ARISTON 60CM DISHWASHER LFO3C23WF,EACH,LFO3C23WF,LFO3C23WF,dishwashers,dishwashers,brand-model:ariston:lfo3c23wf,ariston::lfo3c23wf,component,component,product:appliances:appliance-packs:ariston:1300,pack:appliances:ariston:ariston-pack-900mm-upright-cooker-canopy-pack-upright-cooker-900-canopy-rangehood-dishwasher,product:appliances:dishwashers:ariston:lfo3c23wf,product:appliances:dishwashers:ariston:lfo3c23wf,799,799,none,No change required.,
1304,Ariston,ARISTON PACK - 900MM UPRIGHT COOKER UNDER CUPBOARD PACK - UPRIGHT COOKER / 900 UNDER CUPBOARD RANGEHOOD / DISHWASHER,PACK,,,appliance-packs,appliance-packs,pack:pack:appliances:ariston:ariston-pack-900mm-upright-cooker-under-cupboard-pack-upright-cooker-900-under-cupboard-rangehood-dishwasher,pack:pack:appliances:ariston:ariston-pack-900mm-upright-cooker-under-cupboard-pack-upright-cooker-900-under-cupboard-rangehood-dishwasher,pack,pack,product:appliances:appliance-packs:ariston:1304,pack:appliances:ariston:ariston-pack-900mm-upright-cooker-under-cupboard-pack-upright-cooker-900-under-cupboard-rangehood-dishwasher,,,4197,4197,none,No change required.,dimension token present; not a model ID
1305,Ariston,ARISTON 900MM CANOPY RANGEHOOD OPTION - ARISTON 90CM CANOPY RANGEHOOD ARHC90X,EACH,OPTION - ARISTON 90CM CANOPY RANGEHOOD ARHC90X,ARHC90X,rangehoods,rangehoods,brand-model:ariston:option-ariston-90cm-canopy-rangehood-arhc90x,ariston::arhc90x,component,component,product:appliances:appliance-packs:ariston:1304,pack:appliances:ariston:ariston-pack-900mm-upright-cooker-under-cupboard-pack-upright-cooker-900-under-cupboard-rangehood-dishwasher,product:appliances:rangehoods:ariston:option-ariston-90cm-canopy-rangehood-arhc90x,product:appliances:rangehoods:ariston:arhc90x,699,699,model-extraction|product-identity,"Use canonical model extraction: strip option prefix, preserve hyphenated and multi-token model numbers, reject dimensions.",source row is an option label containing a physical model after OPTION -; dimension token present; not a model ID; models differ: OPTION - ARISTON 90CM CANOPY RANGEHOOD ARHC90X vs ARHC90X; product IDs differ under old versus canonical identity
1306,Ariston,ARISTON 900MM UNDER CUPBOARD RANGEHOOD OPTION - ARISTON 90CM UNDER CUPBOARD RANGEHOOD ARU90X,EACH,OPTION - ARISTON 90CM UNDER CUPBOARD RANGEHOOD ARU90X,ARU90X,rangehoods,rangehoods,brand-model:ariston:option-ariston-90cm-under-cupboard-rangehood-aru90x,ariston::aru90x,component,component,product:appliances:appliance-packs:ariston:1304,pack:appliances:ariston:ariston-pack-900mm-upright-cooker-under-cupboard-pack-upright-cooker-900-under-cupboard-rangehood-dishwasher,product:appliances:rangehoods:ariston:option-ariston-90cm-under-cupboard-rangehood-aru90x,product:appliances:rangehoods:ariston:aru90x,499,499,model-extraction|product-identity,"Use canonical model extraction: strip option prefix, preserve hyphenated and multi-token model numbers, reject dimensions.",source row is an option label containing a physical model after OPTION -; dimension token present; not a model ID; models differ: OPTION - ARISTON 90CM UNDER CUPBOARD RANGEHOOD ARU90X vs ARU90X; product IDs differ under old versus canonical identity
1307,Ariston,ARISTON DISHWASHER OPTION - ARISTON 60CM DISHWASHER LFO3C23WF,EACH,OPTION - ARISTON 60CM DISHWASHER LFO3C23WF,LFO3C23WF,dishwashers,dishwashers,brand-model:ariston:option-ariston-60cm-dishwasher-lfo3c23wf,ariston::lfo3c23wf,component,component,product:appliances:appliance-packs:ariston:1304,pack:appliances:ariston:ariston-pack-900mm-upright-cooker-under-cupboard-pack-upright-cooker-900-under-cupboard-rangehood-dishwasher,product:appliances:dishwashers:ariston:option-ariston-60cm-dishwasher-lfo3c23wf,product:appliances:dishwashers:ariston:lfo3c23wf,799,799,model-extraction|product-identity,"Use canonical model extraction: strip option prefix, preserve hyphenated and multi-token model numbers, reject dimensions.",source row is an option label containing a physical model after OPTION -; models differ: OPTION - ARISTON 60CM DISHWASHER LFO3C23WF vs LFO3C23WF; product IDs differ under old versus canonical identity
1308,Westinghouse,- WESTINGHOUSE 60CM MULTIFUNCTION OVEN WVE6314DD,EACH,WVE6314DD,WVE6314DD,ovens,ovens,brand-model:westinghouse:wve6314dd,westinghouse::wve6314dd,component,component,product:appliances:appliance-packs:westinghouse:1312,pack:appliances:westinghouse:westinghouse-pack-600mm-electric-cooktop-pack-oven-electric-cooktop-slideout-rangehood-dishwasher,product:appliances:ovens:westinghouse:wve6314dd,product:appliances:ovens:westinghouse:wve6314dd,799,799,none,No change required.,
1309,Westinghouse,- WESTINGHOUSE 60CM CERAMIC COOKTOP WHC642BC,EACH,WHC642BC,WHC642BC,cooktops,cooktops,brand-model:westinghouse:whc642bc,westinghouse::whc642bc,component,component,product:appliances:appliance-packs:westinghouse:1312,pack:appliances:westinghouse:westinghouse-pack-600mm-electric-cooktop-pack-oven-electric-cooktop-slideout-rangehood-dishwasher,product:appliances:cooktops:westinghouse:whc642bc,product:appliances:cooktops:westinghouse:whc642bc,699,699,none,No change required.,
1310,Westinghouse,- WESTINGHOUSE 60CM SLIDEOUT RANGEHOOD WRR614SB,EACH,WRR614SB,WRR614SB,rangehoods,rangehoods,brand-model:westinghouse:wrr614sb,westinghouse::wrr614sb,component,component,product:appliances:appliance-packs:westinghouse:1312,pack:appliances:westinghouse:westinghouse-pack-600mm-electric-cooktop-pack-oven-electric-cooktop-slideout-rangehood-dishwasher,product:appliances:rangehoods:westinghouse:wrr614sb,product:appliances:rangehoods:westinghouse:wrr614sb,449,449,none,No change required.,
1311,Westinghouse,- WESTINGHOUSE 60CM FREESTANDING DISHWASHER WSF6606X,EACH,WSF6606X,WSF6606X,dishwashers,dishwashers,brand-model:westinghouse:wsf6606x,westinghouse::wsf6606x,component,component,product:appliances:appliance-packs:westinghouse:1312,pack:appliances:westinghouse:westinghouse-pack-600mm-electric-cooktop-pack-oven-electric-cooktop-slideout-rangehood-dishwasher,product:appliances:dishwashers:westinghouse:wsf6606x,product:appliances:dishwashers:westinghouse:wsf6606x,799,799,none,No change required.,
1312,Westinghouse,WESTINGHOUSE PACK - 600MM ELECTRIC COOKTOP PACK - OVEN / ELECTRIC COOKTOP / SLIDEOUT RANGEHOOD / DISHWASHER,PACK,,,appliance-packs,appliance-packs,pack:pack:appliances:westinghouse:westinghouse-pack-600mm-electric-cooktop-pack-oven-electric-cooktop-slideout-rangehood-dishwasher,pack:pack:appliances:westinghouse:westinghouse-pack-600mm-electric-cooktop-pack-oven-electric-cooktop-slideout-rangehood-dishwasher,pack,pack,product:appliances:appliance-packs:westinghouse:1312,pack:appliances:westinghouse:westinghouse-pack-600mm-electric-cooktop-pack-oven-electric-cooktop-slideout-rangehood-dishwasher,,,2746,2746,none,No change required.,dimension token present; not a model ID
1313,Westinghouse,- WESTINGHOUSE 60CM MULTIFUNCTION OVEN WVE6314DD,EACH,WVE6314DD,WVE6314DD,ovens,ovens,brand-model:westinghouse:wve6314dd,westinghouse::wve6314dd,component,component,product:appliances:appliance-packs:westinghouse:1312,pack:appliances:westinghouse:westinghouse-pack-600mm-electric-cooktop-pack-oven-electric-cooktop-slideout-rangehood-dishwasher,product:appliances:ovens:westinghouse:wve6314dd,product:appliances:ovens:westinghouse:wve6314dd,799,799,none,No change required.,
1314,Westinghouse,- WESTINGHOUSE 60CM GAS COOKTOP WHG644SC,EACH,WHG644SC,WHG644SC,cooktops,cooktops,brand-model:westinghouse:whg644sc,westinghouse::whg644sc,component,component,product:appliances:appliance-packs:westinghouse:1312,pack:appliances:westinghouse:westinghouse-pack-600mm-electric-cooktop-pack-oven-electric-cooktop-slideout-rangehood-dishwasher,product:appliances:cooktops:westinghouse:whg644sc,product:appliances:cooktops:westinghouse:whg644sc,699,699,none,No change required.,
1315,Westinghouse,- WESTINGHOUSE 60CM SLIDEOUT RANGEHOOD WRR614SB,EACH,WRR614SB,WRR614SB,rangehoods,rangehoods,brand-model:westinghouse:wrr614sb,westinghouse::wrr614sb,component,component,product:appliances:appliance-packs:westinghouse:1312,pack:appliances:westinghouse:westinghouse-pack-600mm-electric-cooktop-pack-oven-electric-cooktop-slideout-rangehood-dishwasher,product:appliances:rangehoods:westinghouse:wrr614sb,product:appliances:rangehoods:westinghouse:wrr614sb,449,449,none,No change required.,
1316,Westinghouse,- WESTINGHOUSE 60CM FREESTANDING DISHWASHER WSF6606X,EACH,WSF6606X,WSF6606X,dishwashers,dishwashers,brand-model:westinghouse:wsf6606x,westinghouse::wsf6606x,component,component,product:appliances:appliance-packs:westinghouse:1312,pack:appliances:westinghouse:westinghouse-pack-600mm-electric-cooktop-pack-oven-electric-cooktop-slideout-rangehood-dishwasher,product:appliances:dishwashers:westinghouse:wsf6606x,product:appliances:dishwashers:westinghouse:wsf6606x,799,799,none,No change required.,
1317,Westinghouse,WESTINGHOUSE PACK - 600MM GAS COOKTOP PACK - OVEN / GAS COOKTOP / SLIDEOUT RANGEHOOD / DISHWASHER,PACK,,,appliance-packs,appliance-packs,pack:pack:appliances:westinghouse:westinghouse-pack-600mm-gas-cooktop-pack-oven-gas-cooktop-slideout-rangehood-dishwasher,pack:pack:appliances:westinghouse:westinghouse-pack-600mm-gas-cooktop-pack-oven-gas-cooktop-slideout-rangehood-dishwasher,pack,pack,product:appliances:appliance-packs:westinghouse:1317,pack:appliances:westinghouse:westinghouse-pack-600mm-gas-cooktop-pack-oven-gas-cooktop-slideout-rangehood-dishwasher,,,2746,2746,none,No change required.,dimension token present; not a model ID
1318,Westinghouse,WESTINGHOUSE 600MM CANOPY RANGEHOOD OPTION - WESTINGHOUSE 60CM CANOPY RANGEHOOD WRC614SD,EACH,OPTION - WESTINGHOUSE 60CM CANOPY RANGEHOOD WRC614SD,WRC614SD,rangehoods,rangehoods,brand-model:westinghouse:option-westinghouse-60cm-canopy-rangehood-wrc614sd,westinghouse::wrc614sd,component,component,product:appliances:appliance-packs:westinghouse:1317,pack:appliances:westinghouse:westinghouse-pack-600mm-gas-cooktop-pack-oven-gas-cooktop-slideout-rangehood-dishwasher,product:appliances:rangehoods:westinghouse:option-westinghouse-60cm-canopy-rangehood-wrc614sd,product:appliances:rangehoods:westinghouse:wrc614sd,549,549,model-extraction|product-identity,"Use canonical model extraction: strip option prefix, preserve hyphenated and multi-token model numbers, reject dimensions.",source row is an option label containing a physical model after OPTION -; dimension token present; not a model ID; models differ: OPTION - WESTINGHOUSE 60CM CANOPY RANGEHOOD WRC614SD vs WRC614SD; product IDs differ under old versus canonical identity
1319,Westinghouse,WESTINGHOUSE 600MM UNDER CUPBOARD RANGEHOOD OPTION - WESTINGHOUSE 60CM FIXED RANGEHOOD WRF610WA,EACH,OPTION - WESTINGHOUSE 60CM FIXED RANGEHOOD WRF610WA,WRF610WA,rangehoods,rangehoods,brand-model:westinghouse:option-westinghouse-60cm-fixed-rangehood-wrf610wa,westinghouse::wrf610wa,component,component,product:appliances:appliance-packs:westinghouse:1317,pack:appliances:westinghouse:westinghouse-pack-600mm-gas-cooktop-pack-oven-gas-cooktop-slideout-rangehood-dishwasher,product:appliances:rangehoods:westinghouse:option-westinghouse-60cm-fixed-rangehood-wrf610wa,product:appliances:rangehoods:westinghouse:wrf610wa,360,360,model-extraction|product-identity,"Use canonical model extraction: strip option prefix, preserve hyphenated and multi-token model numbers, reject dimensions.",source row is an option label containing a physical model after OPTION -; dimension token present; not a model ID; models differ: OPTION - WESTINGHOUSE 60CM FIXED RANGEHOOD WRF610WA vs WRF610WA; product IDs differ under old versus canonical identity
1320,Westinghouse,- WESTINGHOUSE 90CM ELECTRIC OVEN WVE916SC,EACH,WVE916SC,WVE916SC,ovens,ovens,brand-model:westinghouse:wve916sc,westinghouse::wve916sc,component,component,product:appliances:appliance-packs:westinghouse:1317,pack:appliances:westinghouse:westinghouse-pack-600mm-gas-cooktop-pack-oven-gas-cooktop-slideout-rangehood-dishwasher,product:appliances:ovens:westinghouse:wve916sc,product:appliances:ovens:westinghouse:wve916sc,1999,1999,none,No change required.,
1321,Westinghouse,- WESTINGHOUSE 90CM INDUCTION COOKTOP WHI955BD,EACH,WHI955BD,WHI955BD,cooktops,cooktops,brand-model:westinghouse:whi955bd,westinghouse::whi955bd,component,component,product:appliances:appliance-packs:westinghouse:1317,pack:appliances:westinghouse:westinghouse-pack-600mm-gas-cooktop-pack-oven-gas-cooktop-slideout-rangehood-dishwasher,product:appliances:cooktops:westinghouse:whi955bd,product:appliances:cooktops:westinghouse:whi955bd,1799,1799,none,No change required.,
1322,Westinghouse,- WESTINGHOUSE 90CM SLIDEOUT RANGEHOOD WRI930SB,EACH,WRI930SB,WRI930SB,rangehoods,rangehoods,brand-model:westinghouse:wri930sb,westinghouse::wri930sb,component,component,product:appliances:appliance-packs:westinghouse:1317,pack:appliances:westinghouse:westinghouse-pack-600mm-gas-cooktop-pack-oven-gas-cooktop-slideout-rangehood-dishwasher,product:appliances:rangehoods:westinghouse:wri930sb,product:appliances:rangehoods:westinghouse:wri930sb,599,599,none,No change required.,
1323,Westinghouse,- WESTINGHOUSE 60CM FREESTANDING DISHWASHER WSF6606X,EACH,WSF6606X,WSF6606X,dishwashers,dishwashers,brand-model:westinghouse:wsf6606x,westinghouse::wsf6606x,component,component,product:appliances:appliance-packs:westinghouse:1317,pack:appliances:westinghouse:westinghouse-pack-600mm-gas-cooktop-pack-oven-gas-cooktop-slideout-rangehood-dishwasher,product:appliances:dishwashers:westinghouse:wsf6606x,product:appliances:dishwashers:westinghouse:wsf6606x,799,799,none,No change required.,
1324,Westinghouse,WESTINGHOUSE PACK - 900MM BUILT-IN ELECTRIC COOKTOP PACK - 900 OVEN / ELECTRIC COOKTOP / 900 SLIDEOUT RANGEHOOD / DISHWASHER,PACK,,,appliance-packs,appliance-packs,pack:pack:appliances:westinghouse:westinghouse-pack-900mm-built-in-electric-cooktop-pack-900-oven-electric-cooktop-900-slideout-rangehood-dishwasher,pack:pack:appliances:westinghouse:westinghouse-pack-900mm-built-in-electric-cooktop-pack-900-oven-electric-cooktop-900-slideout-rangehood-dishwasher,pack,pack,product:appliances:appliance-packs:westinghouse:1324,pack:appliances:westinghouse:westinghouse-pack-900mm-built-in-electric-cooktop-pack-900-oven-electric-cooktop-900-slideout-rangehood-dishwasher,,,5196,5196,none,No change required.,dimension token present; not a model ID
1325,Westinghouse,- WESTINGHOUSE 90CM ELECTRIC OVEN WVE916SC,EACH,WVE916SC,WVE916SC,ovens,ovens,brand-model:westinghouse:wve916sc,westinghouse::wve916sc,component,component,product:appliances:appliance-packs:westinghouse:1324,pack:appliances:westinghouse:westinghouse-pack-900mm-built-in-electric-cooktop-pack-900-oven-electric-cooktop-900-slideout-rangehood-dishwasher,product:appliances:ovens:westinghouse:wve916sc,product:appliances:ovens:westinghouse:wve916sc,1999,1999,none,No change required.,
1326,Westinghouse,- WESTINGHOUSE 90CM GAS COOKTOP WHG958SC,EACH,WHG958SC,WHG958SC,cooktops,cooktops,brand-model:westinghouse:whg958sc,westinghouse::whg958sc,component,component,product:appliances:appliance-packs:westinghouse:1324,pack:appliances:westinghouse:westinghouse-pack-900mm-built-in-electric-cooktop-pack-900-oven-electric-cooktop-900-slideout-rangehood-dishwasher,product:appliances:cooktops:westinghouse:whg958sc,product:appliances:cooktops:westinghouse:whg958sc,1099,1099,none,No change required.,
1327,Westinghouse,- WESTINGHOUSE 90CM SLIDEOUT RANGEHOOD WRI930SB,EACH,WRI930SB,WRI930SB,rangehoods,rangehoods,brand-model:westinghouse:wri930sb,westinghouse::wri930sb,component,component,product:appliances:appliance-packs:westinghouse:1324,pack:appliances:westinghouse:westinghouse-pack-900mm-built-in-electric-cooktop-pack-900-oven-electric-cooktop-900-slideout-rangehood-dishwasher,product:appliances:rangehoods:westinghouse:wri930sb,product:appliances:rangehoods:westinghouse:wri930sb,599,599,none,No change required.,
1328,Westinghouse,- WESTINGHOUSE 60CM FREESTANDING DISHWASHER WSF6606X,EACH,WSF6606X,WSF6606X,dishwashers,dishwashers,brand-model:westinghouse:wsf6606x,westinghouse::wsf6606x,component,component,product:appliances:appliance-packs:westinghouse:1324,pack:appliances:westinghouse:westinghouse-pack-900mm-built-in-electric-cooktop-pack-900-oven-electric-cooktop-900-slideout-rangehood-dishwasher,product:appliances:dishwashers:westinghouse:wsf6606x,product:appliances:dishwashers:westinghouse:wsf6606x,799,799,none,No change required.,
1329,Westinghouse,WESTINGHOUSE PACK - 900MM BUILT-IN GAS COOKTOP PACK - 900 OVEN / GAS COOKTOP / 900 SLIDEOUT RANGEHOOD / DISHWASHER,PACK,,,appliance-packs,appliance-packs,pack:pack:appliances:westinghouse:westinghouse-pack-900mm-built-in-gas-cooktop-pack-900-oven-gas-cooktop-900-slideout-rangehood-dishwasher,pack:pack:appliances:westinghouse:westinghouse-pack-900mm-built-in-gas-cooktop-pack-900-oven-gas-cooktop-900-slideout-rangehood-dishwasher,pack,pack,product:appliances:appliance-packs:westinghouse:1329,pack:appliances:westinghouse:westinghouse-pack-900mm-built-in-gas-cooktop-pack-900-oven-gas-cooktop-900-slideout-rangehood-dishwasher,,,4496,4496,none,No change required.,dimension token present; not a model ID
1330,Westinghouse,- WESTINGHOUSE 90CM DUAL FUEL FREESTANDING COOKER WFE9515SD,EACH,WFE9515SD,WFE9515SD,freestanding-cookers,freestanding-cookers,brand-model:westinghouse:wfe9515sd,westinghouse::wfe9515sd,component,component,product:appliances:appliance-packs:westinghouse:1329,pack:appliances:westinghouse:westinghouse-pack-900mm-built-in-gas-cooktop-pack-900-oven-gas-cooktop-900-slideout-rangehood-dishwasher,product:appliances:freestanding-cookers:westinghouse:wfe9515sd,product:appliances:freestanding-cookers:westinghouse:wfe9515sd,1444,1444,none,No change required.,
1331,Westinghouse,- WESTINGHOUSE 90CM CANOPY RANGEHOOD WRC914SD,EACH,WRC914SD,WRC914SD,rangehoods,rangehoods,brand-model:westinghouse:wrc914sd,westinghouse::wrc914sd,component,component,product:appliances:appliance-packs:westinghouse:1329,pack:appliances:westinghouse:westinghouse-pack-900mm-built-in-gas-cooktop-pack-900-oven-gas-cooktop-900-slideout-rangehood-dishwasher,product:appliances:rangehoods:westinghouse:wrc914sd,product:appliances:rangehoods:westinghouse:wrc914sd,599,599,none,No change required.,
1332,Westinghouse,- WESTINGHOUSE 60CM FREESTANDING DISHWASHER WSF6606X,EACH,WSF6606X,WSF6606X,dishwashers,dishwashers,brand-model:westinghouse:wsf6606x,westinghouse::wsf6606x,component,component,product:appliances:appliance-packs:westinghouse:1329,pack:appliances:westinghouse:westinghouse-pack-900mm-built-in-gas-cooktop-pack-900-oven-gas-cooktop-900-slideout-rangehood-dishwasher,product:appliances:dishwashers:westinghouse:wsf6606x,product:appliances:dishwashers:westinghouse:wsf6606x,799,799,none,No change required.,
1333,Westinghouse,WESTINGHOUSE PACK - 900MM UPRIGHT COOKER CANOPY PACK - UPRIGHT COOKER / 900 CANOPY RANGEHOOD / DISHWASHER,PACK,,,appliance-packs,appliance-packs,pack:pack:appliances:westinghouse:westinghouse-pack-900mm-upright-cooker-canopy-pack-upright-cooker-900-canopy-rangehood-dishwasher,pack:pack:appliances:westinghouse:westinghouse-pack-900mm-upright-cooker-canopy-pack-upright-cooker-900-canopy-rangehood-dishwasher,pack,pack,product:appliances:appliance-packs:westinghouse:1333,pack:appliances:westinghouse:westinghouse-pack-900mm-upright-cooker-canopy-pack-upright-cooker-900-canopy-rangehood-dishwasher,,,2842,2842,none,No change required.,dimension token present; not a model ID
1334,Westinghouse,- WESTINGHOUSE 90CM DUAL FUEL FREESTANDING COOKER WFE9515SD,EACH,WFE9515SD,WFE9515SD,freestanding-cookers,freestanding-cookers,brand-model:westinghouse:wfe9515sd,westinghouse::wfe9515sd,component,component,product:appliances:appliance-packs:westinghouse:1333,pack:appliances:westinghouse:westinghouse-pack-900mm-upright-cooker-canopy-pack-upright-cooker-900-canopy-rangehood-dishwasher,product:appliances:freestanding-cookers:westinghouse:wfe9515sd,product:appliances:freestanding-cookers:westinghouse:wfe9515sd,1444,1444,none,No change required.,
1335,Westinghouse,- WESTINGHOUSE 90CM FIXED RANGEHOOD WRF910WA,EACH,WRF910WA,WRF910WA,rangehoods,rangehoods,brand-model:westinghouse:wrf910wa,westinghouse::wrf910wa,component,component,product:appliances:appliance-packs:westinghouse:1333,pack:appliances:westinghouse:westinghouse-pack-900mm-upright-cooker-canopy-pack-upright-cooker-900-canopy-rangehood-dishwasher,product:appliances:rangehoods:westinghouse:wrf910wa,product:appliances:rangehoods:westinghouse:wrf910wa,298,298,none,No change required.,
1336,Westinghouse,- WESTINGHOUSE 60CM FREESTANDING DISHWASHER WSF6606X,EACH,WSF6606X,WSF6606X,dishwashers,dishwashers,brand-model:westinghouse:wsf6606x,westinghouse::wsf6606x,component,component,product:appliances:appliance-packs:westinghouse:1333,pack:appliances:westinghouse:westinghouse-pack-900mm-upright-cooker-canopy-pack-upright-cooker-900-canopy-rangehood-dishwasher,product:appliances:dishwashers:westinghouse:wsf6606x,product:appliances:dishwashers:westinghouse:wsf6606x,799,799,none,No change required.,
1337,Westinghouse,WESTINGHOUSE PACK - 900MM UPRIGHT COOKER UNDER CUPBOARD PACK - UPRIGHT COOKER / 900 UNDER CUPBOARD RANGEHOOD / DISHWASHER,PACK,,,appliance-packs,appliance-packs,pack:pack:appliances:westinghouse:westinghouse-pack-900mm-upright-cooker-under-cupboard-pack-upright-cooker-900-under-cupboard-rangehood-dishwasher,pack:pack:appliances:westinghouse:westinghouse-pack-900mm-upright-cooker-under-cupboard-pack-upright-cooker-900-under-cupboard-rangehood-dishwasher,pack,pack,product:appliances:appliance-packs:westinghouse:1337,pack:appliances:westinghouse:westinghouse-pack-900mm-upright-cooker-under-cupboard-pack-upright-cooker-900-under-cupboard-rangehood-dishwasher,,,2541,2541,none,No change required.,dimension token present; not a model ID
1338,Westinghouse,WESTINGHOUSE 900MM CANOPY RANGEHOOD OPTION - WESTINGHOUSE 90CM CANOPY RANGEHOOD WRC914SD,EACH,OPTION - WESTINGHOUSE 90CM CANOPY RANGEHOOD WRC914SD,WRC914SD,rangehoods,rangehoods,brand-model:westinghouse:option-westinghouse-90cm-canopy-rangehood-wrc914sd,westinghouse::wrc914sd,component,component,product:appliances:appliance-packs:westinghouse:1337,pack:appliances:westinghouse:westinghouse-pack-900mm-upright-cooker-under-cupboard-pack-upright-cooker-900-under-cupboard-rangehood-dishwasher,product:appliances:rangehoods:westinghouse:option-westinghouse-90cm-canopy-rangehood-wrc914sd,product:appliances:rangehoods:westinghouse:wrc914sd,599,599,model-extraction|product-identity,"Use canonical model extraction: strip option prefix, preserve hyphenated and multi-token model numbers, reject dimensions.",source row is an option label containing a physical model after OPTION -; dimension token present; not a model ID; models differ: OPTION - WESTINGHOUSE 90CM CANOPY RANGEHOOD WRC914SD vs WRC914SD; product IDs differ under old versus canonical identity
1339,Westinghouse,WESTINGHOUSE 900MM UNDER CUPBOARD RANGEHOOD OPTION - WESTINGHOUSE 90CM FIXED RANGEHOOD WRF910WA,EACH,OPTION - WESTINGHOUSE 90CM FIXED RANGEHOOD WRF910WA,WRF910WA,rangehoods,rangehoods,brand-model:westinghouse:option-westinghouse-90cm-fixed-rangehood-wrf910wa,westinghouse::wrf910wa,component,component,product:appliances:appliance-packs:westinghouse:1337,pack:appliances:westinghouse:westinghouse-pack-900mm-upright-cooker-under-cupboard-pack-upright-cooker-900-under-cupboard-rangehood-dishwasher,product:appliances:rangehoods:westinghouse:option-westinghouse-90cm-fixed-rangehood-wrf910wa,product:appliances:rangehoods:westinghouse:wrf910wa,298,298,model-extraction|product-identity,"Use canonical model extraction: strip option prefix, preserve hyphenated and multi-token model numbers, reject dimensions.",source row is an option label containing a physical model after OPTION -; dimension token present; not a model ID; models differ: OPTION - WESTINGHOUSE 90CM FIXED RANGEHOOD WRF910WA vs WRF910WA; product IDs differ under old versus canonical identity
1340,Westinghouse,WESTINGHOUSE DISHWASHER OPTION - WESTINGHOUSE 60CM FREESTANDING DISHWASHER WSF6606X,EACH,OPTION - WESTINGHOUSE 60CM FREESTANDING DISHWASHER WSF6606X,WSF6606X,dishwashers,dishwashers,brand-model:westinghouse:option-westinghouse-60cm-freestanding-dishwasher-wsf6606x,westinghouse::wsf6606x,component,component,product:appliances:appliance-packs:westinghouse:1337,pack:appliances:westinghouse:westinghouse-pack-900mm-upright-cooker-under-cupboard-pack-upright-cooker-900-under-cupboard-rangehood-dishwasher,product:appliances:dishwashers:westinghouse:option-westinghouse-60cm-freestanding-dishwasher-wsf6606x,product:appliances:dishwashers:westinghouse:wsf6606x,799,799,model-extraction|product-identity,"Use canonical model extraction: strip option prefix, preserve hyphenated and multi-token model numbers, reject dimensions.",source row is an option label containing a physical model after OPTION -; models differ: OPTION - WESTINGHOUSE 60CM FREESTANDING DISHWASHER WSF6606X vs WSF6606X; product IDs differ under old versus canonical identity
1341,Smeg,- SMEG 60CM CLASSIC ELECTRIC OVEN SF64M3TVX,EACH,SF64M3TVX,SF64M3TVX,ovens,ovens,brand-model:smeg:sf64m3tvx,smeg::sf64m3tvx,component,component,product:appliances:appliance-packs:smeg:1345,pack:appliances:smeg:smeg-pack-600mm-electric-cooktop-pack-oven-electric-cooktop-slideout-rangehood-dishwasher,product:appliances:ovens:smeg:sf64m3tvx,product:appliances:ovens:smeg:sf64m3tvx,1299,1299,none,No change required.,
1342,Smeg,- SMEG 60CM INDUCTION COOKTOP SI2641D,EACH,SI2641D,SI2641D,cooktops,cooktops,brand-model:smeg:si2641d,smeg::si2641d,component,component,product:appliances:appliance-packs:smeg:1345,pack:appliances:smeg:smeg-pack-600mm-electric-cooktop-pack-oven-electric-cooktop-slideout-rangehood-dishwasher,product:appliances:cooktops:smeg:si2641d,product:appliances:cooktops:smeg:si2641d,1299,1299,none,No change required.,
1343,Smeg,- SMEG 60CM SLIDEOUT RANGEHOOD STH600X,EACH,STH600X,STH600X,rangehoods,rangehoods,brand-model:smeg:sth600x,smeg::sth600x,component,component,product:appliances:appliance-packs:smeg:1345,pack:appliances:smeg:smeg-pack-600mm-electric-cooktop-pack-oven-electric-cooktop-slideout-rangehood-dishwasher,product:appliances:rangehoods:smeg:sth600x,product:appliances:rangehoods:smeg:sth600x,899,899,none,No change required.,
1344,Smeg,- SMEG 60CM FREESTANDING DISHWASHER DWAU6315X3,EACH,DWAU6315X3,DWAU6315X3,dishwashers,dishwashers,brand-model:smeg:dwau6315x3,smeg::dwau6315x3,component,component,product:appliances:appliance-packs:smeg:1345,pack:appliances:smeg:smeg-pack-600mm-electric-cooktop-pack-oven-electric-cooktop-slideout-rangehood-dishwasher,product:appliances:dishwashers:smeg:dwau6315x3,product:appliances:dishwashers:smeg:dwau6315x3,1599,1599,none,No change required.,
1345,Smeg,SMEG PACK - 600MM ELECTRIC COOKTOP PACK - OVEN / ELECTRIC COOKTOP / SLIDEOUT RANGEHOOD / DISHWASHER,PACK,,,appliance-packs,appliance-packs,pack:pack:appliances:smeg:smeg-pack-600mm-electric-cooktop-pack-oven-electric-cooktop-slideout-rangehood-dishwasher,pack:pack:appliances:smeg:smeg-pack-600mm-electric-cooktop-pack-oven-electric-cooktop-slideout-rangehood-dishwasher,pack,pack,product:appliances:appliance-packs:smeg:1345,pack:appliances:smeg:smeg-pack-600mm-electric-cooktop-pack-oven-electric-cooktop-slideout-rangehood-dishwasher,,,5096,5096,none,No change required.,dimension token present; not a model ID
1346,Smeg,- SMEG 60CM CLASSIC ELECTRIC OVEN SF64M3TVX,EACH,SF64M3TVX,SF64M3TVX,ovens,ovens,brand-model:smeg:sf64m3tvx,smeg::sf64m3tvx,component,component,product:appliances:appliance-packs:smeg:1345,pack:appliances:smeg:smeg-pack-600mm-electric-cooktop-pack-oven-electric-cooktop-slideout-rangehood-dishwasher,product:appliances:ovens:smeg:sf64m3tvx,product:appliances:ovens:smeg:sf64m3tvx,1299,1299,none,No change required.,
1347,Smeg,- SMEG 60CM GAS COOKTOP PGA64,EACH,PGA64,PGA64,cooktops,cooktops,brand-model:smeg:pga64,smeg::pga64,component,component,product:appliances:appliance-packs:smeg:1345,pack:appliances:smeg:smeg-pack-600mm-electric-cooktop-pack-oven-electric-cooktop-slideout-rangehood-dishwasher,product:appliances:cooktops:smeg:pga64,product:appliances:cooktops:smeg:pga64,1199,1199,none,No change required.,
1348,Smeg,- SMEG 60CM SLIDEOUT RANGEHOOD STH600X,EACH,STH600X,STH600X,rangehoods,rangehoods,brand-model:smeg:sth600x,smeg::sth600x,component,component,product:appliances:appliance-packs:smeg:1345,pack:appliances:smeg:smeg-pack-600mm-electric-cooktop-pack-oven-electric-cooktop-slideout-rangehood-dishwasher,product:appliances:rangehoods:smeg:sth600x,product:appliances:rangehoods:smeg:sth600x,899,899,none,No change required.,
1349,Smeg,- SMEG 60CM FREESTANDING DISHWASHER DWAU6315X3,EACH,DWAU6315X3,DWAU6315X3,dishwashers,dishwashers,brand-model:smeg:dwau6315x3,smeg::dwau6315x3,component,component,product:appliances:appliance-packs:smeg:1345,pack:appliances:smeg:smeg-pack-600mm-electric-cooktop-pack-oven-electric-cooktop-slideout-rangehood-dishwasher,product:appliances:dishwashers:smeg:dwau6315x3,product:appliances:dishwashers:smeg:dwau6315x3,1599,1599,none,No change required.,
1350,Smeg,SMEG PACK - 600MM GAS COOKTOP PACK - OVEN / GAS COOKTOP / SLIDEOUT RANGEHOOD / DISHWASHER,PACK,,,appliance-packs,appliance-packs,pack:pack:appliances:smeg:smeg-pack-600mm-gas-cooktop-pack-oven-gas-cooktop-slideout-rangehood-dishwasher,pack:pack:appliances:smeg:smeg-pack-600mm-gas-cooktop-pack-oven-gas-cooktop-slideout-rangehood-dishwasher,pack,pack,product:appliances:appliance-packs:smeg:1350,pack:appliances:smeg:smeg-pack-600mm-gas-cooktop-pack-oven-gas-cooktop-slideout-rangehood-dishwasher,,,4996,4996,none,No change required.,dimension token present; not a model ID
1351,Smeg,SMEG 600MM CANOPY RANGEHOOD OPTION - SMEG 60CM WALLMOUNT CANOPY RANGEHOOD SHW610X1,EACH,OPTION - SMEG 60CM WALLMOUNT CANOPY RANGEHOOD SHW610X1,SHW610X1,rangehoods,rangehoods,brand-model:smeg:option-smeg-60cm-wallmount-canopy-rangehood-shw610x1,smeg::shw610x1,component,component,product:appliances:appliance-packs:smeg:1350,pack:appliances:smeg:smeg-pack-600mm-gas-cooktop-pack-oven-gas-cooktop-slideout-rangehood-dishwasher,product:appliances:rangehoods:smeg:option-smeg-60cm-wallmount-canopy-rangehood-shw610x1,product:appliances:rangehoods:smeg:shw610x1,788,788,model-extraction|product-identity,"Use canonical model extraction: strip option prefix, preserve hyphenated and multi-token model numbers, reject dimensions.",source row is an option label containing a physical model after OPTION -; dimension token present; not a model ID; models differ: OPTION - SMEG 60CM WALLMOUNT CANOPY RANGEHOOD SHW610X1 vs SHW610X1; product IDs differ under old versus canonical identity
1352,Smeg,SMEG 600MM UNDER CUPBOARD RANGEHOOD OPTION - SMEG 60CM UNDERMOUNT RANGEHOOD PUM601X,EACH,OPTION - SMEG 60CM UNDERMOUNT RANGEHOOD PUM601X,PUM601X,rangehoods,rangehoods,brand-model:smeg:option-smeg-60cm-undermount-rangehood-pum601x,smeg::pum601x,component,component,product:appliances:appliance-packs:smeg:1350,pack:appliances:smeg:smeg-pack-600mm-gas-cooktop-pack-oven-gas-cooktop-slideout-rangehood-dishwasher,product:appliances:rangehoods:smeg:option-smeg-60cm-undermount-rangehood-pum601x,product:appliances:rangehoods:smeg:pum601x,999,999,model-extraction|product-identity,"Use canonical model extraction: strip option prefix, preserve hyphenated and multi-token model numbers, reject dimensions.",source row is an option label containing a physical model after OPTION -; dimension token present; not a model ID; models differ: OPTION - SMEG 60CM UNDERMOUNT RANGEHOOD PUM601X vs PUM601X; product IDs differ under old versus canonical identity
1353,Smeg,- SMEG 90CM CLASSIC THERMOSEAL OVEN SFPA9395X1,EACH,SFPA9395X1,SFPA9395X1,ovens,ovens,brand-model:smeg:sfpa9395x1,smeg::sfpa9395x1,component,component,product:appliances:appliance-packs:smeg:1350,pack:appliances:smeg:smeg-pack-600mm-gas-cooktop-pack-oven-gas-cooktop-slideout-rangehood-dishwasher,product:appliances:ovens:smeg:sfpa9395x1,product:appliances:ovens:smeg:sfpa9395x1,3999,3999,none,No change required.,
1354,Smeg,- SMEG 90CM INDUCTION COOKTOP SAI4954D,EACH,SAI4954D,SAI4954D,cooktops,cooktops,brand-model:smeg:sai4954d,smeg::sai4954d,component,component,product:appliances:appliance-packs:smeg:1350,pack:appliances:smeg:smeg-pack-600mm-gas-cooktop-pack-oven-gas-cooktop-slideout-rangehood-dishwasher,product:appliances:cooktops:smeg:sai4954d,product:appliances:cooktops:smeg:sai4954d,3299,3299,none,No change required.,
1355,Smeg,- SMEG 90CM SLIDEOUT RANGEHOOD STH900X,EACH,STH900X,STH900X,rangehoods,rangehoods,brand-model:smeg:sth900x,smeg::sth900x,component,component,product:appliances:appliance-packs:smeg:1350,pack:appliances:smeg:smeg-pack-600mm-gas-cooktop-pack-oven-gas-cooktop-slideout-rangehood-dishwasher,product:appliances:rangehoods:smeg:sth900x,product:appliances:rangehoods:smeg:sth900x,1199,1199,none,No change required.,
1356,Smeg,- SMEG 60CM FREESTANDING DISHWASHER DWAU6315X3,EACH,DWAU6315X3,DWAU6315X3,dishwashers,dishwashers,brand-model:smeg:dwau6315x3,smeg::dwau6315x3,component,component,product:appliances:appliance-packs:smeg:1350,pack:appliances:smeg:smeg-pack-600mm-gas-cooktop-pack-oven-gas-cooktop-slideout-rangehood-dishwasher,product:appliances:dishwashers:smeg:dwau6315x3,product:appliances:dishwashers:smeg:dwau6315x3,1599,1599,none,No change required.,
1357,Smeg,SMEG PACK - 900MM BUILT-IN ELECTRIC COOKTOP PACK - 900 OVEN / ELECTRIC COOKTOP / 900 SLIDEOUT RANGEHOOD / DISHWASHER,PACK,,,appliance-packs,appliance-packs,pack:pack:appliances:smeg:smeg-pack-900mm-built-in-electric-cooktop-pack-900-oven-electric-cooktop-900-slideout-rangehood-dishwasher,pack:pack:appliances:smeg:smeg-pack-900mm-built-in-electric-cooktop-pack-900-oven-electric-cooktop-900-slideout-rangehood-dishwasher,pack,pack,product:appliances:appliance-packs:smeg:1357,pack:appliances:smeg:smeg-pack-900mm-built-in-electric-cooktop-pack-900-oven-electric-cooktop-900-slideout-rangehood-dishwasher,,,10096,10096,none,No change required.,dimension token present; not a model ID
1358,Smeg,- SMEG 90CM CLASSIC THERMOSEAL OVEN SFPA9395X1,EACH,SFPA9395X1,SFPA9395X1,ovens,ovens,brand-model:smeg:sfpa9395x1,smeg::sfpa9395x1,component,component,product:appliances:appliance-packs:smeg:1357,pack:appliances:smeg:smeg-pack-900mm-built-in-electric-cooktop-pack-900-oven-electric-cooktop-900-slideout-rangehood-dishwasher,product:appliances:ovens:smeg:sfpa9395x1,product:appliances:ovens:smeg:sfpa9395x1,3999,3999,none,No change required.,
1359,Smeg,- SMEG 90CM GAS COOKTOP PGA95,EACH,PGA95,PGA95,cooktops,cooktops,brand-model:smeg:pga95,smeg::pga95,component,component,product:appliances:appliance-packs:smeg:1357,pack:appliances:smeg:smeg-pack-900mm-built-in-electric-cooktop-pack-900-oven-electric-cooktop-900-slideout-rangehood-dishwasher,product:appliances:cooktops:smeg:pga95,product:appliances:cooktops:smeg:pga95,1999,1999,none,No change required.,
1360,Smeg,- SMEG 90CM SLIDEOUT RANGEHOOD STH900X,EACH,STH900X,STH900X,rangehoods,rangehoods,brand-model:smeg:sth900x,smeg::sth900x,component,component,product:appliances:appliance-packs:smeg:1357,pack:appliances:smeg:smeg-pack-900mm-built-in-electric-cooktop-pack-900-oven-electric-cooktop-900-slideout-rangehood-dishwasher,product:appliances:rangehoods:smeg:sth900x,product:appliances:rangehoods:smeg:sth900x,1199,1199,none,No change required.,
1361,Smeg,- SMEG 60CM FREESTANDING DISHWASHER DWAU6315X3,EACH,DWAU6315X3,DWAU6315X3,dishwashers,dishwashers,brand-model:smeg:dwau6315x3,smeg::dwau6315x3,component,component,product:appliances:appliance-packs:smeg:1357,pack:appliances:smeg:smeg-pack-900mm-built-in-electric-cooktop-pack-900-oven-electric-cooktop-900-slideout-rangehood-dishwasher,product:appliances:dishwashers:smeg:dwau6315x3,product:appliances:dishwashers:smeg:dwau6315x3,1599,1599,none,No change required.,
1362,Smeg,SMEG PACK - 900MM BUILT-IN GAS COOKTOP PACK - 900 OVEN / GAS COOKTOP / 900 SLIDEOUT RANGEHOOD / DISHWASHER,PACK,,,appliance-packs,appliance-packs,pack:pack:appliances:smeg:smeg-pack-900mm-built-in-gas-cooktop-pack-900-oven-gas-cooktop-900-slideout-rangehood-dishwasher,pack:pack:appliances:smeg:smeg-pack-900mm-built-in-gas-cooktop-pack-900-oven-gas-cooktop-900-slideout-rangehood-dishwasher,pack,pack,product:appliances:appliance-packs:smeg:1362,pack:appliances:smeg:smeg-pack-900mm-built-in-gas-cooktop-pack-900-oven-gas-cooktop-900-slideout-rangehood-dishwasher,,,8796,8796,none,No change required.,dimension token present; not a model ID
1363,Smeg,- SMEG 90CM DUAL FUEL FREESTANDING COOKER FS9606AS-1,EACH,FS9606AS-1,FS9606AS-1,freestanding-cookers,freestanding-cookers,brand-model:smeg:fs9606as-1,smeg::fs9606as-1,component,component,product:appliances:appliance-packs:smeg:1362,pack:appliances:smeg:smeg-pack-900mm-built-in-gas-cooktop-pack-900-oven-gas-cooktop-900-slideout-rangehood-dishwasher,product:appliances:freestanding-cookers:smeg:fs9606as-1,product:appliances:freestanding-cookers:smeg:fs9606as-1,2690,2690,none,No change required.,
1364,Smeg,- SMEG 90CM CANOPY RANGEHOOD SHW910X2,EACH,SHW910X2,SHW910X2,rangehoods,rangehoods,brand-model:smeg:shw910x2,smeg::shw910x2,component,component,product:appliances:appliance-packs:smeg:1362,pack:appliances:smeg:smeg-pack-900mm-built-in-gas-cooktop-pack-900-oven-gas-cooktop-900-slideout-rangehood-dishwasher,product:appliances:rangehoods:smeg:shw910x2,product:appliances:rangehoods:smeg:shw910x2,1750,1750,none,No change required.,
1365,Smeg,- SMEG 60CM FREESTANDING DISHWASHER DWAU6315X3,EACH,DWAU6315X3,DWAU6315X3,dishwashers,dishwashers,brand-model:smeg:dwau6315x3,smeg::dwau6315x3,component,component,product:appliances:appliance-packs:smeg:1362,pack:appliances:smeg:smeg-pack-900mm-built-in-gas-cooktop-pack-900-oven-gas-cooktop-900-slideout-rangehood-dishwasher,product:appliances:dishwashers:smeg:dwau6315x3,product:appliances:dishwashers:smeg:dwau6315x3,1599,1599,none,No change required.,
1366,Smeg,SMEG PACK - 900MM UPRIGHT COOKER CANOPY PACK - UPRIGHT COOKER / 900 CANOPY RANGEHOOD / DISHWASHER,PACK,,,appliance-packs,appliance-packs,pack:pack:appliances:smeg:smeg-pack-900mm-upright-cooker-canopy-pack-upright-cooker-900-canopy-rangehood-dishwasher,pack:pack:appliances:smeg:smeg-pack-900mm-upright-cooker-canopy-pack-upright-cooker-900-canopy-rangehood-dishwasher,pack,pack,product:appliances:appliance-packs:smeg:1366,pack:appliances:smeg:smeg-pack-900mm-upright-cooker-canopy-pack-upright-cooker-900-canopy-rangehood-dishwasher,,,6039,6039,none,No change required.,dimension token present; not a model ID
1367,Smeg,- SMEG 90CM DUAL FUEL FREESTANDING COOKER FS9606AS-1,EACH,FS9606AS-1,FS9606AS-1,freestanding-cookers,freestanding-cookers,brand-model:smeg:fs9606as-1,smeg::fs9606as-1,component,component,product:appliances:appliance-packs:smeg:1366,pack:appliances:smeg:smeg-pack-900mm-upright-cooker-canopy-pack-upright-cooker-900-canopy-rangehood-dishwasher,product:appliances:freestanding-cookers:smeg:fs9606as-1,product:appliances:freestanding-cookers:smeg:fs9606as-1,2690,2690,none,No change required.,
1368,Smeg,- SMEG 90CM UNDERMOUNT RANGEHOOD PUM901X,EACH,PUM901X,PUM901X,rangehoods,rangehoods,brand-model:smeg:pum901x,smeg::pum901x,component,component,product:appliances:appliance-packs:smeg:1366,pack:appliances:smeg:smeg-pack-900mm-upright-cooker-canopy-pack-upright-cooker-900-canopy-rangehood-dishwasher,product:appliances:rangehoods:smeg:pum901x,product:appliances:rangehoods:smeg:pum901x,1499,1499,none,No change required.,
1369,Smeg,- SMEG 60CM FREESTANDING DISHWASHER DWAU6315X3,EACH,DWAU6315X3,DWAU6315X3,dishwashers,dishwashers,brand-model:smeg:dwau6315x3,smeg::dwau6315x3,component,component,product:appliances:appliance-packs:smeg:1366,pack:appliances:smeg:smeg-pack-900mm-upright-cooker-canopy-pack-upright-cooker-900-canopy-rangehood-dishwasher,product:appliances:dishwashers:smeg:dwau6315x3,product:appliances:dishwashers:smeg:dwau6315x3,1599,1599,none,No change required.,
1370,Smeg,SMEG PACK - 900MM UPRIGHT COOKER UNDER CUPBOARD PACK - UPRIGHT COOKER / 900 UNDER CUPBOARD RANGEHOOD / DISHWASHER,PACK,,,appliance-packs,appliance-packs,pack:pack:appliances:smeg:smeg-pack-900mm-upright-cooker-under-cupboard-pack-upright-cooker-900-under-cupboard-rangehood-dishwasher,pack:pack:appliances:smeg:smeg-pack-900mm-upright-cooker-under-cupboard-pack-upright-cooker-900-under-cupboard-rangehood-dishwasher,pack,pack,product:appliances:appliance-packs:smeg:1370,pack:appliances:smeg:smeg-pack-900mm-upright-cooker-under-cupboard-pack-upright-cooker-900-under-cupboard-rangehood-dishwasher,,,5788,5788,none,No change required.,dimension token present; not a model ID
1371,Smeg,SMEG 900MM CANOPY RANGEHOOD OPTION - SMEG 90CM CANOPY RANGEHOOD SHW910X2,EACH,OPTION - SMEG 90CM CANOPY RANGEHOOD SHW910X2,SHW910X2,rangehoods,rangehoods,brand-model:smeg:option-smeg-90cm-canopy-rangehood-shw910x2,smeg::shw910x2,component,component,product:appliances:appliance-packs:smeg:1370,pack:appliances:smeg:smeg-pack-900mm-upright-cooker-under-cupboard-pack-upright-cooker-900-under-cupboard-rangehood-dishwasher,product:appliances:rangehoods:smeg:option-smeg-90cm-canopy-rangehood-shw910x2,product:appliances:rangehoods:smeg:shw910x2,1750,1750,model-extraction|product-identity,"Use canonical model extraction: strip option prefix, preserve hyphenated and multi-token model numbers, reject dimensions.",source row is an option label containing a physical model after OPTION -; dimension token present; not a model ID; models differ: OPTION - SMEG 90CM CANOPY RANGEHOOD SHW910X2 vs SHW910X2; product IDs differ under old versus canonical identity
1372,Smeg,SMEG 900MM UNDER CUPBOARD RANGEHOOD OPTION - SMEG 90CM UNDERMOUNT RANGEHOOD PUM901X,EACH,OPTION - SMEG 90CM UNDERMOUNT RANGEHOOD PUM901X,PUM901X,rangehoods,rangehoods,brand-model:smeg:option-smeg-90cm-undermount-rangehood-pum901x,smeg::pum901x,component,component,product:appliances:appliance-packs:smeg:1370,pack:appliances:smeg:smeg-pack-900mm-upright-cooker-under-cupboard-pack-upright-cooker-900-under-cupboard-rangehood-dishwasher,product:appliances:rangehoods:smeg:option-smeg-90cm-undermount-rangehood-pum901x,product:appliances:rangehoods:smeg:pum901x,1499,1499,model-extraction|product-identity,"Use canonical model extraction: strip option prefix, preserve hyphenated and multi-token model numbers, reject dimensions.",source row is an option label containing a physical model after OPTION -; dimension token present; not a model ID; models differ: OPTION - SMEG 90CM UNDERMOUNT RANGEHOOD PUM901X vs PUM901X; product IDs differ under old versus canonical identity
1373,Smeg,SMEG DISHWASHER OPTION - SMEG 60CM FREESTANDING DISHWASHER DWAU6315X3,EACH,OPTION - SMEG 60CM FREESTANDING DISHWASHER DWAU6315X3,DWAU6315X3,dishwashers,dishwashers,brand-model:smeg:option-smeg-60cm-freestanding-dishwasher-dwau6315x3,smeg::dwau6315x3,component,component,product:appliances:appliance-packs:smeg:1370,pack:appliances:smeg:smeg-pack-900mm-upright-cooker-under-cupboard-pack-upright-cooker-900-under-cupboard-rangehood-dishwasher,product:appliances:dishwashers:smeg:option-smeg-60cm-freestanding-dishwasher-dwau6315x3,product:appliances:dishwashers:smeg:dwau6315x3,1599,1599,model-extraction|product-identity,"Use canonical model extraction: strip option prefix, preserve hyphenated and multi-token model numbers, reject dimensions.",source row is an option label containing a physical model after OPTION -; models differ: OPTION - SMEG 60CM FREESTANDING DISHWASHER DWAU6315X3 vs DWAU6315X3; product IDs differ under old versus canonical identity
