category,product_type,code,height_mm,width_mm,size_description,glass_type,glass_price_ex_gst,flyscreen_type,flyscreen_price_ex_gst,security_screen_type,security_screen_price_ex_gst,source,price_status,estimated_base_price_ex_gst,estimated_standard_glass_ex_gst,estimated_flyscreen_ex_gst,estimated_security_screen_ex_gst,price_basis
Window,Sliding Window,QX0606,600,600,600H x 600W,Standard Glass,80.0,Standard Flyscreen,95.0,Standard Security Screen,180.0,Trend National Size Manual / Trend product documentation,ESTIMATED TEMPLATE PRICE — REPLACE WITH SUPPLIER CSV,430.0,80.0,95.0,180.0,Australian supply-only market benchmarks; not Trend supplier pricing
Window,Sliding Window,QX0609,600,900,600H x 900W,Standard Glass,80.0,Standard Flyscreen,95.0,Standard Security Screen,180.0,Trend National Size Manual / Trend product documentation,ESTIMATED TEMPLATE PRICE — REPLACE WITH SUPPLIER CSV,430.0,80.0,95.0,180.0,Australian supply-only market benchmarks; not Trend supplier pricing
Window,Sliding Window,QX0612,600,1200,600H x 1200W,Standard Glass,80.0,Standard Flyscreen,95.0,Standard Security Screen,180.0,Trend National Size Manual / Trend product documentation,ESTIMATED TEMPLATE PRICE — REPLACE WITH SUPPLIER CSV,430.0,80.0,95.0,180.0,Australian supply-only market benchmarks; not Trend supplier pricing
Window,Sliding Window,QX0615,600,1500,600H x 1500W,Standard Glass,87.78,Standard Flyscreen,99.0,Standard Security Screen,189.0,Trend National Size Manual / Trend product documentation,ESTIMATED TEMPLATE PRICE — REPLACE WITH SUPPLIER CSV,487.65,87.78,99.0,189.0,Australian supply-only market benchmarks; not Trend supplier pricing
Window,Sliding Window,QX0618,600,1800,600H x 1800W,Standard Glass,101.01,Standard Flyscreen,118.8,Standard Security Screen,226.8,Trend National Size Manual / Trend product documentation,ESTIMATED TEMPLATE PRICE — REPLACE WITH SUPPLIER CSV,561.18,101.01,118.8,226.8,Australian supply-only market benchmarks; not Trend supplier pricing
Window,Sliding Window,QX0621,600,2100,600H x 2100W,Standard Glass,114.25,Standard Flyscreen,138.6,Standard Security Screen,264.6,Trend National Size Manual / Trend product documentation,ESTIMATED TEMPLATE PRICE — REPLACE WITH SUPPLIER CSV,634.71,114.25,138.6,264.6,Australian supply-only market benchmarks; not Trend supplier pricing
Window,Sliding Window,QX0624,600,2400,600H x 2400W,Standard Glass,127.48,Standard Flyscreen,158.4,Standard Security Screen,302.4,Trend National Size Manual / Trend product documentation,ESTIMATED TEMPLATE PRICE — REPLACE WITH SUPPLIER CSV,708.24,127.48,158.4,302.4,Australian supply-only market benchmarks; not Trend supplier pricing
Window,Sliding Window,QX0627,600,2700,600H x 2700W,Standard Glass,140.72,Standard Flyscreen,178.2,Standard Security Screen,340.2,Trend National Size Manual / Trend product documentation,ESTIMATED TEMPLATE PRICE — REPLACE WITH SUPPLIER CSV,781.77,140.72,178.2,340.2,Australian supply-only market benchmarks; not Trend supplier pricing
Window,Sliding Window,QX0906,900,600,900H x 600W,Standard Glass,80.0,Standard Flyscreen,95.0,Standard Security Screen,180.0,Trend National Size Manual / Trend product documentation,ESTIMATED TEMPLATE PRICE — REPLACE WITH SUPPLIER CSV,430.0,80.0,95.0,180.0,Australian supply-only market benchmarks; not Trend supplier pricing
Window,Sliding Window,QX0909,900,900,900H x 900W,Standard Glass,81.16,Standard Flyscreen,95.0,Standard Security Screen,180.0,Trend National Size Manual / Trend product documentation,ESTIMATED TEMPLATE PRICE — REPLACE WITH SUPPLIER CSV,450.88,81.16,95.0,180.0,Australian supply-only market benchmarks; not Trend supplier pricing
Window,Sliding Window,QX0912,900,1200,900H x 1200W,Standard Glass,101.01,Standard Flyscreen,118.8,Standard Security Screen,226.8,Trend National Size Manual / Trend product documentation,ESTIMATED TEMPLATE PRICE — REPLACE WITH SUPPLIER CSV,561.18,101.01,118.8,226.8,Australian supply-only market benchmarks; not Trend supplier pricing
Window,Sliding Window,QX0915,900,1500,900H x 1500W,Standard Glass,120.87,Standard Flyscreen,148.5,Standard Security Screen,283.5,Trend National Size Manual / Trend product documentation,ESTIMATED TEMPLATE PRICE — REPLACE WITH SUPPLIER CSV,671.48,120.87,148.5,283.5,Australian supply-only market benchmarks; not Trend supplier pricing
Window,Sliding Window,QX0918,900,1800,900H x 1800W,Standard Glass,140.72,Standard Flyscreen,178.2,Standard Security Screen,340.2,Trend National Size Manual / Trend product documentation,ESTIMATED TEMPLATE PRICE — REPLACE WITH SUPPLIER CSV,781.77,140.72,178.2,340.2,Australian supply-only market benchmarks; not Trend supplier pricing
Window,Sliding Window,QX0921,900,2100,900H x 2100W,Standard Glass,160.57,Standard Flyscreen,207.9,Standard Security Screen,396.9,Trend National Size Manual / Trend product documentation,ESTIMATED TEMPLATE PRICE — REPLACE WITH SUPPLIER CSV,892.06,160.57,207.9,396.9,Australian supply-only market benchmarks; not Trend supplier pricing
Window,Sliding Window,QX0924,900,2400,900H x 2400W,Standard Glass,180.42,Standard Flyscreen,237.6,Standard Security Screen,453.6,Trend National Size Manual / Trend product documentation,ESTIMATED TEMPLATE PRICE — REPLACE WITH SUPPLIER CSV,1002.36,180.42,237.6,453.6,Australian supply-only market benchmarks; not Trend supplier pricing
Window,Sliding Window,QX0927,900,2700,900H x 2700W,Standard Glass,200.28,Standard Flyscreen,267.3,Standard Security Screen,510.3,Trend National Size Manual / Trend product documentation,ESTIMATED TEMPLATE PRICE — REPLACE WITH SUPPLIER CSV,1112.66,200.28,267.3,510.3,Australian supply-only market benchmarks; not Trend supplier pricing
Window,Sliding Window,QX1206,1200,600,1200H x 600W,Standard Glass,80.0,Standard Flyscreen,95.0,Standard Security Screen,180.0,Trend National Size Manual / Trend product documentation,ESTIMATED TEMPLATE PRICE — REPLACE WITH SUPPLIER CSV,430.0,80.0,95.0,180.0,Australian supply-only market benchmarks; not Trend supplier pricing
Window,Sliding Window,QX1209,1200,900,1200H x 900W,Standard Glass,101.01,Standard Flyscreen,118.8,Standard Security Screen,226.8,Trend National Size Manual / Trend product documentation,ESTIMATED TEMPLATE PRICE — REPLACE WITH SUPPLIER CSV,561.18,101.01,118.8,226.8,Australian supply-only market benchmarks; not Trend supplier pricing
Window,Sliding Window,QX1212,1200,1200,1200H x 1200W,Standard Glass,127.48,Standard Flyscreen,158.4,Standard Security Screen,302.4,Trend National Size Manual / Trend product documentation,ESTIMATED TEMPLATE PRICE — REPLACE WITH SUPPLIER CSV,708.24,127.48,158.4,302.4,Australian supply-only market benchmarks; not Trend supplier pricing
Window,Sliding Window,QX1215,1200,1500,1200H x 1500W,Standard Glass,153.95,Standard Flyscreen,198.0,Standard Security Screen,378.0,Trend National Size Manual / Trend product documentation,ESTIMATED TEMPLATE PRICE — REPLACE WITH SUPPLIER CSV,855.3,153.95,198.0,378.0,Australian supply-only market benchmarks; not Trend supplier pricing
Window,Sliding Window,QX1218,1200,1800,1200H x 1800W,Standard Glass,180.42,Standard Flyscreen,237.6,Standard Security Screen,453.6,Trend National Size Manual / Trend product documentation,ESTIMATED TEMPLATE PRICE — REPLACE WITH SUPPLIER CSV,1002.36,180.42,237.6,453.6,Australian supply-only market benchmarks; not Trend supplier pricing
Window,Sliding Window,QX1221,1200,2100,1200H x 2100W,Standard Glass,206.9,Standard Flyscreen,277.2,Standard Security Screen,529.2,Trend National Size Manual / Trend product documentation,ESTIMATED TEMPLATE PRICE — REPLACE WITH SUPPLIER CSV,1149.42,206.9,277.2,529.2,Australian supply-only market benchmarks; not Trend supplier pricing
Window,Sliding Window,QX1224,1200,2400,1200H x 2400W,Standard Glass,233.37,Standard Flyscreen,316.8,Standard Security Screen,604.8,Trend National Size Manual / Trend product documentation,ESTIMATED TEMPLATE PRICE — REPLACE WITH SUPPLIER CSV,1296.48,233.37,316.8,604.8,Australian supply-only market benchmarks; not Trend supplier pricing
Window,Sliding Window,QX1227,1200,2700,1200H x 2700W,Standard Glass,259.84,Standard Flyscreen,356.4,Standard Security Screen,680.4,Trend National Size Manual / Trend product documentation,ESTIMATED TEMPLATE PRICE — REPLACE WITH SUPPLIER CSV,1443.54,259.84,356.4,680.4,Australian supply-only market benchmarks; not Trend supplier pricing
Window,Sliding Window,QX1506,1500,600,1500H x 600W,Standard Glass,87.78,Standard Flyscreen,99.0,Standard Security Screen,189.0,Trend National Size Manual / Trend product documentation,ESTIMATED TEMPLATE PRICE — REPLACE WITH SUPPLIER CSV,487.65,87.78,99.0,189.0,Australian supply-only market benchmarks; not Trend supplier pricing
Window,Sliding Window,QX1509,1500,900,1500H x 900W,Standard Glass,120.87,Standard Flyscreen,148.5,Standard Security Screen,283.5,Trend National Size Manual / Trend product documentation,ESTIMATED TEMPLATE PRICE — REPLACE WITH SUPPLIER CSV,671.48,120.87,148.5,283.5,Australian supply-only market benchmarks; not Trend supplier pricing
Window,Sliding Window,QX1512,1500,1200,1500H x 1200W,Standard Glass,153.95,Standard Flyscreen,198.0,Standard Security Screen,378.0,Trend National Size Manual / Trend product documentation,ESTIMATED TEMPLATE PRICE — REPLACE WITH SUPPLIER CSV,855.3,153.95,198.0,378.0,Australian supply-only market benchmarks; not Trend supplier pricing
Window,Sliding Window,QX1515,1500,1500,1500H x 1500W,Standard Glass,187.04,Standard Flyscreen,247.5,Standard Security Screen,472.5,Trend National Size Manual / Trend product documentation,ESTIMATED TEMPLATE PRICE — REPLACE WITH SUPPLIER CSV,1039.12,187.04,247.5,472.5,Australian supply-only market benchmarks; not Trend supplier pricing
Window,Sliding Window,QX1518,1500,1800,1500H x 1800W,Standard Glass,220.13,Standard Flyscreen,297.0,Standard Security Screen,567.0,Trend National Size Manual / Trend product documentation,ESTIMATED TEMPLATE PRICE — REPLACE WITH SUPPLIER CSV,1222.95,220.13,297.0,567.0,Australian supply-only market benchmarks; not Trend supplier pricing
Window,Sliding Window,QX1521,1500,2100,1500H x 2100W,Standard Glass,253.22,Standard Flyscreen,346.5,Standard Security Screen,661.5,Trend National Size Manual / Trend product documentation,ESTIMATED TEMPLATE PRICE — REPLACE WITH SUPPLIER CSV,1406.77,253.22,346.5,661.5,Australian supply-only market benchmarks; not Trend supplier pricing
Window,Sliding Window,QX1524,1500,2400,1500H x 2400W,Standard Glass,286.31,Standard Flyscreen,396.0,Standard Security Screen,756.0,Trend National Size Manual / Trend product documentation,ESTIMATED TEMPLATE PRICE — REPLACE WITH SUPPLIER CSV,1590.6,286.31,396.0,756.0,Australian supply-only market benchmarks; not Trend supplier pricing
Window,Sliding Window,QX1527,1500,2700,1500H x 2700W,Standard Glass,319.4,Standard Flyscreen,445.5,Standard Security Screen,850.5,Trend National Size Manual / Trend product documentation,ESTIMATED TEMPLATE PRICE — REPLACE WITH SUPPLIER CSV,1774.42,319.4,445.5,850.5,Australian supply-only market benchmarks; not Trend supplier pricing
Window,Sliding Window,QX1806,1800,600,1800H x 600W,Standard Glass,101.01,Standard Flyscreen,118.8,Standard Security Screen,226.8,Trend National Size Manual / Trend product documentation,ESTIMATED TEMPLATE PRICE — REPLACE WITH SUPPLIER CSV,561.18,101.01,118.8,226.8,Australian supply-only market benchmarks; not Trend supplier pricing
Window,Sliding Window,QX1809,1800,900,1800H x 900W,Standard Glass,140.72,Standard Flyscreen,178.2,Standard Security Screen,340.2,Trend National Size Manual / Trend product documentation,ESTIMATED TEMPLATE PRICE — REPLACE WITH SUPPLIER CSV,781.77,140.72,178.2,340.2,Australian supply-only market benchmarks; not Trend supplier pricing
Window,Sliding Window,QX1812,1800,1200,1800H x 1200W,Standard Glass,180.42,Standard Flyscreen,237.6,Standard Security Screen,453.6,Trend National Size Manual / Trend product documentation,ESTIMATED TEMPLATE PRICE — REPLACE WITH SUPPLIER CSV,1002.36,180.42,237.6,453.6,Australian supply-only market benchmarks; not Trend supplier pricing
Window,Sliding Window,QX1815,1800,1500,1800H x 1500W,Standard Glass,220.13,Standard Flyscreen,297.0,Standard Security Screen,567.0,Trend National Size Manual / Trend product documentation,ESTIMATED TEMPLATE PRICE — REPLACE WITH SUPPLIER CSV,1222.95,220.13,297.0,567.0,Australian supply-only market benchmarks; not Trend supplier pricing
Window,Sliding Window,QX1818,1800,1800,1800H x 1800W,Standard Glass,259.84,Standard Flyscreen,356.4,Standard Security Screen,680.4,Trend National Size Manual / Trend product documentation,ESTIMATED TEMPLATE PRICE — REPLACE WITH SUPPLIER CSV,1443.54,259.84,356.4,680.4,Australian supply-only market benchmarks; not Trend supplier pricing
Window,Sliding Window,QX1821,1800,2100,1800H x 2100W,Standard Glass,299.54,Standard Flyscreen,415.8,Standard Security Screen,793.8,Trend National Size Manual / Trend product documentation,ESTIMATED TEMPLATE PRICE — REPLACE WITH SUPPLIER CSV,1664.13,299.54,415.8,793.8,Australian supply-only market benchmarks; not Trend supplier pricing
Window,Sliding Window,QX1824,1800,2400,1800H x 2400W,Standard Glass,339.25,Standard Flyscreen,475.2,Standard Security Screen,907.2,Trend National Size Manual / Trend product documentation,ESTIMATED TEMPLATE PRICE — REPLACE WITH SUPPLIER CSV,1884.72,339.25,475.2,907.2,Australian supply-only market benchmarks; not Trend supplier pricing
Window,Sliding Window,QX1827,1800,2700,1800H x 2700W,Standard Glass,378.96,Standard Flyscreen,534.6,Standard Security Screen,1020.6,Trend National Size Manual / Trend product documentation,ESTIMATED TEMPLATE PRICE — REPLACE WITH SUPPLIER CSV,2105.31,378.96,534.6,1020.6,Australian supply-only market benchmarks; not Trend supplier pricing
Window,Sliding Window,QX2106,2100,600,2100H x 600W,Standard Glass,114.25,Standard Flyscreen,138.6,Standard Security Screen,264.6,Trend National Size Manual / Trend product documentation,ESTIMATED TEMPLATE PRICE — REPLACE WITH SUPPLIER CSV,634.71,114.25,138.6,264.6,Australian supply-only market benchmarks; not Trend supplier pricing
Window,Sliding Window,QX2109,2100,900,2100H x 900W,Standard Glass,160.57,Standard Flyscreen,207.9,Standard Security Screen,396.9,Trend National Size Manual / Trend product documentation,ESTIMATED TEMPLATE PRICE — REPLACE WITH SUPPLIER CSV,892.06,160.57,207.9,396.9,Australian supply-only market benchmarks; not Trend supplier pricing
Window,Sliding Window,QX2112,2100,1200,2100H x 1200W,Standard Glass,206.9,Standard Flyscreen,277.2,Standard Security Screen,529.2,Trend National Size Manual / Trend product documentation,ESTIMATED TEMPLATE PRICE — REPLACE WITH SUPPLIER CSV,1149.42,206.9,277.2,529.2,Australian supply-only market benchmarks; not Trend supplier pricing
Window,Sliding Window,QX2115,2100,1500,2100H x 1500W,Standard Glass,253.22,Standard Flyscreen,346.5,Standard Security Screen,661.5,Trend National Size Manual / Trend product documentation,ESTIMATED TEMPLATE PRICE — REPLACE WITH SUPPLIER CSV,1406.77,253.22,346.5,661.5,Australian supply-only market benchmarks; not Trend supplier pricing
Window,Sliding Window,QX2118,2100,1800,2100H x 1800W,Standard Glass,299.54,Standard Flyscreen,415.8,Standard Security Screen,793.8,Trend National Size Manual / Trend product documentation,ESTIMATED TEMPLATE PRICE — REPLACE WITH SUPPLIER CSV,1664.13,299.54,415.8,793.8,Australian supply-only market benchmarks; not Trend supplier pricing
Window,Sliding Window,QX2121,2100,2100,2100H x 2100W,Standard Glass,345.87,Standard Flyscreen,485.1,Standard Security Screen,926.1,Trend National Size Manual / Trend product documentation,ESTIMATED TEMPLATE PRICE — REPLACE WITH SUPPLIER CSV,1921.48,345.87,485.1,926.1,Australian supply-only market benchmarks; not Trend supplier pricing
Window,Sliding Window,QX2124,2100,2400,2100H x 2400W,Standard Glass,392.19,Standard Flyscreen,554.4,Standard Security Screen,1058.4,Trend National Size Manual / Trend product documentation,ESTIMATED TEMPLATE PRICE — REPLACE WITH SUPPLIER CSV,2178.84,392.19,554.4,1058.4,Australian supply-only market benchmarks; not Trend supplier pricing
Window,Sliding Window,QX2127,2100,2700,2100H x 2700W,Standard Glass,438.51,Standard Flyscreen,623.7,Standard Security Screen,1190.7,Trend National Size Manual / Trend product documentation,ESTIMATED TEMPLATE PRICE — REPLACE WITH SUPPLIER CSV,2436.19,438.51,623.7,1190.7,Australian supply-only market benchmarks; not Trend supplier pricing
Window,Double Hung,SD0606,600,600,600H x 600W,Standard Glass,93.6,Standard Flyscreen,95.0,Standard Security Screen,180.0,Trend National Size Manual / Trend product documentation,ESTIMATED TEMPLATE PRICE — REPLACE WITH SUPPLIER CSV,520.0,93.6,95.0,180.0,Australian supply-only market benchmarks; not Trend supplier pricing
Window,Double Hung,SD0607,600,700,600H x 700W,Standard Glass,93.6,Standard Flyscreen,95.0,Standard Security Screen,180.0,Trend National Size Manual / Trend product documentation,ESTIMATED TEMPLATE PRICE — REPLACE WITH SUPPLIER CSV,520.0,93.6,95.0,180.0,Australian supply-only market benchmarks; not Trend supplier pricing
Window,Double Hung,SD0608,600,800,600H x 800W,Standard Glass,93.6,Standard Flyscreen,95.0,Standard Security Screen,180.0,Trend National Size Manual / Trend product documentation,ESTIMATED TEMPLATE PRICE — REPLACE WITH SUPPLIER CSV,520.0,93.6,95.0,180.0,Australian supply-only market benchmarks; not Trend supplier pricing
Window,Double Hung,SD0609,600,900,600H x 900W,Standard Glass,93.6,Standard Flyscreen,95.0,Standard Security Screen,180.0,Trend National Size Manual / Trend product documentation,ESTIMATED TEMPLATE PRICE — REPLACE WITH SUPPLIER CSV,520.0,93.6,95.0,180.0,Australian supply-only market benchmarks; not Trend supplier pricing
Window,Double Hung,SD0612,600,1200,600H x 1200W,Standard Glass,93.6,Standard Flyscreen,95.0,Standard Security Screen,180.0,Trend National Size Manual / Trend product documentation,ESTIMATED TEMPLATE PRICE — REPLACE WITH SUPPLIER CSV,520.0,93.6,95.0,180.0,Australian supply-only market benchmarks; not Trend supplier pricing
Window,Double Hung,SD0614,600,1400,600H x 1400W,Standard Glass,96.29,Standard Flyscreen,95.0,Standard Security Screen,180.0,Trend National Size Manual / Trend product documentation,ESTIMATED TEMPLATE PRICE — REPLACE WITH SUPPLIER CSV,534.96,96.29,95.0,180.0,Australian supply-only market benchmarks; not Trend supplier pricing
Window,Double Hung,SD0615,600,1500,600H x 1500W,Standard Glass,101.63,Standard Flyscreen,99.0,Standard Security Screen,189.0,Trend National Size Manual / Trend product documentation,ESTIMATED TEMPLATE PRICE — REPLACE WITH SUPPLIER CSV,564.6,101.63,99.0,189.0,Australian supply-only market benchmarks; not Trend supplier pricing
Window,Double Hung,SD0616,600,1600,600H x 1600W,Standard Glass,106.96,Standard Flyscreen,105.6,Standard Security Screen,201.6,Trend National Size Manual / Trend product documentation,ESTIMATED TEMPLATE PRICE — REPLACE WITH SUPPLIER CSV,594.24,106.96,105.6,201.6,Australian supply-only market benchmarks; not Trend supplier pricing
Window,Double Hung,SD0618,600,1800,600H x 1800W,Standard Glass,117.63,Standard Flyscreen,118.8,Standard Security Screen,226.8,Trend National Size Manual / Trend product documentation,ESTIMATED TEMPLATE PRICE — REPLACE WITH SUPPLIER CSV,653.52,117.63,118.8,226.8,Australian supply-only market benchmarks; not Trend supplier pricing
Window,Double Hung,SD0621,600,2100,600H x 2100W,Standard Glass,133.64,Standard Flyscreen,138.6,Standard Security Screen,264.6,Trend National Size Manual / Trend product documentation,ESTIMATED TEMPLATE PRICE — REPLACE WITH SUPPLIER CSV,742.44,133.64,138.6,264.6,Australian supply-only market benchmarks; not Trend supplier pricing
Window,Double Hung,SD0622,600,2200,600H x 2200W,Standard Glass,138.97,Standard Flyscreen,145.2,Standard Security Screen,277.2,Trend National Size Manual / Trend product documentation,ESTIMATED TEMPLATE PRICE — REPLACE WITH SUPPLIER CSV,772.08,138.97,145.2,277.2,Australian supply-only market benchmarks; not Trend supplier pricing
Window,Double Hung,SD0624,600,2400,600H x 2400W,Standard Glass,149.64,Standard Flyscreen,158.4,Standard Security Screen,302.4,Trend National Size Manual / Trend product documentation,ESTIMATED TEMPLATE PRICE — REPLACE WITH SUPPLIER CSV,831.36,149.64,158.4,302.4,Australian supply-only market benchmarks; not Trend supplier pricing
Window,Double Hung,SD0627,600,2700,600H x 2700W,Standard Glass,165.65,Standard Flyscreen,178.2,Standard Security Screen,340.2,Trend National Size Manual / Trend product documentation,ESTIMATED TEMPLATE PRICE — REPLACE WITH SUPPLIER CSV,920.28,165.65,178.2,340.2,Australian supply-only market benchmarks; not Trend supplier pricing
Window,Double Hung,SD0806,800,600,800H x 600W,Standard Glass,93.6,Standard Flyscreen,95.0,Standard Security Screen,180.0,Trend National Size Manual / Trend product documentation,ESTIMATED TEMPLATE PRICE — REPLACE WITH SUPPLIER CSV,520.0,93.6,95.0,180.0,Australian supply-only market benchmarks; not Trend supplier pricing
Window,Double Hung,SD0807,800,700,800H x 700W,Standard Glass,93.6,Standard Flyscreen,95.0,Standard Security Screen,180.0,Trend National Size Manual / Trend product documentation,ESTIMATED TEMPLATE PRICE — REPLACE WITH SUPPLIER CSV,520.0,93.6,95.0,180.0,Australian supply-only market benchmarks; not Trend supplier pricing
Window,Double Hung,SD0808,800,800,800H x 800W,Standard Glass,93.6,Standard Flyscreen,95.0,Standard Security Screen,180.0,Trend National Size Manual / Trend product documentation,ESTIMATED TEMPLATE PRICE — REPLACE WITH SUPPLIER CSV,520.0,93.6,95.0,180.0,Australian supply-only market benchmarks; not Trend supplier pricing
Window,Double Hung,SD0809,800,900,800H x 900W,Standard Glass,93.6,Standard Flyscreen,95.0,Standard Security Screen,180.0,Trend National Size Manual / Trend product documentation,ESTIMATED TEMPLATE PRICE — REPLACE WITH SUPPLIER CSV,520.0,93.6,95.0,180.0,Australian supply-only market benchmarks; not Trend supplier pricing
Window,Double Hung,SD0812,800,1200,800H x 1200W,Standard Glass,106.96,Standard Flyscreen,105.6,Standard Security Screen,201.6,Trend National Size Manual / Trend product documentation,ESTIMATED TEMPLATE PRICE — REPLACE WITH SUPPLIER CSV,594.24,106.96,105.6,201.6,Australian supply-only market benchmarks; not Trend supplier pricing
Window,Double Hung,SD0814,800,1400,800H x 1400W,Standard Glass,121.19,Standard Flyscreen,123.2,Standard Security Screen,235.2,Trend National Size Manual / Trend product documentation,ESTIMATED TEMPLATE PRICE — REPLACE WITH SUPPLIER CSV,673.28,121.19,123.2,235.2,Australian supply-only market benchmarks; not Trend supplier pricing
Window,Double Hung,SD0815,800,1500,800H x 1500W,Standard Glass,128.3,Standard Flyscreen,132.0,Standard Security Screen,252.0,Trend National Size Manual / Trend product documentation,ESTIMATED TEMPLATE PRICE — REPLACE WITH SUPPLIER CSV,712.8,128.3,132.0,252.0,Australian supply-only market benchmarks; not Trend supplier pricing
Window,Double Hung,SD0816,800,1600,800H x 1600W,Standard Glass,135.42,Standard Flyscreen,140.8,Standard Security Screen,268.8,Trend National Size Manual / Trend product documentation,ESTIMATED TEMPLATE PRICE — REPLACE WITH SUPPLIER CSV,752.32,135.42,140.8,268.8,Australian supply-only market benchmarks; not Trend supplier pricing
Window,Double Hung,SD0818,800,1800,800H x 1800W,Standard Glass,149.64,Standard Flyscreen,158.4,Standard Security Screen,302.4,Trend National Size Manual / Trend product documentation,ESTIMATED TEMPLATE PRICE — REPLACE WITH SUPPLIER CSV,831.36,149.64,158.4,302.4,Australian supply-only market benchmarks; not Trend supplier pricing
Window,Double Hung,SD0821,800,2100,800H x 2100W,Standard Glass,170.99,Standard Flyscreen,184.8,Standard Security Screen,352.8,Trend National Size Manual / Trend product documentation,ESTIMATED TEMPLATE PRICE — REPLACE WITH SUPPLIER CSV,949.92,170.99,184.8,352.8,Australian supply-only market benchmarks; not Trend supplier pricing
Window,Double Hung,SD0822,800,2200,800H x 2200W,Standard Glass,178.1,Standard Flyscreen,193.6,Standard Security Screen,369.6,Trend National Size Manual / Trend product documentation,ESTIMATED TEMPLATE PRICE — REPLACE WITH SUPPLIER CSV,989.44,178.1,193.6,369.6,Australian supply-only market benchmarks; not Trend supplier pricing
Window,Double Hung,SD0824,800,2400,800H x 2400W,Standard Glass,192.33,Standard Flyscreen,211.2,Standard Security Screen,403.2,Trend National Size Manual / Trend product documentation,ESTIMATED TEMPLATE PRICE — REPLACE WITH SUPPLIER CSV,1068.48,192.33,211.2,403.2,Australian supply-only market benchmarks; not Trend supplier pricing
Window,Double Hung,SD0827,800,2700,800H x 2700W,Standard Glass,213.67,Standard Flyscreen,237.6,Standard Security Screen,453.6,Trend National Size Manual / Trend product documentation,ESTIMATED TEMPLATE PRICE — REPLACE WITH SUPPLIER CSV,1187.04,213.67,237.6,453.6,Australian supply-only market benchmarks; not Trend supplier pricing
Window,Double Hung,SD0906,900,600,900H x 600W,Standard Glass,93.6,Standard Flyscreen,95.0,Standard Security Screen,180.0,Trend National Size Manual / Trend product documentation,ESTIMATED TEMPLATE PRICE — REPLACE WITH SUPPLIER CSV,520.0,93.6,95.0,180.0,Australian supply-only market benchmarks; not Trend supplier pricing
Window,Double Hung,SD0907,900,700,900H x 700W,Standard Glass,93.6,Standard Flyscreen,95.0,Standard Security Screen,180.0,Trend National Size Manual / Trend product documentation,ESTIMATED TEMPLATE PRICE — REPLACE WITH SUPPLIER CSV,520.0,93.6,95.0,180.0,Australian supply-only market benchmarks; not Trend supplier pricing
Window,Double Hung,SD0908,900,800,900H x 800W,Standard Glass,93.6,Standard Flyscreen,95.0,Standard Security Screen,180.0,Trend National Size Manual / Trend product documentation,ESTIMATED TEMPLATE PRICE — REPLACE WITH SUPPLIER CSV,520.0,93.6,95.0,180.0,Australian supply-only market benchmarks; not Trend supplier pricing
Window,Double Hung,SD0909,900,900,900H x 900W,Standard Glass,93.63,Standard Flyscreen,95.0,Standard Security Screen,180.0,Trend National Size Manual / Trend product documentation,ESTIMATED TEMPLATE PRICE — REPLACE WITH SUPPLIER CSV,520.14,93.63,95.0,180.0,Australian supply-only market benchmarks; not Trend supplier pricing
Window,Double Hung,SD0912,900,1200,900H x 1200W,Standard Glass,117.63,Standard Flyscreen,118.8,Standard Security Screen,226.8,Trend National Size Manual / Trend product documentation,ESTIMATED TEMPLATE PRICE — REPLACE WITH SUPPLIER CSV,653.52,117.63,118.8,226.8,Australian supply-only market benchmarks; not Trend supplier pricing
Window,Double Hung,SD0914,900,1400,900H x 1400W,Standard Glass,133.64,Standard Flyscreen,138.6,Standard Security Screen,264.6,Trend National Size Manual / Trend product documentation,ESTIMATED TEMPLATE PRICE — REPLACE WITH SUPPLIER CSV,742.44,133.64,138.6,264.6,Australian supply-only market benchmarks; not Trend supplier pricing
Window,Double Hung,SD0915,900,1500,900H x 1500W,Standard Glass,141.64,Standard Flyscreen,148.5,Standard Security Screen,283.5,Trend National Size Manual / Trend product documentation,ESTIMATED TEMPLATE PRICE — REPLACE WITH SUPPLIER CSV,786.9,141.64,148.5,283.5,Australian supply-only market benchmarks; not Trend supplier pricing
Window,Double Hung,SD0916,900,1600,900H x 1600W,Standard Glass,149.64,Standard Flyscreen,158.4,Standard Security Screen,302.4,Trend National Size Manual / Trend product documentation,ESTIMATED TEMPLATE PRICE — REPLACE WITH SUPPLIER CSV,831.36,149.64,158.4,302.4,Australian supply-only market benchmarks; not Trend supplier pricing
Window,Double Hung,SD0918,900,1800,900H x 1800W,Standard Glass,165.65,Standard Flyscreen,178.2,Standard Security Screen,340.2,Trend National Size Manual / Trend product documentation,ESTIMATED TEMPLATE PRICE — REPLACE WITH SUPPLIER CSV,920.28,165.65,178.2,340.2,Australian supply-only market benchmarks; not Trend supplier pricing
Window,Double Hung,SD0921,900,2100,900H x 2100W,Standard Glass,189.66,Standard Flyscreen,207.9,Standard Security Screen,396.9,Trend National Size Manual / Trend product documentation,ESTIMATED TEMPLATE PRICE — REPLACE WITH SUPPLIER CSV,1053.66,189.66,207.9,396.9,Australian supply-only market benchmarks; not Trend supplier pricing
Window,Double Hung,SD0922,900,2200,900H x 2200W,Standard Glass,197.66,Standard Flyscreen,217.8,Standard Security Screen,415.8,Trend National Size Manual / Trend product documentation,ESTIMATED TEMPLATE PRICE — REPLACE WITH SUPPLIER CSV,1098.12,197.66,217.8,415.8,Australian supply-only market benchmarks; not Trend supplier pricing
Window,Double Hung,SD0924,900,2400,900H x 2400W,Standard Glass,213.67,Standard Flyscreen,237.6,Standard Security Screen,453.6,Trend National Size Manual / Trend product documentation,ESTIMATED TEMPLATE PRICE — REPLACE WITH SUPPLIER CSV,1187.04,213.67,237.6,453.6,Australian supply-only market benchmarks; not Trend supplier pricing
Window,Double Hung,SD0927,900,2700,900H x 2700W,Standard Glass,237.68,Standard Flyscreen,267.3,Standard Security Screen,510.3,Trend National Size Manual / Trend product documentation,ESTIMATED TEMPLATE PRICE — REPLACE WITH SUPPLIER CSV,1320.42,237.68,267.3,510.3,Australian supply-only market benchmarks; not Trend supplier pricing
Window,Double Hung,SD1006,1000,600,1000H x 600W,Standard Glass,93.6,Standard Flyscreen,95.0,Standard Security Screen,180.0,Trend National Size Manual / Trend product documentation,ESTIMATED TEMPLATE PRICE — REPLACE WITH SUPPLIER CSV,520.0,93.6,95.0,180.0,Australian supply-only market benchmarks; not Trend supplier pricing
Window,Double Hung,SD1007,1000,700,1000H x 700W,Standard Glass,93.6,Standard Flyscreen,95.0,Standard Security Screen,180.0,Trend National Size Manual / Trend product documentation,ESTIMATED TEMPLATE PRICE — REPLACE WITH SUPPLIER CSV,520.0,93.6,95.0,180.0,Australian supply-only market benchmarks; not Trend supplier pricing
Window,Double Hung,SD1008,1000,800,1000H x 800W,Standard Glass,93.6,Standard Flyscreen,95.0,Standard Security Screen,180.0,Trend National Size Manual / Trend product documentation,ESTIMATED TEMPLATE PRICE — REPLACE WITH SUPPLIER CSV,520.0,93.6,95.0,180.0,Australian supply-only market benchmarks; not Trend supplier pricing
Window,Double Hung,SD1009,1000,900,1000H x 900W,Standard Glass,101.63,Standard Flyscreen,99.0,Standard Security Screen,189.0,Trend National Size Manual / Trend product documentation,ESTIMATED TEMPLATE PRICE — REPLACE WITH SUPPLIER CSV,564.6,101.63,99.0,189.0,Australian supply-only market benchmarks; not Trend supplier pricing
Window,Double Hung,SD1012,1000,1200,1000H x 1200W,Standard Glass,128.3,Standard Flyscreen,132.0,Standard Security Screen,252.0,Trend National Size Manual / Trend product documentation,ESTIMATED TEMPLATE PRICE — REPLACE WITH SUPPLIER CSV,712.8,128.3,132.0,252.0,Australian supply-only market benchmarks; not Trend supplier pricing
Window,Double Hung,SD1014,1000,1400,1000H x 1400W,Standard Glass,146.09,Standard Flyscreen,154.0,Standard Security Screen,294.0,Trend National Size Manual / Trend product documentation,ESTIMATED TEMPLATE PRICE — REPLACE WITH SUPPLIER CSV,811.6,146.09,154.0,294.0,Australian supply-only market benchmarks; not Trend supplier pricing
Window,Double Hung,SD1015,1000,1500,1000H x 1500W,Standard Glass,154.98,Standard Flyscreen,165.0,Standard Security Screen,315.0,Trend National Size Manual / Trend product documentation,ESTIMATED TEMPLATE PRICE — REPLACE WITH SUPPLIER CSV,861.0,154.98,165.0,315.0,Australian supply-only market benchmarks; not Trend supplier pricing
Window,Double Hung,SD1016,1000,1600,1000H x 1600W,Standard Glass,163.87,Standard Flyscreen,176.0,Standard Security Screen,336.0,Trend National Size Manual / Trend product documentation,ESTIMATED TEMPLATE PRICE — REPLACE WITH SUPPLIER CSV,910.4,163.87,176.0,336.0,Australian supply-only market benchmarks; not Trend supplier pricing
Window,Double Hung,SD1018,1000,1800,1000H x 1800W,Standard Glass,181.66,Standard Flyscreen,198.0,Standard Security Screen,378.0,Trend National Size Manual / Trend product documentation,ESTIMATED TEMPLATE PRICE — REPLACE WITH SUPPLIER CSV,1009.2,181.66,198.0,378.0,Australian supply-only market benchmarks; not Trend supplier pricing
Window,Double Hung,SD1021,1000,2100,1000H x 2100W,Standard Glass,208.33,Standard Flyscreen,231.0,Standard Security Screen,441.0,Trend National Size Manual / Trend product documentation,ESTIMATED TEMPLATE PRICE — REPLACE WITH SUPPLIER CSV,1157.4,208.33,231.0,441.0,Australian supply-only market benchmarks; not Trend supplier pricing
Window,Double Hung,SD1022,1000,2200,1000H x 2200W,Standard Glass,217.22,Standard Flyscreen,242.0,Standard Security Screen,462.0,Trend National Size Manual / Trend product documentation,ESTIMATED TEMPLATE PRICE — REPLACE WITH SUPPLIER CSV,1206.8,217.22,242.0,462.0,Australian supply-only market benchmarks; not Trend supplier pricing
Window,Double Hung,SD1024,1000,2400,1000H x 2400W,Standard Glass,235.01,Standard Flyscreen,264.0,Standard Security Screen,504.0,Trend National Size Manual / Trend product documentation,ESTIMATED TEMPLATE PRICE — REPLACE WITH SUPPLIER CSV,1305.6,235.01,264.0,504.0,Australian supply-only market benchmarks; not Trend supplier pricing
Window,Double Hung,SD1027,1000,2700,1000H x 2700W,Standard Glass,261.68,Standard Flyscreen,297.0,Standard Security Screen,567.0,Trend National Size Manual / Trend product documentation,ESTIMATED TEMPLATE PRICE — REPLACE WITH SUPPLIER CSV,1453.8,261.68,297.0,567.0,Australian supply-only market benchmarks; not Trend supplier pricing
Window,Double Hung,SD1206,1200,600,1200H x 600W,Standard Glass,93.6,Standard Flyscreen,95.0,Standard Security Screen,180.0,Trend National Size Manual / Trend product documentation,ESTIMATED TEMPLATE PRICE — REPLACE WITH SUPPLIER CSV,520.0,93.6,95.0,180.0,Australian supply-only market benchmarks; not Trend supplier pricing
Window,Double Hung,SD1207,1200,700,1200H x 700W,Standard Glass,96.29,Standard Flyscreen,95.0,Standard Security Screen,180.0,Trend National Size Manual / Trend product documentation,ESTIMATED TEMPLATE PRICE — REPLACE WITH SUPPLIER CSV,534.96,96.29,95.0,180.0,Australian supply-only market benchmarks; not Trend supplier pricing
Window,Double Hung,SD1208,1200,800,1200H x 800W,Standard Glass,106.96,Standard Flyscreen,105.6,Standard Security Screen,201.6,Trend National Size Manual / Trend product documentation,ESTIMATED TEMPLATE PRICE — REPLACE WITH SUPPLIER CSV,594.24,106.96,105.6,201.6,Australian supply-only market benchmarks; not Trend supplier pricing
Window,Double Hung,SD1209,1200,900,1200H x 900W,Standard Glass,117.63,Standard Flyscreen,118.8,Standard Security Screen,226.8,Trend National Size Manual / Trend product documentation,ESTIMATED TEMPLATE PRICE — REPLACE WITH SUPPLIER CSV,653.52,117.63,118.8,226.8,Australian supply-only market benchmarks; not Trend supplier pricing
Window,Double Hung,SD1212,1200,1200,1200H x 1200W,Standard Glass,149.64,Standard Flyscreen,158.4,Standard Security Screen,302.4,Trend National Size Manual / Trend product documentation,ESTIMATED TEMPLATE PRICE — REPLACE WITH SUPPLIER CSV,831.36,149.64,158.4,302.4,Australian supply-only market benchmarks; not Trend supplier pricing
Window,Double Hung,SD1214,1200,1400,1200H x 1400W,Standard Glass,170.99,Standard Flyscreen,184.8,Standard Security Screen,352.8,Trend National Size Manual / Trend product documentation,ESTIMATED TEMPLATE PRICE — REPLACE WITH SUPPLIER CSV,949.92,170.99,184.8,352.8,Australian supply-only market benchmarks; not Trend supplier pricing
Window,Double Hung,SD1215,1200,1500,1200H x 1500W,Standard Glass,181.66,Standard Flyscreen,198.0,Standard Security Screen,378.0,Trend National Size Manual / Trend product documentation,ESTIMATED TEMPLATE PRICE — REPLACE WITH SUPPLIER CSV,1009.2,181.66,198.0,378.0,Australian supply-only market benchmarks; not Trend supplier pricing
Window,Double Hung,SD1216,1200,1600,1200H x 1600W,Standard Glass,192.33,Standard Flyscreen,211.2,Standard Security Screen,403.2,Trend National Size Manual / Trend product documentation,ESTIMATED TEMPLATE PRICE — REPLACE WITH SUPPLIER CSV,1068.48,192.33,211.2,403.2,Australian supply-only market benchmarks; not Trend supplier pricing
Window,Double Hung,SD1218,1200,1800,1200H x 1800W,Standard Glass,213.67,Standard Flyscreen,237.6,Standard Security Screen,453.6,Trend National Size Manual / Trend product documentation,ESTIMATED TEMPLATE PRICE — REPLACE WITH SUPPLIER CSV,1187.04,213.67,237.6,453.6,Australian supply-only market benchmarks; not Trend supplier pricing
Window,Double Hung,SD1221,1200,2100,1200H x 2100W,Standard Glass,245.68,Standard Flyscreen,277.2,Standard Security Screen,529.2,Trend National Size Manual / Trend product documentation,ESTIMATED TEMPLATE PRICE — REPLACE WITH SUPPLIER CSV,1364.88,245.68,277.2,529.2,Australian supply-only market benchmarks; not Trend supplier pricing
Window,Double Hung,SD1222,1200,2200,1200H x 2200W,Standard Glass,256.35,Standard Flyscreen,290.4,Standard Security Screen,554.4,Trend National Size Manual / Trend product documentation,ESTIMATED TEMPLATE PRICE — REPLACE WITH SUPPLIER CSV,1424.16,256.35,290.4,554.4,Australian supply-only market benchmarks; not Trend supplier pricing
Window,Double Hung,SD1224,1200,2400,1200H x 2400W,Standard Glass,277.69,Standard Flyscreen,316.8,Standard Security Screen,604.8,Trend National Size Manual / Trend product documentation,ESTIMATED TEMPLATE PRICE — REPLACE WITH SUPPLIER CSV,1542.72,277.69,316.8,604.8,Australian supply-only market benchmarks; not Trend supplier pricing
Window,Double Hung,SD1227,1200,2700,1200H x 2700W,Standard Glass,309.7,Standard Flyscreen,356.4,Standard Security Screen,680.4,Trend National Size Manual / Trend product documentation,ESTIMATED TEMPLATE PRICE — REPLACE WITH SUPPLIER CSV,1720.56,309.7,356.4,680.4,Australian supply-only market benchmarks; not Trend supplier pricing
Window,Double Hung,SD1306,1300,600,1300H x 600W,Standard Glass,93.6,Standard Flyscreen,95.0,Standard Security Screen,180.0,Trend National Size Manual / Trend product documentation,ESTIMATED TEMPLATE PRICE — REPLACE WITH SUPPLIER CSV,520.0,93.6,95.0,180.0,Australian supply-only market benchmarks; not Trend supplier pricing
Window,Double Hung,SD1307,1300,700,1300H x 700W,Standard Glass,102.52,Standard Flyscreen,100.1,Standard Security Screen,191.1,Trend National Size Manual / Trend product documentation,ESTIMATED TEMPLATE PRICE — REPLACE WITH SUPPLIER CSV,569.54,102.52,100.1,191.1,Australian supply-only market benchmarks; not Trend supplier pricing
Window,Double Hung,SD1308,1300,800,1300H x 800W,Standard Glass,114.08,Standard Flyscreen,114.4,Standard Security Screen,218.4,Trend National Size Manual / Trend product documentation,ESTIMATED TEMPLATE PRICE — REPLACE WITH SUPPLIER CSV,633.76,114.08,114.4,218.4,Australian supply-only market benchmarks; not Trend supplier pricing
Window,Double Hung,SD1309,1300,900,1300H x 900W,Standard Glass,125.64,Standard Flyscreen,128.7,Standard Security Screen,245.7,Trend National Size Manual / Trend product documentation,ESTIMATED TEMPLATE PRICE — REPLACE WITH SUPPLIER CSV,697.98,125.64,128.7,245.7,Australian supply-only market benchmarks; not Trend supplier pricing
Window,Double Hung,SD1312,1300,1200,1300H x 1200W,Standard Glass,160.32,Standard Flyscreen,171.6,Standard Security Screen,327.6,Trend National Size Manual / Trend product documentation,ESTIMATED TEMPLATE PRICE — REPLACE WITH SUPPLIER CSV,890.64,160.32,171.6,327.6,Australian supply-only market benchmarks; not Trend supplier pricing
Window,Double Hung,SD1314,1300,1400,1300H x 1400W,Standard Glass,183.43,Standard Flyscreen,200.2,Standard Security Screen,382.2,Trend National Size Manual / Trend product documentation,ESTIMATED TEMPLATE PRICE — REPLACE WITH SUPPLIER CSV,1019.08,183.43,200.2,382.2,Australian supply-only market benchmarks; not Trend supplier pricing
Window,Double Hung,SD1315,1300,1500,1300H x 1500W,Standard Glass,194.99,Standard Flyscreen,214.5,Standard Security Screen,409.5,Trend National Size Manual / Trend product documentation,ESTIMATED TEMPLATE PRICE — REPLACE WITH SUPPLIER CSV,1083.3,194.99,214.5,409.5,Australian supply-only market benchmarks; not Trend supplier pricing
Window,Double Hung,SD1316,1300,1600,1300H x 1600W,Standard Glass,206.55,Standard Flyscreen,228.8,Standard Security Screen,436.8,Trend National Size Manual / Trend product documentation,ESTIMATED TEMPLATE PRICE — REPLACE WITH SUPPLIER CSV,1147.52,206.55,228.8,436.8,Australian supply-only market benchmarks; not Trend supplier pricing
Window,Double Hung,SD1318,1300,1800,1300H x 1800W,Standard Glass,229.67,Standard Flyscreen,257.4,Standard Security Screen,491.4,Trend National Size Manual / Trend product documentation,ESTIMATED TEMPLATE PRICE — REPLACE WITH SUPPLIER CSV,1275.96,229.67,257.4,491.4,Australian supply-only market benchmarks; not Trend supplier pricing
Window,Double Hung,SD1321,1300,2100,1300H x 2100W,Standard Glass,264.35,Standard Flyscreen,300.3,Standard Security Screen,573.3,Trend National Size Manual / Trend product documentation,ESTIMATED TEMPLATE PRICE — REPLACE WITH SUPPLIER CSV,1468.62,264.35,300.3,573.3,Australian supply-only market benchmarks; not Trend supplier pricing
Window,Double Hung,SD1322,1300,2200,1300H x 2200W,Standard Glass,275.91,Standard Flyscreen,314.6,Standard Security Screen,600.6,Trend National Size Manual / Trend product documentation,ESTIMATED TEMPLATE PRICE — REPLACE WITH SUPPLIER CSV,1532.84,275.91,314.6,600.6,Australian supply-only market benchmarks; not Trend supplier pricing
Window,Double Hung,SD1324,1300,2400,1300H x 2400W,Standard Glass,299.03,Standard Flyscreen,343.2,Standard Security Screen,655.2,Trend National Size Manual / Trend product documentation,ESTIMATED TEMPLATE PRICE — REPLACE WITH SUPPLIER CSV,1661.28,299.03,343.2,655.2,Australian supply-only market benchmarks; not Trend supplier pricing
Window,Double Hung,SD1327,1300,2700,1300H x 2700W,Standard Glass,333.71,Standard Flyscreen,386.1,Standard Security Screen,737.1,Trend National Size Manual / Trend product documentation,ESTIMATED TEMPLATE PRICE — REPLACE WITH SUPPLIER CSV,1853.94,333.71,386.1,737.1,Australian supply-only market benchmarks; not Trend supplier pricing
Window,Double Hung,SD1406,1400,600,1400H x 600W,Standard Glass,96.29,Standard Flyscreen,95.0,Standard Security Screen,180.0,Trend National Size Manual / Trend product documentation,ESTIMATED TEMPLATE PRICE — REPLACE WITH SUPPLIER CSV,534.96,96.29,95.0,180.0,Australian supply-only market benchmarks; not Trend supplier pricing
Window,Double Hung,SD1407,1400,700,1400H x 700W,Standard Glass,108.74,Standard Flyscreen,107.8,Standard Security Screen,205.8,Trend National Size Manual / Trend product documentation,ESTIMATED TEMPLATE PRICE — REPLACE WITH SUPPLIER CSV,604.12,108.74,107.8,205.8,Australian supply-only market benchmarks; not Trend supplier pricing
Window,Double Hung,SD1408,1400,800,1400H x 800W,Standard Glass,121.19,Standard Flyscreen,123.2,Standard Security Screen,235.2,Trend National Size Manual / Trend product documentation,ESTIMATED TEMPLATE PRICE — REPLACE WITH SUPPLIER CSV,673.28,121.19,123.2,235.2,Australian supply-only market benchmarks; not Trend supplier pricing
Window,Double Hung,SD1409,1400,900,1400H x 900W,Standard Glass,133.64,Standard Flyscreen,138.6,Standard Security Screen,264.6,Trend National Size Manual / Trend product documentation,ESTIMATED TEMPLATE PRICE — REPLACE WITH SUPPLIER CSV,742.44,133.64,138.6,264.6,Australian supply-only market benchmarks; not Trend supplier pricing
Window,Double Hung,SD1412,1400,1200,1400H x 1200W,Standard Glass,170.99,Standard Flyscreen,184.8,Standard Security Screen,352.8,Trend National Size Manual / Trend product documentation,ESTIMATED TEMPLATE PRICE — REPLACE WITH SUPPLIER CSV,949.92,170.99,184.8,352.8,Australian supply-only market benchmarks; not Trend supplier pricing
Window,Double Hung,SD1414,1400,1400,1400H x 1400W,Standard Glass,195.88,Standard Flyscreen,215.6,Standard Security Screen,411.6,Trend National Size Manual / Trend product documentation,ESTIMATED TEMPLATE PRICE — REPLACE WITH SUPPLIER CSV,1088.24,195.88,215.6,411.6,Australian supply-only market benchmarks; not Trend supplier pricing
Window,Double Hung,SD1415,1400,1500,1400H x 1500W,Standard Glass,208.33,Standard Flyscreen,231.0,Standard Security Screen,441.0,Trend National Size Manual / Trend product documentation,ESTIMATED TEMPLATE PRICE — REPLACE WITH SUPPLIER CSV,1157.4,208.33,231.0,441.0,Australian supply-only market benchmarks; not Trend supplier pricing
Window,Double Hung,SD1416,1400,1600,1400H x 1600W,Standard Glass,220.78,Standard Flyscreen,246.4,Standard Security Screen,470.4,Trend National Size Manual / Trend product documentation,ESTIMATED TEMPLATE PRICE — REPLACE WITH SUPPLIER CSV,1226.56,220.78,246.4,470.4,Australian supply-only market benchmarks; not Trend supplier pricing
Window,Double Hung,SD1418,1400,1800,1400H x 1800W,Standard Glass,245.68,Standard Flyscreen,277.2,Standard Security Screen,529.2,Trend National Size Manual / Trend product documentation,ESTIMATED TEMPLATE PRICE — REPLACE WITH SUPPLIER CSV,1364.88,245.68,277.2,529.2,Australian supply-only market benchmarks; not Trend supplier pricing
Window,Double Hung,SD1421,1400,2100,1400H x 2100W,Standard Glass,283.02,Standard Flyscreen,323.4,Standard Security Screen,617.4,Trend National Size Manual / Trend product documentation,ESTIMATED TEMPLATE PRICE — REPLACE WITH SUPPLIER CSV,1572.36,283.02,323.4,617.4,Australian supply-only market benchmarks; not Trend supplier pricing
Window,Double Hung,SD1422,1400,2200,1400H x 2200W,Standard Glass,295.47,Standard Flyscreen,338.8,Standard Security Screen,646.8,Trend National Size Manual / Trend product documentation,ESTIMATED TEMPLATE PRICE — REPLACE WITH SUPPLIER CSV,1641.52,295.47,338.8,646.8,Australian supply-only market benchmarks; not Trend supplier pricing
Window,Double Hung,SD1424,1400,2400,1400H x 2400W,Standard Glass,320.37,Standard Flyscreen,369.6,Standard Security Screen,705.6,Trend National Size Manual / Trend product documentation,ESTIMATED TEMPLATE PRICE — REPLACE WITH SUPPLIER CSV,1779.84,320.37,369.6,705.6,Australian supply-only market benchmarks; not Trend supplier pricing
Window,Double Hung,SD1427,1400,2700,1400H x 2700W,Standard Glass,357.72,Standard Flyscreen,415.8,Standard Security Screen,793.8,Trend National Size Manual / Trend product documentation,ESTIMATED TEMPLATE PRICE — REPLACE WITH SUPPLIER CSV,1987.32,357.72,415.8,793.8,Australian supply-only market benchmarks; not Trend supplier pricing
Window,Double Hung,SD1506,1500,600,1500H x 600W,Standard Glass,101.63,Standard Flyscreen,99.0,Standard Security Screen,189.0,Trend National Size Manual / Trend product documentation,ESTIMATED TEMPLATE PRICE — REPLACE WITH SUPPLIER CSV,564.6,101.63,99.0,189.0,Australian supply-only market benchmarks; not Trend supplier pricing
Window,Double Hung,SD1507,1500,700,1500H x 700W,Standard Glass,114.97,Standard Flyscreen,115.5,Standard Security Screen,220.5,Trend National Size Manual / Trend product documentation,ESTIMATED TEMPLATE PRICE — REPLACE WITH SUPPLIER CSV,638.7,114.97,115.5,220.5,Australian supply-only market benchmarks; not Trend supplier pricing
Window,Double Hung,SD1508,1500,800,1500H x 800W,Standard Glass,128.3,Standard Flyscreen,132.0,Standard Security Screen,252.0,Trend National Size Manual / Trend product documentation,ESTIMATED TEMPLATE PRICE — REPLACE WITH SUPPLIER CSV,712.8,128.3,132.0,252.0,Australian supply-only market benchmarks; not Trend supplier pricing
Window,Double Hung,SD1509,1500,900,1500H x 900W,Standard Glass,141.64,Standard Flyscreen,148.5,Standard Security Screen,283.5,Trend National Size Manual / Trend product documentation,ESTIMATED TEMPLATE PRICE — REPLACE WITH SUPPLIER CSV,786.9,141.64,148.5,283.5,Australian supply-only market benchmarks; not Trend supplier pricing
Window,Double Hung,SD1512,1500,1200,1500H x 1200W,Standard Glass,181.66,Standard Flyscreen,198.0,Standard Security Screen,378.0,Trend National Size Manual / Trend product documentation,ESTIMATED TEMPLATE PRICE — REPLACE WITH SUPPLIER CSV,1009.2,181.66,198.0,378.0,Australian supply-only market benchmarks; not Trend supplier pricing
Window,Double Hung,SD1514,1500,1400,1500H x 1400W,Standard Glass,208.33,Standard Flyscreen,231.0,Standard Security Screen,441.0,Trend National Size Manual / Trend product documentation,ESTIMATED TEMPLATE PRICE — REPLACE WITH SUPPLIER CSV,1157.4,208.33,231.0,441.0,Australian supply-only market benchmarks; not Trend supplier pricing
Window,Double Hung,SD1515,1500,1500,1500H x 1500W,Standard Glass,221.67,Standard Flyscreen,247.5,Standard Security Screen,472.5,Trend National Size Manual / Trend product documentation,ESTIMATED TEMPLATE PRICE — REPLACE WITH SUPPLIER CSV,1231.5,221.67,247.5,472.5,Australian supply-only market benchmarks; not Trend supplier pricing
Window,Double Hung,SD1516,1500,1600,1500H x 1600W,Standard Glass,235.01,Standard Flyscreen,264.0,Standard Security Screen,504.0,Trend National Size Manual / Trend product documentation,ESTIMATED TEMPLATE PRICE — REPLACE WITH SUPPLIER CSV,1305.6,235.01,264.0,504.0,Australian supply-only market benchmarks; not Trend supplier pricing
Window,Double Hung,SD1518,1500,1800,1500H x 1800W,Standard Glass,261.68,Standard Flyscreen,297.0,Standard Security Screen,567.0,Trend National Size Manual / Trend product documentation,ESTIMATED TEMPLATE PRICE — REPLACE WITH SUPPLIER CSV,1453.8,261.68,297.0,567.0,Australian supply-only market benchmarks; not Trend supplier pricing
Window,Double Hung,SD1521,1500,2100,1500H x 2100W,Standard Glass,301.7,Standard Flyscreen,346.5,Standard Security Screen,661.5,Trend National Size Manual / Trend product documentation,ESTIMATED TEMPLATE PRICE — REPLACE WITH SUPPLIER CSV,1676.1,301.7,346.5,661.5,Australian supply-only market benchmarks; not Trend supplier pricing
Window,Double Hung,SD1522,1500,2200,1500H x 2200W,Standard Glass,315.04,Standard Flyscreen,363.0,Standard Security Screen,693.0,Trend National Size Manual / Trend product documentation,ESTIMATED TEMPLATE PRICE — REPLACE WITH SUPPLIER CSV,1750.2,315.04,363.0,693.0,Australian supply-only market benchmarks; not Trend supplier pricing
Window,Double Hung,SD1524,1500,2400,1500H x 2400W,Standard Glass,341.71,Standard Flyscreen,396.0,Standard Security Screen,756.0,Trend National Size Manual / Trend product documentation,ESTIMATED TEMPLATE PRICE — REPLACE WITH SUPPLIER CSV,1898.4,341.71,396.0,756.0,Australian supply-only market benchmarks; not Trend supplier pricing
Window,Double Hung,SD1527,1500,2700,1500H x 2700W,Standard Glass,381.73,Standard Flyscreen,445.5,Standard Security Screen,850.5,Trend National Size Manual / Trend product documentation,ESTIMATED TEMPLATE PRICE — REPLACE WITH SUPPLIER CSV,2120.7,381.73,445.5,850.5,Australian supply-only market benchmarks; not Trend supplier pricing
Window,Double Hung,SD1806,1800,600,1800H x 600W,Standard Glass,117.63,Standard Flyscreen,118.8,Standard Security Screen,226.8,Trend National Size Manual / Trend product documentation,ESTIMATED TEMPLATE PRICE — REPLACE WITH SUPPLIER CSV,653.52,117.63,118.8,226.8,Australian supply-only market benchmarks; not Trend supplier pricing
Window,Double Hung,SD1807,1800,700,1800H x 700W,Standard Glass,133.64,Standard Flyscreen,138.6,Standard Security Screen,264.6,Trend National Size Manual / Trend product documentation,ESTIMATED TEMPLATE PRICE — REPLACE WITH SUPPLIER CSV,742.44,133.64,138.6,264.6,Australian supply-only market benchmarks; not Trend supplier pricing
Window,Double Hung,SD1808,1800,800,1800H x 800W,Standard Glass,149.64,Standard Flyscreen,158.4,Standard Security Screen,302.4,Trend National Size Manual / Trend product documentation,ESTIMATED TEMPLATE PRICE — REPLACE WITH SUPPLIER CSV,831.36,149.64,158.4,302.4,Australian supply-only market benchmarks; not Trend supplier pricing
Window,Double Hung,SD1809,1800,900,1800H x 900W,Standard Glass,165.65,Standard Flyscreen,178.2,Standard Security Screen,340.2,Trend National Size Manual / Trend product documentation,ESTIMATED TEMPLATE PRICE — REPLACE WITH SUPPLIER CSV,920.28,165.65,178.2,340.2,Australian supply-only market benchmarks; not Trend supplier pricing
Window,Double Hung,SD1812,1800,1200,1800H x 1200W,Standard Glass,213.67,Standard Flyscreen,237.6,Standard Security Screen,453.6,Trend National Size Manual / Trend product documentation,ESTIMATED TEMPLATE PRICE — REPLACE WITH SUPPLIER CSV,1187.04,213.67,237.6,453.6,Australian supply-only market benchmarks; not Trend supplier pricing
Window,Double Hung,SD1814,1800,1400,1800H x 1400W,Standard Glass,245.68,Standard Flyscreen,277.2,Standard Security Screen,529.2,Trend National Size Manual / Trend product documentation,ESTIMATED TEMPLATE PRICE — REPLACE WITH SUPPLIER CSV,1364.88,245.68,277.2,529.2,Australian supply-only market benchmarks; not Trend supplier pricing
Window,Double Hung,SD1815,1800,1500,1800H x 1500W,Standard Glass,261.68,Standard Flyscreen,297.0,Standard Security Screen,567.0,Trend National Size Manual / Trend product documentation,ESTIMATED TEMPLATE PRICE — REPLACE WITH SUPPLIER CSV,1453.8,261.68,297.0,567.0,Australian supply-only market benchmarks; not Trend supplier pricing
Window,Double Hung,SD1816,1800,1600,1800H x 1600W,Standard Glass,277.69,Standard Flyscreen,316.8,Standard Security Screen,604.8,Trend National Size Manual / Trend product documentation,ESTIMATED TEMPLATE PRICE — REPLACE WITH SUPPLIER CSV,1542.72,277.69,316.8,604.8,Australian supply-only market benchmarks; not Trend supplier pricing
Window,Double Hung,SD1818,1800,1800,1800H x 1800W,Standard Glass,309.7,Standard Flyscreen,356.4,Standard Security Screen,680.4,Trend National Size Manual / Trend product documentation,ESTIMATED TEMPLATE PRICE — REPLACE WITH SUPPLIER CSV,1720.56,309.7,356.4,680.4,Australian supply-only market benchmarks; not Trend supplier pricing
Window,Double Hung,SD1821,1800,2100,1800H x 2100W,Standard Glass,357.72,Standard Flyscreen,415.8,Standard Security Screen,793.8,Trend National Size Manual / Trend product documentation,ESTIMATED TEMPLATE PRICE — REPLACE WITH SUPPLIER CSV,1987.32,357.72,415.8,793.8,Australian supply-only market benchmarks; not Trend supplier pricing
Window,Double Hung,SD1822,1800,2200,1800H x 2200W,Standard Glass,373.72,Standard Flyscreen,435.6,Standard Security Screen,831.6,Trend National Size Manual / Trend product documentation,ESTIMATED TEMPLATE PRICE — REPLACE WITH SUPPLIER CSV,2076.24,373.72,435.6,831.6,Australian supply-only market benchmarks; not Trend supplier pricing
Window,Double Hung,SD1824,1800,2400,1800H x 2400W,Standard Glass,405.73,Standard Flyscreen,475.2,Standard Security Screen,907.2,Trend National Size Manual / Trend product documentation,ESTIMATED TEMPLATE PRICE — REPLACE WITH SUPPLIER CSV,2254.08,405.73,475.2,907.2,Australian supply-only market benchmarks; not Trend supplier pricing
Window,Double Hung,SD1827,1800,2700,1800H x 2700W,Standard Glass,453.75,Standard Flyscreen,534.6,Standard Security Screen,1020.6,Trend National Size Manual / Trend product documentation,ESTIMATED TEMPLATE PRICE — REPLACE WITH SUPPLIER CSV,2520.84,453.75,534.6,1020.6,Australian supply-only market benchmarks; not Trend supplier pricing
Window,Double Hung,SD2006,2000,600,2000H x 600W,Standard Glass,128.3,Standard Flyscreen,132.0,Standard Security Screen,252.0,Trend National Size Manual / Trend product documentation,ESTIMATED TEMPLATE PRICE — REPLACE WITH SUPPLIER CSV,712.8,128.3,132.0,252.0,Australian supply-only market benchmarks; not Trend supplier pricing
Window,Double Hung,SD2007,2000,700,2000H x 700W,Standard Glass,146.09,Standard Flyscreen,154.0,Standard Security Screen,294.0,Trend National Size Manual / Trend product documentation,ESTIMATED TEMPLATE PRICE — REPLACE WITH SUPPLIER CSV,811.6,146.09,154.0,294.0,Australian supply-only market benchmarks; not Trend supplier pricing
Window,Double Hung,SD2008,2000,800,2000H x 800W,Standard Glass,163.87,Standard Flyscreen,176.0,Standard Security Screen,336.0,Trend National Size Manual / Trend product documentation,ESTIMATED TEMPLATE PRICE — REPLACE WITH SUPPLIER CSV,910.4,163.87,176.0,336.0,Australian supply-only market benchmarks; not Trend supplier pricing
Window,Double Hung,SD2009,2000,900,2000H x 900W,Standard Glass,181.66,Standard Flyscreen,198.0,Standard Security Screen,378.0,Trend National Size Manual / Trend product documentation,ESTIMATED TEMPLATE PRICE — REPLACE WITH SUPPLIER CSV,1009.2,181.66,198.0,378.0,Australian supply-only market benchmarks; not Trend supplier pricing
Window,Double Hung,SD2012,2000,1200,2000H x 1200W,Standard Glass,235.01,Standard Flyscreen,264.0,Standard Security Screen,504.0,Trend National Size Manual / Trend product documentation,ESTIMATED TEMPLATE PRICE — REPLACE WITH SUPPLIER CSV,1305.6,235.01,264.0,504.0,Australian supply-only market benchmarks; not Trend supplier pricing
Window,Double Hung,SD2014,2000,1400,2000H x 1400W,Standard Glass,270.58,Standard Flyscreen,308.0,Standard Security Screen,588.0,Trend National Size Manual / Trend product documentation,ESTIMATED TEMPLATE PRICE — REPLACE WITH SUPPLIER CSV,1503.2,270.58,308.0,588.0,Australian supply-only market benchmarks; not Trend supplier pricing
Window,Double Hung,SD2015,2000,1500,2000H x 1500W,Standard Glass,288.36,Standard Flyscreen,330.0,Standard Security Screen,630.0,Trend National Size Manual / Trend product documentation,ESTIMATED TEMPLATE PRICE — REPLACE WITH SUPPLIER CSV,1602.0,288.36,330.0,630.0,Australian supply-only market benchmarks; not Trend supplier pricing
Window,Double Hung,SD2016,2000,1600,2000H x 1600W,Standard Glass,306.14,Standard Flyscreen,352.0,Standard Security Screen,672.0,Trend National Size Manual / Trend product documentation,ESTIMATED TEMPLATE PRICE — REPLACE WITH SUPPLIER CSV,1700.8,306.14,352.0,672.0,Australian supply-only market benchmarks; not Trend supplier pricing
Window,Double Hung,SD2018,2000,1800,2000H x 1800W,Standard Glass,341.71,Standard Flyscreen,396.0,Standard Security Screen,756.0,Trend National Size Manual / Trend product documentation,ESTIMATED TEMPLATE PRICE — REPLACE WITH SUPPLIER CSV,1898.4,341.71,396.0,756.0,Australian supply-only market benchmarks; not Trend supplier pricing
Window,Double Hung,SD2021,2000,2100,2000H x 2100W,Standard Glass,395.06,Standard Flyscreen,462.0,Standard Security Screen,882.0,Trend National Size Manual / Trend product documentation,ESTIMATED TEMPLATE PRICE — REPLACE WITH SUPPLIER CSV,2194.8,395.06,462.0,882.0,Australian supply-only market benchmarks; not Trend supplier pricing
Window,Double Hung,SD2022,2000,2200,2000H x 2200W,Standard Glass,412.85,Standard Flyscreen,484.0,Standard Security Screen,924.0,Trend National Size Manual / Trend product documentation,ESTIMATED TEMPLATE PRICE — REPLACE WITH SUPPLIER CSV,2293.6,412.85,484.0,924.0,Australian supply-only market benchmarks; not Trend supplier pricing
Window,Double Hung,SD2024,2000,2400,2000H x 2400W,Standard Glass,448.42,Standard Flyscreen,528.0,Standard Security Screen,1008.0,Trend National Size Manual / Trend product documentation,ESTIMATED TEMPLATE PRICE — REPLACE WITH SUPPLIER CSV,2491.2,448.42,528.0,1008.0,Australian supply-only market benchmarks; not Trend supplier pricing
Window,Double Hung,SD2027,2000,2700,2000H x 2700W,Standard Glass,501.77,Standard Flyscreen,594.0,Standard Security Screen,1134.0,Trend National Size Manual / Trend product documentation,ESTIMATED TEMPLATE PRICE — REPLACE WITH SUPPLIER CSV,2787.6,501.77,594.0,1134.0,Australian supply-only market benchmarks; not Trend supplier pricing
Window,Double Hung,SD2106,2100,600,2100H x 600W,Standard Glass,133.64,Standard Flyscreen,138.6,Standard Security Screen,264.6,Trend National Size Manual / Trend product documentation,ESTIMATED TEMPLATE PRICE — REPLACE WITH SUPPLIER CSV,742.44,133.64,138.6,264.6,Australian supply-only market benchmarks; not Trend supplier pricing
Window,Double Hung,SD2107,2100,700,2100H x 700W,Standard Glass,152.31,Standard Flyscreen,161.7,Standard Security Screen,308.7,Trend National Size Manual / Trend product documentation,ESTIMATED TEMPLATE PRICE — REPLACE WITH SUPPLIER CSV,846.18,152.31,161.7,308.7,Australian supply-only market benchmarks; not Trend supplier pricing
Window,Double Hung,SD2108,2100,800,2100H x 800W,Standard Glass,170.99,Standard Flyscreen,184.8,Standard Security Screen,352.8,Trend National Size Manual / Trend product documentation,ESTIMATED TEMPLATE PRICE — REPLACE WITH SUPPLIER CSV,949.92,170.99,184.8,352.8,Australian supply-only market benchmarks; not Trend supplier pricing
Window,Double Hung,SD2109,2100,900,2100H x 900W,Standard Glass,189.66,Standard Flyscreen,207.9,Standard Security Screen,396.9,Trend National Size Manual / Trend product documentation,ESTIMATED TEMPLATE PRICE — REPLACE WITH SUPPLIER CSV,1053.66,189.66,207.9,396.9,Australian supply-only market benchmarks; not Trend supplier pricing
Window,Double Hung,SD2112,2100,1200,2100H x 1200W,Standard Glass,245.68,Standard Flyscreen,277.2,Standard Security Screen,529.2,Trend National Size Manual / Trend product documentation,ESTIMATED TEMPLATE PRICE — REPLACE WITH SUPPLIER CSV,1364.88,245.68,277.2,529.2,Australian supply-only market benchmarks; not Trend supplier pricing
Window,Double Hung,SD2114,2100,1400,2100H x 1400W,Standard Glass,283.02,Standard Flyscreen,323.4,Standard Security Screen,617.4,Trend National Size Manual / Trend product documentation,ESTIMATED TEMPLATE PRICE — REPLACE WITH SUPPLIER CSV,1572.36,283.02,323.4,617.4,Australian supply-only market benchmarks; not Trend supplier pricing
Window,Double Hung,SD2115,2100,1500,2100H x 1500W,Standard Glass,301.7,Standard Flyscreen,346.5,Standard Security Screen,661.5,Trend National Size Manual / Trend product documentation,ESTIMATED TEMPLATE PRICE — REPLACE WITH SUPPLIER CSV,1676.1,301.7,346.5,661.5,Australian supply-only market benchmarks; not Trend supplier pricing
Window,Double Hung,SD2116,2100,1600,2100H x 1600W,Standard Glass,320.37,Standard Flyscreen,369.6,Standard Security Screen,705.6,Trend National Size Manual / Trend product documentation,ESTIMATED TEMPLATE PRICE — REPLACE WITH SUPPLIER CSV,1779.84,320.37,369.6,705.6,Australian supply-only market benchmarks; not Trend supplier pricing
Window,Double Hung,SD2118,2100,1800,2100H x 1800W,Standard Glass,357.72,Standard Flyscreen,415.8,Standard Security Screen,793.8,Trend National Size Manual / Trend product documentation,ESTIMATED TEMPLATE PRICE — REPLACE WITH SUPPLIER CSV,1987.32,357.72,415.8,793.8,Australian supply-only market benchmarks; not Trend supplier pricing
Window,Double Hung,SD2121,2100,2100,2100H x 2100W,Standard Glass,413.74,Standard Flyscreen,485.1,Standard Security Screen,926.1,Trend National Size Manual / Trend product documentation,ESTIMATED TEMPLATE PRICE — REPLACE WITH SUPPLIER CSV,2298.54,413.74,485.1,926.1,Australian supply-only market benchmarks; not Trend supplier pricing
Window,Double Hung,SD2122,2100,2200,2100H x 2200W,Standard Glass,432.41,Standard Flyscreen,508.2,Standard Security Screen,970.2,Trend National Size Manual / Trend product documentation,ESTIMATED TEMPLATE PRICE — REPLACE WITH SUPPLIER CSV,2402.28,432.41,508.2,970.2,Australian supply-only market benchmarks; not Trend supplier pricing
Window,Double Hung,SD2124,2100,2400,2100H x 2400W,Standard Glass,469.76,Standard Flyscreen,554.4,Standard Security Screen,1058.4,Trend National Size Manual / Trend product documentation,ESTIMATED TEMPLATE PRICE — REPLACE WITH SUPPLIER CSV,2609.76,469.76,554.4,1058.4,Australian supply-only market benchmarks; not Trend supplier pricing
Window,Double Hung,SD2127,2100,2700,2100H x 2700W,Standard Glass,525.78,Standard Flyscreen,623.7,Standard Security Screen,1190.7,Trend National Size Manual / Trend product documentation,ESTIMATED TEMPLATE PRICE — REPLACE WITH SUPPLIER CSV,2920.98,525.78,623.7,1190.7,Australian supply-only market benchmarks; not Trend supplier pricing
Window,Awning,QA0606,600,600,600H x 600W,Standard Glass,90.0,Standard Flyscreen,95.0,Standard Security Screen,180.0,Trend National Size Manual / Trend product documentation,ESTIMATED TEMPLATE PRICE — REPLACE WITH SUPPLIER CSV,500.0,90.0,95.0,180.0,Australian supply-only market benchmarks; not Trend supplier pricing
Window,Awning,QA0609,600,900,600H x 900W,Standard Glass,90.0,Standard Flyscreen,95.0,Standard Security Screen,180.0,Trend National Size Manual / Trend product documentation,ESTIMATED TEMPLATE PRICE — REPLACE WITH SUPPLIER CSV,500.0,90.0,95.0,180.0,Australian supply-only market benchmarks; not Trend supplier pricing
Window,Awning,QA0612,600,1200,600H x 1200W,Standard Glass,90.0,Standard Flyscreen,95.0,Standard Security Screen,180.0,Trend National Size Manual / Trend product documentation,ESTIMATED TEMPLATE PRICE — REPLACE WITH SUPPLIER CSV,500.0,90.0,95.0,180.0,Australian supply-only market benchmarks; not Trend supplier pricing
Window,Awning,QA0615,600,1500,600H x 1500W,Standard Glass,98.55,Standard Flyscreen,99.0,Standard Security Screen,189.0,Trend National Size Manual / Trend product documentation,ESTIMATED TEMPLATE PRICE — REPLACE WITH SUPPLIER CSV,547.5,98.55,99.0,189.0,Australian supply-only market benchmarks; not Trend supplier pricing
Window,Awning,QA0618,600,1800,600H x 1800W,Standard Glass,113.94,Standard Flyscreen,118.8,Standard Security Screen,226.8,Trend National Size Manual / Trend product documentation,ESTIMATED TEMPLATE PRICE — REPLACE WITH SUPPLIER CSV,633.0,113.94,118.8,226.8,Australian supply-only market benchmarks; not Trend supplier pricing
Window,Awning,QA0621,600,2100,600H x 2100W,Standard Glass,129.33,Standard Flyscreen,138.6,Standard Security Screen,264.6,Trend National Size Manual / Trend product documentation,ESTIMATED TEMPLATE PRICE — REPLACE WITH SUPPLIER CSV,718.5,129.33,138.6,264.6,Australian supply-only market benchmarks; not Trend supplier pricing
Window,Awning,QA0624,600,2400,600H x 2400W,Standard Glass,144.72,Standard Flyscreen,158.4,Standard Security Screen,302.4,Trend National Size Manual / Trend product documentation,ESTIMATED TEMPLATE PRICE — REPLACE WITH SUPPLIER CSV,804.0,144.72,158.4,302.4,Australian supply-only market benchmarks; not Trend supplier pricing
Window,Awning,QA0627,600,2700,600H x 2700W,Standard Glass,160.11,Standard Flyscreen,178.2,Standard Security Screen,340.2,Trend National Size Manual / Trend product documentation,ESTIMATED TEMPLATE PRICE — REPLACE WITH SUPPLIER CSV,889.5,160.11,178.2,340.2,Australian supply-only market benchmarks; not Trend supplier pricing
Window,Awning,QA0906,900,600,900H x 600W,Standard Glass,90.0,Standard Flyscreen,95.0,Standard Security Screen,180.0,Trend National Size Manual / Trend product documentation,ESTIMATED TEMPLATE PRICE — REPLACE WITH SUPPLIER CSV,500.0,90.0,95.0,180.0,Australian supply-only market benchmarks; not Trend supplier pricing
Window,Awning,QA0909,900,900,900H x 900W,Standard Glass,90.85,Standard Flyscreen,95.0,Standard Security Screen,180.0,Trend National Size Manual / Trend product documentation,ESTIMATED TEMPLATE PRICE — REPLACE WITH SUPPLIER CSV,504.75,90.85,95.0,180.0,Australian supply-only market benchmarks; not Trend supplier pricing
Window,Awning,QA0912,900,1200,900H x 1200W,Standard Glass,113.94,Standard Flyscreen,118.8,Standard Security Screen,226.8,Trend National Size Manual / Trend product documentation,ESTIMATED TEMPLATE PRICE — REPLACE WITH SUPPLIER CSV,633.0,113.94,118.8,226.8,Australian supply-only market benchmarks; not Trend supplier pricing
Window,Awning,QA0915,900,1500,900H x 1500W,Standard Glass,137.03,Standard Flyscreen,148.5,Standard Security Screen,283.5,Trend National Size Manual / Trend product documentation,ESTIMATED TEMPLATE PRICE — REPLACE WITH SUPPLIER CSV,761.25,137.03,148.5,283.5,Australian supply-only market benchmarks; not Trend supplier pricing
Window,Awning,QA0918,900,1800,900H x 1800W,Standard Glass,160.11,Standard Flyscreen,178.2,Standard Security Screen,340.2,Trend National Size Manual / Trend product documentation,ESTIMATED TEMPLATE PRICE — REPLACE WITH SUPPLIER CSV,889.5,160.11,178.2,340.2,Australian supply-only market benchmarks; not Trend supplier pricing
Window,Awning,QA0921,900,2100,900H x 2100W,Standard Glass,183.19,Standard Flyscreen,207.9,Standard Security Screen,396.9,Trend National Size Manual / Trend product documentation,ESTIMATED TEMPLATE PRICE — REPLACE WITH SUPPLIER CSV,1017.75,183.19,207.9,396.9,Australian supply-only market benchmarks; not Trend supplier pricing
Window,Awning,QA0924,900,2400,900H x 2400W,Standard Glass,206.28,Standard Flyscreen,237.6,Standard Security Screen,453.6,Trend National Size Manual / Trend product documentation,ESTIMATED TEMPLATE PRICE — REPLACE WITH SUPPLIER CSV,1146.0,206.28,237.6,453.6,Australian supply-only market benchmarks; not Trend supplier pricing
Window,Awning,QA0927,900,2700,900H x 2700W,Standard Glass,229.36,Standard Flyscreen,267.3,Standard Security Screen,510.3,Trend National Size Manual / Trend product documentation,ESTIMATED TEMPLATE PRICE — REPLACE WITH SUPPLIER CSV,1274.25,229.36,267.3,510.3,Australian supply-only market benchmarks; not Trend supplier pricing
Window,Awning,QA1006,1000,600,1000H x 600W,Standard Glass,90.0,Standard Flyscreen,95.0,Standard Security Screen,180.0,Trend National Size Manual / Trend product documentation,ESTIMATED TEMPLATE PRICE — REPLACE WITH SUPPLIER CSV,500.0,90.0,95.0,180.0,Australian supply-only market benchmarks; not Trend supplier pricing
Window,Awning,QA1009,1000,900,1000H x 900W,Standard Glass,98.55,Standard Flyscreen,99.0,Standard Security Screen,189.0,Trend National Size Manual / Trend product documentation,ESTIMATED TEMPLATE PRICE — REPLACE WITH SUPPLIER CSV,547.5,98.55,99.0,189.0,Australian supply-only market benchmarks; not Trend supplier pricing
Window,Awning,QA1012,1000,1200,1000H x 1200W,Standard Glass,124.2,Standard Flyscreen,132.0,Standard Security Screen,252.0,Trend National Size Manual / Trend product documentation,ESTIMATED TEMPLATE PRICE — REPLACE WITH SUPPLIER CSV,690.0,124.2,132.0,252.0,Australian supply-only market benchmarks; not Trend supplier pricing
Window,Awning,QA1015,1000,1500,1000H x 1500W,Standard Glass,149.85,Standard Flyscreen,165.0,Standard Security Screen,315.0,Trend National Size Manual / Trend product documentation,ESTIMATED TEMPLATE PRICE — REPLACE WITH SUPPLIER CSV,832.5,149.85,165.0,315.0,Australian supply-only market benchmarks; not Trend supplier pricing
Window,Awning,QA1018,1000,1800,1000H x 1800W,Standard Glass,175.5,Standard Flyscreen,198.0,Standard Security Screen,378.0,Trend National Size Manual / Trend product documentation,ESTIMATED TEMPLATE PRICE — REPLACE WITH SUPPLIER CSV,975.0,175.5,198.0,378.0,Australian supply-only market benchmarks; not Trend supplier pricing
Window,Awning,QA1021,1000,2100,1000H x 2100W,Standard Glass,201.15,Standard Flyscreen,231.0,Standard Security Screen,441.0,Trend National Size Manual / Trend product documentation,ESTIMATED TEMPLATE PRICE — REPLACE WITH SUPPLIER CSV,1117.5,201.15,231.0,441.0,Australian supply-only market benchmarks; not Trend supplier pricing
Window,Awning,QA1024,1000,2400,1000H x 2400W,Standard Glass,226.8,Standard Flyscreen,264.0,Standard Security Screen,504.0,Trend National Size Manual / Trend product documentation,ESTIMATED TEMPLATE PRICE — REPLACE WITH SUPPLIER CSV,1260.0,226.8,264.0,504.0,Australian supply-only market benchmarks; not Trend supplier pricing
Window,Awning,QA1027,1000,2700,1000H x 2700W,Standard Glass,252.45,Standard Flyscreen,297.0,Standard Security Screen,567.0,Trend National Size Manual / Trend product documentation,ESTIMATED TEMPLATE PRICE — REPLACE WITH SUPPLIER CSV,1402.5,252.45,297.0,567.0,Australian supply-only market benchmarks; not Trend supplier pricing
Window,Awning,QA1206,1200,600,1200H x 600W,Standard Glass,90.0,Standard Flyscreen,95.0,Standard Security Screen,180.0,Trend National Size Manual / Trend product documentation,ESTIMATED TEMPLATE PRICE — REPLACE WITH SUPPLIER CSV,500.0,90.0,95.0,180.0,Australian supply-only market benchmarks; not Trend supplier pricing
Window,Awning,QA1209,1200,900,1200H x 900W,Standard Glass,113.94,Standard Flyscreen,118.8,Standard Security Screen,226.8,Trend National Size Manual / Trend product documentation,ESTIMATED TEMPLATE PRICE — REPLACE WITH SUPPLIER CSV,633.0,113.94,118.8,226.8,Australian supply-only market benchmarks; not Trend supplier pricing
Window,Awning,QA1212,1200,1200,1200H x 1200W,Standard Glass,144.72,Standard Flyscreen,158.4,Standard Security Screen,302.4,Trend National Size Manual / Trend product documentation,ESTIMATED TEMPLATE PRICE — REPLACE WITH SUPPLIER CSV,804.0,144.72,158.4,302.4,Australian supply-only market benchmarks; not Trend supplier pricing
Window,Awning,QA1215,1200,1500,1200H x 1500W,Standard Glass,175.5,Standard Flyscreen,198.0,Standard Security Screen,378.0,Trend National Size Manual / Trend product documentation,ESTIMATED TEMPLATE PRICE — REPLACE WITH SUPPLIER CSV,975.0,175.5,198.0,378.0,Australian supply-only market benchmarks; not Trend supplier pricing
Window,Awning,QA1218,1200,1800,1200H x 1800W,Standard Glass,206.28,Standard Flyscreen,237.6,Standard Security Screen,453.6,Trend National Size Manual / Trend product documentation,ESTIMATED TEMPLATE PRICE — REPLACE WITH SUPPLIER CSV,1146.0,206.28,237.6,453.6,Australian supply-only market benchmarks; not Trend supplier pricing
Window,Awning,QA1221,1200,2100,1200H x 2100W,Standard Glass,237.06,Standard Flyscreen,277.2,Standard Security Screen,529.2,Trend National Size Manual / Trend product documentation,ESTIMATED TEMPLATE PRICE — REPLACE WITH SUPPLIER CSV,1317.0,237.06,277.2,529.2,Australian supply-only market benchmarks; not Trend supplier pricing
Window,Awning,QA1224,1200,2400,1200H x 2400W,Standard Glass,267.84,Standard Flyscreen,316.8,Standard Security Screen,604.8,Trend National Size Manual / Trend product documentation,ESTIMATED TEMPLATE PRICE — REPLACE WITH SUPPLIER CSV,1488.0,267.84,316.8,604.8,Australian supply-only market benchmarks; not Trend supplier pricing
Window,Awning,QA1227,1200,2700,1200H x 2700W,Standard Glass,298.62,Standard Flyscreen,356.4,Standard Security Screen,680.4,Trend National Size Manual / Trend product documentation,ESTIMATED TEMPLATE PRICE — REPLACE WITH SUPPLIER CSV,1659.0,298.62,356.4,680.4,Australian supply-only market benchmarks; not Trend supplier pricing
Window,Awning,QA1406,1400,600,1400H x 600W,Standard Glass,93.42,Standard Flyscreen,95.0,Standard Security Screen,180.0,Trend National Size Manual / Trend product documentation,ESTIMATED TEMPLATE PRICE — REPLACE WITH SUPPLIER CSV,519.0,93.42,95.0,180.0,Australian supply-only market benchmarks; not Trend supplier pricing
Window,Awning,QA1409,1400,900,1400H x 900W,Standard Glass,129.33,Standard Flyscreen,138.6,Standard Security Screen,264.6,Trend National Size Manual / Trend product documentation,ESTIMATED TEMPLATE PRICE — REPLACE WITH SUPPLIER CSV,718.5,129.33,138.6,264.6,Australian supply-only market benchmarks; not Trend supplier pricing
Window,Awning,QA1412,1400,1200,1400H x 1200W,Standard Glass,165.24,Standard Flyscreen,184.8,Standard Security Screen,352.8,Trend National Size Manual / Trend product documentation,ESTIMATED TEMPLATE PRICE — REPLACE WITH SUPPLIER CSV,918.0,165.24,184.8,352.8,Australian supply-only market benchmarks; not Trend supplier pricing
Window,Awning,QA1415,1400,1500,1400H x 1500W,Standard Glass,201.15,Standard Flyscreen,231.0,Standard Security Screen,441.0,Trend National Size Manual / Trend product documentation,ESTIMATED TEMPLATE PRICE — REPLACE WITH SUPPLIER CSV,1117.5,201.15,231.0,441.0,Australian supply-only market benchmarks; not Trend supplier pricing
Window,Awning,QA1418,1400,1800,1400H x 1800W,Standard Glass,237.06,Standard Flyscreen,277.2,Standard Security Screen,529.2,Trend National Size Manual / Trend product documentation,ESTIMATED TEMPLATE PRICE — REPLACE WITH SUPPLIER CSV,1317.0,237.06,277.2,529.2,Australian supply-only market benchmarks; not Trend supplier pricing
Window,Awning,QA1421,1400,2100,1400H x 2100W,Standard Glass,272.97,Standard Flyscreen,323.4,Standard Security Screen,617.4,Trend National Size Manual / Trend product documentation,ESTIMATED TEMPLATE PRICE — REPLACE WITH SUPPLIER CSV,1516.5,272.97,323.4,617.4,Australian supply-only market benchmarks; not Trend supplier pricing
Window,Awning,QA1424,1400,2400,1400H x 2400W,Standard Glass,308.88,Standard Flyscreen,369.6,Standard Security Screen,705.6,Trend National Size Manual / Trend product documentation,ESTIMATED TEMPLATE PRICE — REPLACE WITH SUPPLIER CSV,1716.0,308.88,369.6,705.6,Australian supply-only market benchmarks; not Trend supplier pricing
Window,Awning,QA1427,1400,2700,1400H x 2700W,Standard Glass,344.79,Standard Flyscreen,415.8,Standard Security Screen,793.8,Trend National Size Manual / Trend product documentation,ESTIMATED TEMPLATE PRICE — REPLACE WITH SUPPLIER CSV,1915.5,344.79,415.8,793.8,Australian supply-only market benchmarks; not Trend supplier pricing
Window,Awning,QA1806,1800,600,1800H x 600W,Standard Glass,113.94,Standard Flyscreen,118.8,Standard Security Screen,226.8,Trend National Size Manual / Trend product documentation,ESTIMATED TEMPLATE PRICE — REPLACE WITH SUPPLIER CSV,633.0,113.94,118.8,226.8,Australian supply-only market benchmarks; not Trend supplier pricing
Window,Awning,QA1809,1800,900,1800H x 900W,Standard Glass,160.11,Standard Flyscreen,178.2,Standard Security Screen,340.2,Trend National Size Manual / Trend product documentation,ESTIMATED TEMPLATE PRICE — REPLACE WITH SUPPLIER CSV,889.5,160.11,178.2,340.2,Australian supply-only market benchmarks; not Trend supplier pricing
Window,Awning,QA1812,1800,1200,1800H x 1200W,Standard Glass,206.28,Standard Flyscreen,237.6,Standard Security Screen,453.6,Trend National Size Manual / Trend product documentation,ESTIMATED TEMPLATE PRICE — REPLACE WITH SUPPLIER CSV,1146.0,206.28,237.6,453.6,Australian supply-only market benchmarks; not Trend supplier pricing
Window,Awning,QA1815,1800,1500,1800H x 1500W,Standard Glass,252.45,Standard Flyscreen,297.0,Standard Security Screen,567.0,Trend National Size Manual / Trend product documentation,ESTIMATED TEMPLATE PRICE — REPLACE WITH SUPPLIER CSV,1402.5,252.45,297.0,567.0,Australian supply-only market benchmarks; not Trend supplier pricing
Window,Awning,QA1818,1800,1800,1800H x 1800W,Standard Glass,298.62,Standard Flyscreen,356.4,Standard Security Screen,680.4,Trend National Size Manual / Trend product documentation,ESTIMATED TEMPLATE PRICE — REPLACE WITH SUPPLIER CSV,1659.0,298.62,356.4,680.4,Australian supply-only market benchmarks; not Trend supplier pricing
Window,Awning,QA1821,1800,2100,1800H x 2100W,Standard Glass,344.79,Standard Flyscreen,415.8,Standard Security Screen,793.8,Trend National Size Manual / Trend product documentation,ESTIMATED TEMPLATE PRICE — REPLACE WITH SUPPLIER CSV,1915.5,344.79,415.8,793.8,Australian supply-only market benchmarks; not Trend supplier pricing
Window,Awning,QA1824,1800,2400,1800H x 2400W,Standard Glass,390.96,Standard Flyscreen,475.2,Standard Security Screen,907.2,Trend National Size Manual / Trend product documentation,ESTIMATED TEMPLATE PRICE — REPLACE WITH SUPPLIER CSV,2172.0,390.96,475.2,907.2,Australian supply-only market benchmarks; not Trend supplier pricing
Window,Awning,QA1827,1800,2700,1800H x 2700W,Standard Glass,437.13,Standard Flyscreen,534.6,Standard Security Screen,1020.6,Trend National Size Manual / Trend product documentation,ESTIMATED TEMPLATE PRICE — REPLACE WITH SUPPLIER CSV,2428.5,437.13,534.6,1020.6,Australian supply-only market benchmarks; not Trend supplier pricing
Window,Awning,QA2106,2100,600,2100H x 600W,Standard Glass,129.33,Standard Flyscreen,138.6,Standard Security Screen,264.6,Trend National Size Manual / Trend product documentation,ESTIMATED TEMPLATE PRICE — REPLACE WITH SUPPLIER CSV,718.5,129.33,138.6,264.6,Australian supply-only market benchmarks; not Trend supplier pricing
Window,Awning,QA2109,2100,900,2100H x 900W,Standard Glass,183.19,Standard Flyscreen,207.9,Standard Security Screen,396.9,Trend National Size Manual / Trend product documentation,ESTIMATED TEMPLATE PRICE — REPLACE WITH SUPPLIER CSV,1017.75,183.19,207.9,396.9,Australian supply-only market benchmarks; not Trend supplier pricing
Window,Awning,QA2112,2100,1200,2100H x 1200W,Standard Glass,237.06,Standard Flyscreen,277.2,Standard Security Screen,529.2,Trend National Size Manual / Trend product documentation,ESTIMATED TEMPLATE PRICE — REPLACE WITH SUPPLIER CSV,1317.0,237.06,277.2,529.2,Australian supply-only market benchmarks; not Trend supplier pricing
Window,Awning,QA2115,2100,1500,2100H x 1500W,Standard Glass,290.93,Standard Flyscreen,346.5,Standard Security Screen,661.5,Trend National Size Manual / Trend product documentation,ESTIMATED TEMPLATE PRICE — REPLACE WITH SUPPLIER CSV,1616.25,290.93,346.5,661.5,Australian supply-only market benchmarks; not Trend supplier pricing
Window,Awning,QA2118,2100,1800,2100H x 1800W,Standard Glass,344.79,Standard Flyscreen,415.8,Standard Security Screen,793.8,Trend National Size Manual / Trend product documentation,ESTIMATED TEMPLATE PRICE — REPLACE WITH SUPPLIER CSV,1915.5,344.79,415.8,793.8,Australian supply-only market benchmarks; not Trend supplier pricing
Window,Awning,QA2121,2100,2100,2100H x 2100W,Standard Glass,398.65,Standard Flyscreen,485.1,Standard Security Screen,926.1,Trend National Size Manual / Trend product documentation,ESTIMATED TEMPLATE PRICE — REPLACE WITH SUPPLIER CSV,2214.75,398.65,485.1,926.1,Australian supply-only market benchmarks; not Trend supplier pricing
Window,Awning,QA2124,2100,2400,2100H x 2400W,Standard Glass,452.52,Standard Flyscreen,554.4,Standard Security Screen,1058.4,Trend National Size Manual / Trend product documentation,ESTIMATED TEMPLATE PRICE — REPLACE WITH SUPPLIER CSV,2514.0,452.52,554.4,1058.4,Australian supply-only market benchmarks; not Trend supplier pricing
Window,Awning,QA2127,2100,2700,2100H x 2700W,Standard Glass,506.38,Standard Flyscreen,623.7,Standard Security Screen,1190.7,Trend National Size Manual / Trend product documentation,ESTIMATED TEMPLATE PRICE — REPLACE WITH SUPPLIER CSV,2813.25,506.38,623.7,1190.7,Australian supply-only market benchmarks; not Trend supplier pricing
Window,Louvre,QL0603,600,300,600H x 300W,Standard Glass,126.0,Standard Flyscreen,95.0,Standard Security Screen,180.0,Trend National Size Manual / Trend product documentation,ESTIMATED TEMPLATE PRICE — REPLACE WITH SUPPLIER CSV,700.0,126.0,95.0,180.0,Australian supply-only market benchmarks; not Trend supplier pricing
Window,Louvre,QL0604,600,450,600H x 450W,Standard Glass,126.0,Standard Flyscreen,95.0,Standard Security Screen,180.0,Trend National Size Manual / Trend product documentation,ESTIMATED TEMPLATE PRICE — REPLACE WITH SUPPLIER CSV,700.0,126.0,95.0,180.0,Australian supply-only market benchmarks; not Trend supplier pricing
Window,Louvre,QL0606,600,600,600H x 600W,Standard Glass,126.0,Standard Flyscreen,95.0,Standard Security Screen,180.0,Trend National Size Manual / Trend product documentation,ESTIMATED TEMPLATE PRICE — REPLACE WITH SUPPLIER CSV,700.0,126.0,95.0,180.0,Australian supply-only market benchmarks; not Trend supplier pricing
Window,Louvre,QL0607,600,750,600H x 750W,Standard Glass,126.0,Standard Flyscreen,95.0,Standard Security Screen,180.0,Trend National Size Manual / Trend product documentation,ESTIMATED TEMPLATE PRICE — REPLACE WITH SUPPLIER CSV,700.0,126.0,95.0,180.0,Australian supply-only market benchmarks; not Trend supplier pricing
Window,Louvre,QL0609,600,900,600H x 900W,Standard Glass,126.0,Standard Flyscreen,95.0,Standard Security Screen,180.0,Trend National Size Manual / Trend product documentation,ESTIMATED TEMPLATE PRICE — REPLACE WITH SUPPLIER CSV,700.0,126.0,95.0,180.0,Australian supply-only market benchmarks; not Trend supplier pricing
Window,Louvre,QL0903,900,300,900H x 300W,Standard Glass,126.0,Standard Flyscreen,95.0,Standard Security Screen,180.0,Trend National Size Manual / Trend product documentation,ESTIMATED TEMPLATE PRICE — REPLACE WITH SUPPLIER CSV,700.0,126.0,95.0,180.0,Australian supply-only market benchmarks; not Trend supplier pricing
Window,Louvre,QL0904,900,450,900H x 450W,Standard Glass,126.0,Standard Flyscreen,95.0,Standard Security Screen,180.0,Trend National Size Manual / Trend product documentation,ESTIMATED TEMPLATE PRICE — REPLACE WITH SUPPLIER CSV,700.0,126.0,95.0,180.0,Australian supply-only market benchmarks; not Trend supplier pricing
Window,Louvre,QL0906,900,600,900H x 600W,Standard Glass,126.0,Standard Flyscreen,95.0,Standard Security Screen,180.0,Trend National Size Manual / Trend product documentation,ESTIMATED TEMPLATE PRICE — REPLACE WITH SUPPLIER CSV,700.0,126.0,95.0,180.0,Australian supply-only market benchmarks; not Trend supplier pricing
Window,Louvre,QL0907,900,750,900H x 750W,Standard Glass,126.0,Standard Flyscreen,95.0,Standard Security Screen,180.0,Trend National Size Manual / Trend product documentation,ESTIMATED TEMPLATE PRICE — REPLACE WITH SUPPLIER CSV,700.0,126.0,95.0,180.0,Australian supply-only market benchmarks; not Trend supplier pricing
Window,Louvre,QL0909,900,900,900H x 900W,Standard Glass,126.0,Standard Flyscreen,95.0,Standard Security Screen,180.0,Trend National Size Manual / Trend product documentation,ESTIMATED TEMPLATE PRICE — REPLACE WITH SUPPLIER CSV,700.0,126.0,95.0,180.0,Australian supply-only market benchmarks; not Trend supplier pricing
Window,Louvre,QL1203,1200,300,1200H x 300W,Standard Glass,126.0,Standard Flyscreen,95.0,Standard Security Screen,180.0,Trend National Size Manual / Trend product documentation,ESTIMATED TEMPLATE PRICE — REPLACE WITH SUPPLIER CSV,700.0,126.0,95.0,180.0,Australian supply-only market benchmarks; not Trend supplier pricing
Window,Louvre,QL1204,1200,450,1200H x 450W,Standard Glass,126.0,Standard Flyscreen,95.0,Standard Security Screen,180.0,Trend National Size Manual / Trend product documentation,ESTIMATED TEMPLATE PRICE — REPLACE WITH SUPPLIER CSV,700.0,126.0,95.0,180.0,Australian supply-only market benchmarks; not Trend supplier pricing
Window,Louvre,QL1206,1200,600,1200H x 600W,Standard Glass,126.0,Standard Flyscreen,95.0,Standard Security Screen,180.0,Trend National Size Manual / Trend product documentation,ESTIMATED TEMPLATE PRICE — REPLACE WITH SUPPLIER CSV,700.0,126.0,95.0,180.0,Australian supply-only market benchmarks; not Trend supplier pricing
Window,Louvre,QL1207,1200,750,1200H x 750W,Standard Glass,129.33,Standard Flyscreen,99.0,Standard Security Screen,189.0,Trend National Size Manual / Trend product documentation,ESTIMATED TEMPLATE PRICE — REPLACE WITH SUPPLIER CSV,718.5,129.33,99.0,189.0,Australian supply-only market benchmarks; not Trend supplier pricing
Window,Louvre,QL1209,1200,900,1200H x 900W,Standard Glass,150.88,Standard Flyscreen,118.8,Standard Security Screen,226.8,Trend National Size Manual / Trend product documentation,ESTIMATED TEMPLATE PRICE — REPLACE WITH SUPPLIER CSV,838.2,150.88,118.8,226.8,Australian supply-only market benchmarks; not Trend supplier pricing
Window,Louvre,QL1503,1500,300,1500H x 300W,Standard Glass,126.0,Standard Flyscreen,95.0,Standard Security Screen,180.0,Trend National Size Manual / Trend product documentation,ESTIMATED TEMPLATE PRICE — REPLACE WITH SUPPLIER CSV,700.0,126.0,95.0,180.0,Australian supply-only market benchmarks; not Trend supplier pricing
Window,Louvre,QL1504,1500,450,1500H x 450W,Standard Glass,126.0,Standard Flyscreen,95.0,Standard Security Screen,180.0,Trend National Size Manual / Trend product documentation,ESTIMATED TEMPLATE PRICE — REPLACE WITH SUPPLIER CSV,700.0,126.0,95.0,180.0,Australian supply-only market benchmarks; not Trend supplier pricing
Window,Louvre,QL1506,1500,600,1500H x 600W,Standard Glass,129.33,Standard Flyscreen,99.0,Standard Security Screen,189.0,Trend National Size Manual / Trend product documentation,ESTIMATED TEMPLATE PRICE — REPLACE WITH SUPPLIER CSV,718.5,129.33,99.0,189.0,Australian supply-only market benchmarks; not Trend supplier pricing
Window,Louvre,QL1507,1500,750,1500H x 750W,Standard Glass,156.26,Standard Flyscreen,123.75,Standard Security Screen,236.25,Trend National Size Manual / Trend product documentation,ESTIMATED TEMPLATE PRICE — REPLACE WITH SUPPLIER CSV,868.12,156.26,123.75,236.25,Australian supply-only market benchmarks; not Trend supplier pricing
Window,Louvre,QL1509,1500,900,1500H x 900W,Standard Glass,183.19,Standard Flyscreen,148.5,Standard Security Screen,283.5,Trend National Size Manual / Trend product documentation,ESTIMATED TEMPLATE PRICE — REPLACE WITH SUPPLIER CSV,1017.75,183.19,148.5,283.5,Australian supply-only market benchmarks; not Trend supplier pricing
Window,Louvre,QL1803,1800,300,1800H x 300W,Standard Glass,126.0,Standard Flyscreen,95.0,Standard Security Screen,180.0,Trend National Size Manual / Trend product documentation,ESTIMATED TEMPLATE PRICE — REPLACE WITH SUPPLIER CSV,700.0,126.0,95.0,180.0,Australian supply-only market benchmarks; not Trend supplier pricing
Window,Louvre,QL1804,1800,450,1800H x 450W,Standard Glass,126.0,Standard Flyscreen,95.0,Standard Security Screen,180.0,Trend National Size Manual / Trend product documentation,ESTIMATED TEMPLATE PRICE — REPLACE WITH SUPPLIER CSV,700.0,126.0,95.0,180.0,Australian supply-only market benchmarks; not Trend supplier pricing
Window,Louvre,QL1806,1800,600,1800H x 600W,Standard Glass,150.88,Standard Flyscreen,118.8,Standard Security Screen,226.8,Trend National Size Manual / Trend product documentation,ESTIMATED TEMPLATE PRICE — REPLACE WITH SUPPLIER CSV,838.2,150.88,118.8,226.8,Australian supply-only market benchmarks; not Trend supplier pricing
Window,Louvre,QL1807,1800,750,1800H x 750W,Standard Glass,183.19,Standard Flyscreen,148.5,Standard Security Screen,283.5,Trend National Size Manual / Trend product documentation,ESTIMATED TEMPLATE PRICE — REPLACE WITH SUPPLIER CSV,1017.75,183.19,148.5,283.5,Australian supply-only market benchmarks; not Trend supplier pricing
Window,Louvre,QL1809,1800,900,1800H x 900W,Standard Glass,215.51,Standard Flyscreen,178.2,Standard Security Screen,340.2,Trend National Size Manual / Trend product documentation,ESTIMATED TEMPLATE PRICE — REPLACE WITH SUPPLIER CSV,1197.3,215.51,178.2,340.2,Australian supply-only market benchmarks; not Trend supplier pricing
Window,Louvre,QL2103,2100,300,2100H x 300W,Standard Glass,126.0,Standard Flyscreen,95.0,Standard Security Screen,180.0,Trend National Size Manual / Trend product documentation,ESTIMATED TEMPLATE PRICE — REPLACE WITH SUPPLIER CSV,700.0,126.0,95.0,180.0,Australian supply-only market benchmarks; not Trend supplier pricing
Window,Louvre,QL2104,2100,450,2100H x 450W,Standard Glass,134.72,Standard Flyscreen,103.95,Standard Security Screen,198.45,Trend National Size Manual / Trend product documentation,ESTIMATED TEMPLATE PRICE — REPLACE WITH SUPPLIER CSV,748.42,134.72,103.95,198.45,Australian supply-only market benchmarks; not Trend supplier pricing
Window,Louvre,QL2106,2100,600,2100H x 600W,Standard Glass,172.42,Standard Flyscreen,138.6,Standard Security Screen,264.6,Trend National Size Manual / Trend product documentation,ESTIMATED TEMPLATE PRICE — REPLACE WITH SUPPLIER CSV,957.9,172.42,138.6,264.6,Australian supply-only market benchmarks; not Trend supplier pricing
Window,Louvre,QL2107,2100,750,2100H x 750W,Standard Glass,210.13,Standard Flyscreen,173.25,Standard Security Screen,330.75,Trend National Size Manual / Trend product documentation,ESTIMATED TEMPLATE PRICE — REPLACE WITH SUPPLIER CSV,1167.38,210.13,173.25,330.75,Australian supply-only market benchmarks; not Trend supplier pricing
Window,Louvre,QL2109,2100,900,2100H x 900W,Standard Glass,247.83,Standard Flyscreen,207.9,Standard Security Screen,396.9,Trend National Size Manual / Trend product documentation,ESTIMATED TEMPLATE PRICE — REPLACE WITH SUPPLIER CSV,1376.85,247.83,207.9,396.9,Australian supply-only market benchmarks; not Trend supplier pricing
Window,Louvre,QL2403,2400,300,2400H x 300W,Standard Glass,126.0,Standard Flyscreen,95.0,Standard Security Screen,180.0,Trend National Size Manual / Trend product documentation,ESTIMATED TEMPLATE PRICE — REPLACE WITH SUPPLIER CSV,700.0,126.0,95.0,180.0,Australian supply-only market benchmarks; not Trend supplier pricing
Window,Louvre,QL2404,2400,450,2400H x 450W,Standard Glass,150.88,Standard Flyscreen,118.8,Standard Security Screen,226.8,Trend National Size Manual / Trend product documentation,ESTIMATED TEMPLATE PRICE — REPLACE WITH SUPPLIER CSV,838.2,150.88,118.8,226.8,Australian supply-only market benchmarks; not Trend supplier pricing
Window,Louvre,QL2406,2400,600,2400H x 600W,Standard Glass,193.97,Standard Flyscreen,158.4,Standard Security Screen,302.4,Trend National Size Manual / Trend product documentation,ESTIMATED TEMPLATE PRICE — REPLACE WITH SUPPLIER CSV,1077.6,193.97,158.4,302.4,Australian supply-only market benchmarks; not Trend supplier pricing
Window,Louvre,QL2407,2400,750,2400H x 750W,Standard Glass,237.06,Standard Flyscreen,198.0,Standard Security Screen,378.0,Trend National Size Manual / Trend product documentation,ESTIMATED TEMPLATE PRICE — REPLACE WITH SUPPLIER CSV,1317.0,237.06,198.0,378.0,Australian supply-only market benchmarks; not Trend supplier pricing
Window,Louvre,QL2409,2400,900,2400H x 900W,Standard Glass,280.15,Standard Flyscreen,237.6,Standard Security Screen,453.6,Trend National Size Manual / Trend product documentation,ESTIMATED TEMPLATE PRICE — REPLACE WITH SUPPLIER CSV,1556.4,280.15,237.6,453.6,Australian supply-only market benchmarks; not Trend supplier pricing
Window,Louvre,QL2703,2700,300,2700H x 300W,Standard Glass,126.0,Standard Flyscreen,95.0,Standard Security Screen,180.0,Trend National Size Manual / Trend product documentation,ESTIMATED TEMPLATE PRICE — REPLACE WITH SUPPLIER CSV,700.0,126.0,95.0,180.0,Australian supply-only market benchmarks; not Trend supplier pricing
Window,Louvre,QL2704,2700,450,2700H x 450W,Standard Glass,167.03,Standard Flyscreen,133.65,Standard Security Screen,255.15,Trend National Size Manual / Trend product documentation,ESTIMATED TEMPLATE PRICE — REPLACE WITH SUPPLIER CSV,927.97,167.03,133.65,255.15,Australian supply-only market benchmarks; not Trend supplier pricing
Window,Louvre,QL2706,2700,600,2700H x 600W,Standard Glass,215.51,Standard Flyscreen,178.2,Standard Security Screen,340.2,Trend National Size Manual / Trend product documentation,ESTIMATED TEMPLATE PRICE — REPLACE WITH SUPPLIER CSV,1197.3,215.51,178.2,340.2,Australian supply-only market benchmarks; not Trend supplier pricing
Window,Louvre,QL2707,2700,750,2700H x 750W,Standard Glass,263.99,Standard Flyscreen,222.75,Standard Security Screen,425.25,Trend National Size Manual / Trend product documentation,ESTIMATED TEMPLATE PRICE — REPLACE WITH SUPPLIER CSV,1466.62,263.99,222.75,425.25,Australian supply-only market benchmarks; not Trend supplier pricing
Window,Louvre,QL2709,2700,900,2700H x 900W,Standard Glass,312.47,Standard Flyscreen,267.3,Standard Security Screen,510.3,Trend National Size Manual / Trend product documentation,ESTIMATED TEMPLATE PRICE — REPLACE WITH SUPPLIER CSV,1735.95,312.47,267.3,510.3,Australian supply-only market benchmarks; not Trend supplier pricing
Window,Louvre,QL3003,3000,300,3000H x 300W,Standard Glass,129.33,Standard Flyscreen,99.0,Standard Security Screen,189.0,Trend National Size Manual / Trend product documentation,ESTIMATED TEMPLATE PRICE — REPLACE WITH SUPPLIER CSV,718.5,129.33,99.0,189.0,Australian supply-only market benchmarks; not Trend supplier pricing
Window,Louvre,QL3004,3000,450,3000H x 450W,Standard Glass,183.19,Standard Flyscreen,148.5,Standard Security Screen,283.5,Trend National Size Manual / Trend product documentation,ESTIMATED TEMPLATE PRICE — REPLACE WITH SUPPLIER CSV,1017.75,183.19,148.5,283.5,Australian supply-only market benchmarks; not Trend supplier pricing
Window,Louvre,QL3006,3000,600,3000H x 600W,Standard Glass,237.06,Standard Flyscreen,198.0,Standard Security Screen,378.0,Trend National Size Manual / Trend product documentation,ESTIMATED TEMPLATE PRICE — REPLACE WITH SUPPLIER CSV,1317.0,237.06,198.0,378.0,Australian supply-only market benchmarks; not Trend supplier pricing
Window,Louvre,QL3007,3000,750,3000H x 750W,Standard Glass,290.93,Standard Flyscreen,247.5,Standard Security Screen,472.5,Trend National Size Manual / Trend product documentation,ESTIMATED TEMPLATE PRICE — REPLACE WITH SUPPLIER CSV,1616.25,290.93,247.5,472.5,Australian supply-only market benchmarks; not Trend supplier pricing
Window,Louvre,QL3009,3000,900,3000H x 900W,Standard Glass,344.79,Standard Flyscreen,297.0,Standard Security Screen,567.0,Trend National Size Manual / Trend product documentation,ESTIMATED TEMPLATE PRICE — REPLACE WITH SUPPLIER CSV,1915.5,344.79,297.0,567.0,Australian supply-only market benchmarks; not Trend supplier pricing
Window,Fixed Glass,QF0303,300,300,300H x 300W,Standard Glass,80.0,Standard Flyscreen,95.0,Standard Security Screen,180.0,Trend National Size Manual / Trend product documentation,ESTIMATED TEMPLATE PRICE — REPLACE WITH SUPPLIER CSV,300.0,80.0,95.0,180.0,Australian supply-only market benchmarks; not Trend supplier pricing
Window,Fixed Glass,QF0304,300,450,300H x 450W,Standard Glass,80.0,Standard Flyscreen,95.0,Standard Security Screen,180.0,Trend National Size Manual / Trend product documentation,ESTIMATED TEMPLATE PRICE — REPLACE WITH SUPPLIER CSV,300.0,80.0,95.0,180.0,Australian supply-only market benchmarks; not Trend supplier pricing
Window,Fixed Glass,QF0306,300,600,300H x 600W,Standard Glass,80.0,Standard Flyscreen,95.0,Standard Security Screen,180.0,Trend National Size Manual / Trend product documentation,ESTIMATED TEMPLATE PRICE — REPLACE WITH SUPPLIER CSV,300.0,80.0,95.0,180.0,Australian supply-only market benchmarks; not Trend supplier pricing
Window,Fixed Glass,QF0309,300,900,300H x 900W,Standard Glass,80.0,Standard Flyscreen,95.0,Standard Security Screen,180.0,Trend National Size Manual / Trend product documentation,ESTIMATED TEMPLATE PRICE — REPLACE WITH SUPPLIER CSV,300.0,80.0,95.0,180.0,Australian supply-only market benchmarks; not Trend supplier pricing
Window,Fixed Glass,QF0312,300,1200,300H x 1200W,Standard Glass,80.0,Standard Flyscreen,95.0,Standard Security Screen,180.0,Trend National Size Manual / Trend product documentation,ESTIMATED TEMPLATE PRICE — REPLACE WITH SUPPLIER CSV,300.0,80.0,95.0,180.0,Australian supply-only market benchmarks; not Trend supplier pricing
Window,Fixed Glass,QF0315,300,1500,300H x 1500W,Standard Glass,80.0,Standard Flyscreen,95.0,Standard Security Screen,180.0,Trend National Size Manual / Trend product documentation,ESTIMATED TEMPLATE PRICE — REPLACE WITH SUPPLIER CSV,300.0,80.0,95.0,180.0,Australian supply-only market benchmarks; not Trend supplier pricing
Window,Fixed Glass,QF0318,300,1800,300H x 1800W,Standard Glass,80.0,Standard Flyscreen,95.0,Standard Security Screen,180.0,Trend National Size Manual / Trend product documentation,ESTIMATED TEMPLATE PRICE — REPLACE WITH SUPPLIER CSV,300.0,80.0,95.0,180.0,Australian supply-only market benchmarks; not Trend supplier pricing
Window,Fixed Glass,QF0321,300,2100,300H x 2100W,Standard Glass,80.0,Standard Flyscreen,95.0,Standard Security Screen,180.0,Trend National Size Manual / Trend product documentation,ESTIMATED TEMPLATE PRICE — REPLACE WITH SUPPLIER CSV,300.0,80.0,95.0,180.0,Australian supply-only market benchmarks; not Trend supplier pricing
Window,Fixed Glass,QF0324,300,2400,300H x 2400W,Standard Glass,80.0,Standard Flyscreen,95.0,Standard Security Screen,180.0,Trend National Size Manual / Trend product documentation,ESTIMATED TEMPLATE PRICE — REPLACE WITH SUPPLIER CSV,325.2,80.0,95.0,180.0,Australian supply-only market benchmarks; not Trend supplier pricing
Window,Fixed Glass,QF0327,300,2700,300H x 2700W,Standard Glass,80.0,Standard Flyscreen,95.0,Standard Security Screen,180.0,Trend National Size Manual / Trend product documentation,ESTIMATED TEMPLATE PRICE — REPLACE WITH SUPPLIER CSV,350.85,80.0,95.0,180.0,Australian supply-only market benchmarks; not Trend supplier pricing
Window,Fixed Glass,QF0403,450,300,450H x 300W,Standard Glass,80.0,Standard Flyscreen,95.0,Standard Security Screen,180.0,Trend National Size Manual / Trend product documentation,ESTIMATED TEMPLATE PRICE — REPLACE WITH SUPPLIER CSV,300.0,80.0,95.0,180.0,Australian supply-only market benchmarks; not Trend supplier pricing
Window,Fixed Glass,QF0404,450,450,450H x 450W,Standard Glass,80.0,Standard Flyscreen,95.0,Standard Security Screen,180.0,Trend National Size Manual / Trend product documentation,ESTIMATED TEMPLATE PRICE — REPLACE WITH SUPPLIER CSV,300.0,80.0,95.0,180.0,Australian supply-only market benchmarks; not Trend supplier pricing
Window,Fixed Glass,QF0406,450,600,450H x 600W,Standard Glass,80.0,Standard Flyscreen,95.0,Standard Security Screen,180.0,Trend National Size Manual / Trend product documentation,ESTIMATED TEMPLATE PRICE — REPLACE WITH SUPPLIER CSV,300.0,80.0,95.0,180.0,Australian supply-only market benchmarks; not Trend supplier pricing
Window,Fixed Glass,QF0409,450,900,450H x 900W,Standard Glass,80.0,Standard Flyscreen,95.0,Standard Security Screen,180.0,Trend National Size Manual / Trend product documentation,ESTIMATED TEMPLATE PRICE — REPLACE WITH SUPPLIER CSV,300.0,80.0,95.0,180.0,Australian supply-only market benchmarks; not Trend supplier pricing
Window,Fixed Glass,QF0412,450,1200,450H x 1200W,Standard Glass,80.0,Standard Flyscreen,95.0,Standard Security Screen,180.0,Trend National Size Manual / Trend product documentation,ESTIMATED TEMPLATE PRICE — REPLACE WITH SUPPLIER CSV,300.0,80.0,95.0,180.0,Australian supply-only market benchmarks; not Trend supplier pricing
Window,Fixed Glass,QF0415,450,1500,450H x 1500W,Standard Glass,80.0,Standard Flyscreen,95.0,Standard Security Screen,180.0,Trend National Size Manual / Trend product documentation,ESTIMATED TEMPLATE PRICE — REPLACE WITH SUPPLIER CSV,312.38,80.0,95.0,180.0,Australian supply-only market benchmarks; not Trend supplier pricing
Window,Fixed Glass,QF0418,450,1800,450H x 1800W,Standard Glass,80.0,Standard Flyscreen,95.0,Standard Security Screen,180.0,Trend National Size Manual / Trend product documentation,ESTIMATED TEMPLATE PRICE — REPLACE WITH SUPPLIER CSV,350.85,80.0,95.0,180.0,Australian supply-only market benchmarks; not Trend supplier pricing
Window,Fixed Glass,QF0421,450,2100,450H x 2100W,Standard Glass,80.0,Standard Flyscreen,103.95,Standard Security Screen,198.45,Trend National Size Manual / Trend product documentation,ESTIMATED TEMPLATE PRICE — REPLACE WITH SUPPLIER CSV,389.32,80.0,103.95,198.45,Australian supply-only market benchmarks; not Trend supplier pricing
Window,Fixed Glass,QF0424,450,2400,450H x 2400W,Standard Glass,80.0,Standard Flyscreen,118.8,Standard Security Screen,226.8,Trend National Size Manual / Trend product documentation,ESTIMATED TEMPLATE PRICE — REPLACE WITH SUPPLIER CSV,427.8,80.0,118.8,226.8,Australian supply-only market benchmarks; not Trend supplier pricing
Window,Fixed Glass,QF0427,450,2700,450H x 2700W,Standard Glass,83.93,Standard Flyscreen,133.65,Standard Security Screen,255.15,Trend National Size Manual / Trend product documentation,ESTIMATED TEMPLATE PRICE — REPLACE WITH SUPPLIER CSV,466.27,83.93,133.65,255.15,Australian supply-only market benchmarks; not Trend supplier pricing
Window,Fixed Glass,QF0603,600,300,600H x 300W,Standard Glass,80.0,Standard Flyscreen,95.0,Standard Security Screen,180.0,Trend National Size Manual / Trend product documentation,ESTIMATED TEMPLATE PRICE — REPLACE WITH SUPPLIER CSV,300.0,80.0,95.0,180.0,Australian supply-only market benchmarks; not Trend supplier pricing
Window,Fixed Glass,QF0604,600,450,600H x 450W,Standard Glass,80.0,Standard Flyscreen,95.0,Standard Security Screen,180.0,Trend National Size Manual / Trend product documentation,ESTIMATED TEMPLATE PRICE — REPLACE WITH SUPPLIER CSV,300.0,80.0,95.0,180.0,Australian supply-only market benchmarks; not Trend supplier pricing
Window,Fixed Glass,QF0606,600,600,600H x 600W,Standard Glass,80.0,Standard Flyscreen,95.0,Standard Security Screen,180.0,Trend National Size Manual / Trend product documentation,ESTIMATED TEMPLATE PRICE — REPLACE WITH SUPPLIER CSV,300.0,80.0,95.0,180.0,Australian supply-only market benchmarks; not Trend supplier pricing
Window,Fixed Glass,QF0609,600,900,600H x 900W,Standard Glass,80.0,Standard Flyscreen,95.0,Standard Security Screen,180.0,Trend National Size Manual / Trend product documentation,ESTIMATED TEMPLATE PRICE — REPLACE WITH SUPPLIER CSV,300.0,80.0,95.0,180.0,Australian supply-only market benchmarks; not Trend supplier pricing
Window,Fixed Glass,QF0612,600,1200,600H x 1200W,Standard Glass,80.0,Standard Flyscreen,95.0,Standard Security Screen,180.0,Trend National Size Manual / Trend product documentation,ESTIMATED TEMPLATE PRICE — REPLACE WITH SUPPLIER CSV,325.2,80.0,95.0,180.0,Australian supply-only market benchmarks; not Trend supplier pricing
Window,Fixed Glass,QF0615,600,1500,600H x 1500W,Standard Glass,80.0,Standard Flyscreen,99.0,Standard Security Screen,189.0,Trend National Size Manual / Trend product documentation,ESTIMATED TEMPLATE PRICE — REPLACE WITH SUPPLIER CSV,376.5,80.0,99.0,189.0,Australian supply-only market benchmarks; not Trend supplier pricing
Window,Fixed Glass,QF0618,600,1800,600H x 1800W,Standard Glass,80.0,Standard Flyscreen,118.8,Standard Security Screen,226.8,Trend National Size Manual / Trend product documentation,ESTIMATED TEMPLATE PRICE — REPLACE WITH SUPPLIER CSV,427.8,80.0,118.8,226.8,Australian supply-only market benchmarks; not Trend supplier pricing
Window,Fixed Glass,QF0621,600,2100,600H x 2100W,Standard Glass,86.24,Standard Flyscreen,138.6,Standard Security Screen,264.6,Trend National Size Manual / Trend product documentation,ESTIMATED TEMPLATE PRICE — REPLACE WITH SUPPLIER CSV,479.1,86.24,138.6,264.6,Australian supply-only market benchmarks; not Trend supplier pricing
Window,Fixed Glass,QF0624,600,2400,600H x 2400W,Standard Glass,95.47,Standard Flyscreen,158.4,Standard Security Screen,302.4,Trend National Size Manual / Trend product documentation,ESTIMATED TEMPLATE PRICE — REPLACE WITH SUPPLIER CSV,530.4,95.47,158.4,302.4,Australian supply-only market benchmarks; not Trend supplier pricing
Window,Fixed Glass,QF0627,600,2700,600H x 2700W,Standard Glass,104.71,Standard Flyscreen,178.2,Standard Security Screen,340.2,Trend National Size Manual / Trend product documentation,ESTIMATED TEMPLATE PRICE — REPLACE WITH SUPPLIER CSV,581.7,104.71,178.2,340.2,Australian supply-only market benchmarks; not Trend supplier pricing
Window,Fixed Glass,QF0903,900,300,900H x 300W,Standard Glass,80.0,Standard Flyscreen,95.0,Standard Security Screen,180.0,Trend National Size Manual / Trend product documentation,ESTIMATED TEMPLATE PRICE — REPLACE WITH SUPPLIER CSV,300.0,80.0,95.0,180.0,Australian supply-only market benchmarks; not Trend supplier pricing
Window,Fixed Glass,QF0904,900,450,900H x 450W,Standard Glass,80.0,Standard Flyscreen,95.0,Standard Security Screen,180.0,Trend National Size Manual / Trend product documentation,ESTIMATED TEMPLATE PRICE — REPLACE WITH SUPPLIER CSV,300.0,80.0,95.0,180.0,Australian supply-only market benchmarks; not Trend supplier pricing
Window,Fixed Glass,QF0906,900,600,900H x 600W,Standard Glass,80.0,Standard Flyscreen,95.0,Standard Security Screen,180.0,Trend National Size Manual / Trend product documentation,ESTIMATED TEMPLATE PRICE — REPLACE WITH SUPPLIER CSV,300.0,80.0,95.0,180.0,Australian supply-only market benchmarks; not Trend supplier pricing
Window,Fixed Glass,QF0909,900,900,900H x 900W,Standard Glass,80.0,Standard Flyscreen,95.0,Standard Security Screen,180.0,Trend National Size Manual / Trend product documentation,ESTIMATED TEMPLATE PRICE — REPLACE WITH SUPPLIER CSV,350.85,80.0,95.0,180.0,Australian supply-only market benchmarks; not Trend supplier pricing
Window,Fixed Glass,QF0912,900,1200,900H x 1200W,Standard Glass,80.0,Standard Flyscreen,118.8,Standard Security Screen,226.8,Trend National Size Manual / Trend product documentation,ESTIMATED TEMPLATE PRICE — REPLACE WITH SUPPLIER CSV,427.8,80.0,118.8,226.8,Australian supply-only market benchmarks; not Trend supplier pricing
Window,Fixed Glass,QF0915,900,1500,900H x 1500W,Standard Glass,90.85,Standard Flyscreen,148.5,Standard Security Screen,283.5,Trend National Size Manual / Trend product documentation,ESTIMATED TEMPLATE PRICE — REPLACE WITH SUPPLIER CSV,504.75,90.85,148.5,283.5,Australian supply-only market benchmarks; not Trend supplier pricing
Window,Fixed Glass,QF0918,900,1800,900H x 1800W,Standard Glass,104.71,Standard Flyscreen,178.2,Standard Security Screen,340.2,Trend National Size Manual / Trend product documentation,ESTIMATED TEMPLATE PRICE — REPLACE WITH SUPPLIER CSV,581.7,104.71,178.2,340.2,Australian supply-only market benchmarks; not Trend supplier pricing
Window,Fixed Glass,QF0921,900,2100,900H x 2100W,Standard Glass,118.56,Standard Flyscreen,207.9,Standard Security Screen,396.9,Trend National Size Manual / Trend product documentation,ESTIMATED TEMPLATE PRICE — REPLACE WITH SUPPLIER CSV,658.65,118.56,207.9,396.9,Australian supply-only market benchmarks; not Trend supplier pricing
Window,Fixed Glass,QF0924,900,2400,900H x 2400W,Standard Glass,132.41,Standard Flyscreen,237.6,Standard Security Screen,453.6,Trend National Size Manual / Trend product documentation,ESTIMATED TEMPLATE PRICE — REPLACE WITH SUPPLIER CSV,735.6,132.41,237.6,453.6,Australian supply-only market benchmarks; not Trend supplier pricing
Window,Fixed Glass,QF0927,900,2700,900H x 2700W,Standard Glass,146.26,Standard Flyscreen,267.3,Standard Security Screen,510.3,Trend National Size Manual / Trend product documentation,ESTIMATED TEMPLATE PRICE — REPLACE WITH SUPPLIER CSV,812.55,146.26,267.3,510.3,Australian supply-only market benchmarks; not Trend supplier pricing
Window,Fixed Glass,QF1203,1200,300,1200H x 300W,Standard Glass,80.0,Standard Flyscreen,95.0,Standard Security Screen,180.0,Trend National Size Manual / Trend product documentation,ESTIMATED TEMPLATE PRICE — REPLACE WITH SUPPLIER CSV,300.0,80.0,95.0,180.0,Australian supply-only market benchmarks; not Trend supplier pricing
Window,Fixed Glass,QF1204,1200,450,1200H x 450W,Standard Glass,80.0,Standard Flyscreen,95.0,Standard Security Screen,180.0,Trend National Size Manual / Trend product documentation,ESTIMATED TEMPLATE PRICE — REPLACE WITH SUPPLIER CSV,300.0,80.0,95.0,180.0,Australian supply-only market benchmarks; not Trend supplier pricing
Window,Fixed Glass,QF1206,1200,600,1200H x 600W,Standard Glass,80.0,Standard Flyscreen,95.0,Standard Security Screen,180.0,Trend National Size Manual / Trend product documentation,ESTIMATED TEMPLATE PRICE — REPLACE WITH SUPPLIER CSV,325.2,80.0,95.0,180.0,Australian supply-only market benchmarks; not Trend supplier pricing
Window,Fixed Glass,QF1209,1200,900,1200H x 900W,Standard Glass,80.0,Standard Flyscreen,118.8,Standard Security Screen,226.8,Trend National Size Manual / Trend product documentation,ESTIMATED TEMPLATE PRICE — REPLACE WITH SUPPLIER CSV,427.8,80.0,118.8,226.8,Australian supply-only market benchmarks; not Trend supplier pricing
Window,Fixed Glass,QF1212,1200,1200,1200H x 1200W,Standard Glass,95.47,Standard Flyscreen,158.4,Standard Security Screen,302.4,Trend National Size Manual / Trend product documentation,ESTIMATED TEMPLATE PRICE — REPLACE WITH SUPPLIER CSV,530.4,95.47,158.4,302.4,Australian supply-only market benchmarks; not Trend supplier pricing
Window,Fixed Glass,QF1215,1200,1500,1200H x 1500W,Standard Glass,113.94,Standard Flyscreen,198.0,Standard Security Screen,378.0,Trend National Size Manual / Trend product documentation,ESTIMATED TEMPLATE PRICE — REPLACE WITH SUPPLIER CSV,633.0,113.94,198.0,378.0,Australian supply-only market benchmarks; not Trend supplier pricing
Window,Fixed Glass,QF1218,1200,1800,1200H x 1800W,Standard Glass,132.41,Standard Flyscreen,237.6,Standard Security Screen,453.6,Trend National Size Manual / Trend product documentation,ESTIMATED TEMPLATE PRICE — REPLACE WITH SUPPLIER CSV,735.6,132.41,237.6,453.6,Australian supply-only market benchmarks; not Trend supplier pricing
Window,Fixed Glass,QF1221,1200,2100,1200H x 2100W,Standard Glass,150.88,Standard Flyscreen,277.2,Standard Security Screen,529.2,Trend National Size Manual / Trend product documentation,ESTIMATED TEMPLATE PRICE — REPLACE WITH SUPPLIER CSV,838.2,150.88,277.2,529.2,Australian supply-only market benchmarks; not Trend supplier pricing
Window,Fixed Glass,QF1224,1200,2400,1200H x 2400W,Standard Glass,169.34,Standard Flyscreen,316.8,Standard Security Screen,604.8,Trend National Size Manual / Trend product documentation,ESTIMATED TEMPLATE PRICE — REPLACE WITH SUPPLIER CSV,940.8,169.34,316.8,604.8,Australian supply-only market benchmarks; not Trend supplier pricing
Window,Fixed Glass,QF1227,1200,2700,1200H x 2700W,Standard Glass,187.81,Standard Flyscreen,356.4,Standard Security Screen,680.4,Trend National Size Manual / Trend product documentation,ESTIMATED TEMPLATE PRICE — REPLACE WITH SUPPLIER CSV,1043.4,187.81,356.4,680.4,Australian supply-only market benchmarks; not Trend supplier pricing
Window,Fixed Glass,QF1503,1500,300,1500H x 300W,Standard Glass,80.0,Standard Flyscreen,95.0,Standard Security Screen,180.0,Trend National Size Manual / Trend product documentation,ESTIMATED TEMPLATE PRICE — REPLACE WITH SUPPLIER CSV,300.0,80.0,95.0,180.0,Australian supply-only market benchmarks; not Trend supplier pricing
Window,Fixed Glass,QF1504,1500,450,1500H x 450W,Standard Glass,80.0,Standard Flyscreen,95.0,Standard Security Screen,180.0,Trend National Size Manual / Trend product documentation,ESTIMATED TEMPLATE PRICE — REPLACE WITH SUPPLIER CSV,312.38,80.0,95.0,180.0,Australian supply-only market benchmarks; not Trend supplier pricing
Window,Fixed Glass,QF1506,1500,600,1500H x 600W,Standard Glass,80.0,Standard Flyscreen,99.0,Standard Security Screen,189.0,Trend National Size Manual / Trend product documentation,ESTIMATED TEMPLATE PRICE — REPLACE WITH SUPPLIER CSV,376.5,80.0,99.0,189.0,Australian supply-only market benchmarks; not Trend supplier pricing
Window,Fixed Glass,QF1509,1500,900,1500H x 900W,Standard Glass,90.85,Standard Flyscreen,148.5,Standard Security Screen,283.5,Trend National Size Manual / Trend product documentation,ESTIMATED TEMPLATE PRICE — REPLACE WITH SUPPLIER CSV,504.75,90.85,148.5,283.5,Australian supply-only market benchmarks; not Trend supplier pricing
Window,Fixed Glass,QF1512,1500,1200,1500H x 1200W,Standard Glass,113.94,Standard Flyscreen,198.0,Standard Security Screen,378.0,Trend National Size Manual / Trend product documentation,ESTIMATED TEMPLATE PRICE — REPLACE WITH SUPPLIER CSV,633.0,113.94,198.0,378.0,Australian supply-only market benchmarks; not Trend supplier pricing
Window,Fixed Glass,QF1515,1500,1500,1500H x 1500W,Standard Glass,137.03,Standard Flyscreen,247.5,Standard Security Screen,472.5,Trend National Size Manual / Trend product documentation,ESTIMATED TEMPLATE PRICE — REPLACE WITH SUPPLIER CSV,761.25,137.03,247.5,472.5,Australian supply-only market benchmarks; not Trend supplier pricing
Window,Fixed Glass,QF1518,1500,1800,1500H x 1800W,Standard Glass,160.11,Standard Flyscreen,297.0,Standard Security Screen,567.0,Trend National Size Manual / Trend product documentation,ESTIMATED TEMPLATE PRICE — REPLACE WITH SUPPLIER CSV,889.5,160.11,297.0,567.0,Australian supply-only market benchmarks; not Trend supplier pricing
Window,Fixed Glass,QF1521,1500,2100,1500H x 2100W,Standard Glass,183.19,Standard Flyscreen,346.5,Standard Security Screen,661.5,Trend National Size Manual / Trend product documentation,ESTIMATED TEMPLATE PRICE — REPLACE WITH SUPPLIER CSV,1017.75,183.19,346.5,661.5,Australian supply-only market benchmarks; not Trend supplier pricing
Window,Fixed Glass,QF1524,1500,2400,1500H x 2400W,Standard Glass,206.28,Standard Flyscreen,396.0,Standard Security Screen,756.0,Trend National Size Manual / Trend product documentation,ESTIMATED TEMPLATE PRICE — REPLACE WITH SUPPLIER CSV,1146.0,206.28,396.0,756.0,Australian supply-only market benchmarks; not Trend supplier pricing
Window,Fixed Glass,QF1527,1500,2700,1500H x 2700W,Standard Glass,229.36,Standard Flyscreen,445.5,Standard Security Screen,850.5,Trend National Size Manual / Trend product documentation,ESTIMATED TEMPLATE PRICE — REPLACE WITH SUPPLIER CSV,1274.25,229.36,445.5,850.5,Australian supply-only market benchmarks; not Trend supplier pricing
Window,Fixed Glass,QF1803,1800,300,1800H x 300W,Standard Glass,80.0,Standard Flyscreen,95.0,Standard Security Screen,180.0,Trend National Size Manual / Trend product documentation,ESTIMATED TEMPLATE PRICE — REPLACE WITH SUPPLIER CSV,300.0,80.0,95.0,180.0,Australian supply-only market benchmarks; not Trend supplier pricing
Window,Fixed Glass,QF1804,1800,450,1800H x 450W,Standard Glass,80.0,Standard Flyscreen,95.0,Standard Security Screen,180.0,Trend National Size Manual / Trend product documentation,ESTIMATED TEMPLATE PRICE — REPLACE WITH SUPPLIER CSV,350.85,80.0,95.0,180.0,Australian supply-only market benchmarks; not Trend supplier pricing
Window,Fixed Glass,QF1806,1800,600,1800H x 600W,Standard Glass,80.0,Standard Flyscreen,118.8,Standard Security Screen,226.8,Trend National Size Manual / Trend product documentation,ESTIMATED TEMPLATE PRICE — REPLACE WITH SUPPLIER CSV,427.8,80.0,118.8,226.8,Australian supply-only market benchmarks; not Trend supplier pricing
Window,Fixed Glass,QF1809,1800,900,1800H x 900W,Standard Glass,104.71,Standard Flyscreen,178.2,Standard Security Screen,340.2,Trend National Size Manual / Trend product documentation,ESTIMATED TEMPLATE PRICE — REPLACE WITH SUPPLIER CSV,581.7,104.71,178.2,340.2,Australian supply-only market benchmarks; not Trend supplier pricing
Window,Fixed Glass,QF1812,1800,1200,1800H x 1200W,Standard Glass,132.41,Standard Flyscreen,237.6,Standard Security Screen,453.6,Trend National Size Manual / Trend product documentation,ESTIMATED TEMPLATE PRICE — REPLACE WITH SUPPLIER CSV,735.6,132.41,237.6,453.6,Australian supply-only market benchmarks; not Trend supplier pricing
Window,Fixed Glass,QF1815,1800,1500,1800H x 1500W,Standard Glass,160.11,Standard Flyscreen,297.0,Standard Security Screen,567.0,Trend National Size Manual / Trend product documentation,ESTIMATED TEMPLATE PRICE — REPLACE WITH SUPPLIER CSV,889.5,160.11,297.0,567.0,Australian supply-only market benchmarks; not Trend supplier pricing
Window,Fixed Glass,QF1818,1800,1800,1800H x 1800W,Standard Glass,187.81,Standard Flyscreen,356.4,Standard Security Screen,680.4,Trend National Size Manual / Trend product documentation,ESTIMATED TEMPLATE PRICE — REPLACE WITH SUPPLIER CSV,1043.4,187.81,356.4,680.4,Australian supply-only market benchmarks; not Trend supplier pricing
Window,Fixed Glass,QF1821,1800,2100,1800H x 2100W,Standard Glass,215.51,Standard Flyscreen,415.8,Standard Security Screen,793.8,Trend National Size Manual / Trend product documentation,ESTIMATED TEMPLATE PRICE — REPLACE WITH SUPPLIER CSV,1197.3,215.51,415.8,793.8,Australian supply-only market benchmarks; not Trend supplier pricing
Window,Fixed Glass,QF1824,1800,2400,1800H x 2400W,Standard Glass,243.22,Standard Flyscreen,475.2,Standard Security Screen,907.2,Trend National Size Manual / Trend product documentation,ESTIMATED TEMPLATE PRICE — REPLACE WITH SUPPLIER CSV,1351.2,243.22,475.2,907.2,Australian supply-only market benchmarks; not Trend supplier pricing
Window,Fixed Glass,QF1827,1800,2700,1800H x 2700W,Standard Glass,270.92,Standard Flyscreen,534.6,Standard Security Screen,1020.6,Trend National Size Manual / Trend product documentation,ESTIMATED TEMPLATE PRICE — REPLACE WITH SUPPLIER CSV,1505.1,270.92,534.6,1020.6,Australian supply-only market benchmarks; not Trend supplier pricing
Window,Fixed Glass,QF2103,2100,300,2100H x 300W,Standard Glass,80.0,Standard Flyscreen,95.0,Standard Security Screen,180.0,Trend National Size Manual / Trend product documentation,ESTIMATED TEMPLATE PRICE — REPLACE WITH SUPPLIER CSV,300.0,80.0,95.0,180.0,Australian supply-only market benchmarks; not Trend supplier pricing
Window,Fixed Glass,QF2104,2100,450,2100H x 450W,Standard Glass,80.0,Standard Flyscreen,103.95,Standard Security Screen,198.45,Trend National Size Manual / Trend product documentation,ESTIMATED TEMPLATE PRICE — REPLACE WITH SUPPLIER CSV,389.32,80.0,103.95,198.45,Australian supply-only market benchmarks; not Trend supplier pricing
Window,Fixed Glass,QF2106,2100,600,2100H x 600W,Standard Glass,86.24,Standard Flyscreen,138.6,Standard Security Screen,264.6,Trend National Size Manual / Trend product documentation,ESTIMATED TEMPLATE PRICE — REPLACE WITH SUPPLIER CSV,479.1,86.24,138.6,264.6,Australian supply-only market benchmarks; not Trend supplier pricing
Window,Fixed Glass,QF2109,2100,900,2100H x 900W,Standard Glass,118.56,Standard Flyscreen,207.9,Standard Security Screen,396.9,Trend National Size Manual / Trend product documentation,ESTIMATED TEMPLATE PRICE — REPLACE WITH SUPPLIER CSV,658.65,118.56,207.9,396.9,Australian supply-only market benchmarks; not Trend supplier pricing
Window,Fixed Glass,QF2112,2100,1200,2100H x 1200W,Standard Glass,150.88,Standard Flyscreen,277.2,Standard Security Screen,529.2,Trend National Size Manual / Trend product documentation,ESTIMATED TEMPLATE PRICE — REPLACE WITH SUPPLIER CSV,838.2,150.88,277.2,529.2,Australian supply-only market benchmarks; not Trend supplier pricing
Window,Fixed Glass,QF2115,2100,1500,2100H x 1500W,Standard Glass,183.19,Standard Flyscreen,346.5,Standard Security Screen,661.5,Trend National Size Manual / Trend product documentation,ESTIMATED TEMPLATE PRICE — REPLACE WITH SUPPLIER CSV,1017.75,183.19,346.5,661.5,Australian supply-only market benchmarks; not Trend supplier pricing
Window,Fixed Glass,QF2118,2100,1800,2100H x 1800W,Standard Glass,215.51,Standard Flyscreen,415.8,Standard Security Screen,793.8,Trend National Size Manual / Trend product documentation,ESTIMATED TEMPLATE PRICE — REPLACE WITH SUPPLIER CSV,1197.3,215.51,415.8,793.8,Australian supply-only market benchmarks; not Trend supplier pricing
Window,Fixed Glass,QF2121,2100,2100,2100H x 2100W,Standard Glass,247.83,Standard Flyscreen,485.1,Standard Security Screen,926.1,Trend National Size Manual / Trend product documentation,ESTIMATED TEMPLATE PRICE — REPLACE WITH SUPPLIER CSV,1376.85,247.83,485.1,926.1,Australian supply-only market benchmarks; not Trend supplier pricing
Window,Fixed Glass,QF2124,2100,2400,2100H x 2400W,Standard Glass,280.15,Standard Flyscreen,554.4,Standard Security Screen,1058.4,Trend National Size Manual / Trend product documentation,ESTIMATED TEMPLATE PRICE — REPLACE WITH SUPPLIER CSV,1556.4,280.15,554.4,1058.4,Australian supply-only market benchmarks; not Trend supplier pricing
Window,Fixed Glass,QF2127,2100,2700,2100H x 2700W,Standard Glass,312.47,Standard Flyscreen,623.7,Standard Security Screen,1190.7,Trend National Size Manual / Trend product documentation,ESTIMATED TEMPLATE PRICE — REPLACE WITH SUPPLIER CSV,1735.95,312.47,623.7,1190.7,Australian supply-only market benchmarks; not Trend supplier pricing
Window,Fixed Glass,QF2403,2400,300,2400H x 300W,Standard Glass,80.0,Standard Flyscreen,95.0,Standard Security Screen,180.0,Trend National Size Manual / Trend product documentation,ESTIMATED TEMPLATE PRICE — REPLACE WITH SUPPLIER CSV,325.2,80.0,95.0,180.0,Australian supply-only market benchmarks; not Trend supplier pricing
Window,Fixed Glass,QF2404,2400,450,2400H x 450W,Standard Glass,80.0,Standard Flyscreen,118.8,Standard Security Screen,226.8,Trend National Size Manual / Trend product documentation,ESTIMATED TEMPLATE PRICE — REPLACE WITH SUPPLIER CSV,427.8,80.0,118.8,226.8,Australian supply-only market benchmarks; not Trend supplier pricing
Window,Fixed Glass,QF2406,2400,600,2400H x 600W,Standard Glass,95.47,Standard Flyscreen,158.4,Standard Security Screen,302.4,Trend National Size Manual / Trend product documentation,ESTIMATED TEMPLATE PRICE — REPLACE WITH SUPPLIER CSV,530.4,95.47,158.4,302.4,Australian supply-only market benchmarks; not Trend supplier pricing
Window,Fixed Glass,QF2409,2400,900,2400H x 900W,Standard Glass,132.41,Standard Flyscreen,237.6,Standard Security Screen,453.6,Trend National Size Manual / Trend product documentation,ESTIMATED TEMPLATE PRICE — REPLACE WITH SUPPLIER CSV,735.6,132.41,237.6,453.6,Australian supply-only market benchmarks; not Trend supplier pricing
Window,Fixed Glass,QF2412,2400,1200,2400H x 1200W,Standard Glass,169.34,Standard Flyscreen,316.8,Standard Security Screen,604.8,Trend National Size Manual / Trend product documentation,ESTIMATED TEMPLATE PRICE — REPLACE WITH SUPPLIER CSV,940.8,169.34,316.8,604.8,Australian supply-only market benchmarks; not Trend supplier pricing
Window,Fixed Glass,QF2415,2400,1500,2400H x 1500W,Standard Glass,206.28,Standard Flyscreen,396.0,Standard Security Screen,756.0,Trend National Size Manual / Trend product documentation,ESTIMATED TEMPLATE PRICE — REPLACE WITH SUPPLIER CSV,1146.0,206.28,396.0,756.0,Australian supply-only market benchmarks; not Trend supplier pricing
Window,Fixed Glass,QF2418,2400,1800,2400H x 1800W,Standard Glass,243.22,Standard Flyscreen,475.2,Standard Security Screen,907.2,Trend National Size Manual / Trend product documentation,ESTIMATED TEMPLATE PRICE — REPLACE WITH SUPPLIER CSV,1351.2,243.22,475.2,907.2,Australian supply-only market benchmarks; not Trend supplier pricing
Window,Fixed Glass,QF2421,2400,2100,2400H x 2100W,Standard Glass,280.15,Standard Flyscreen,554.4,Standard Security Screen,1058.4,Trend National Size Manual / Trend product documentation,ESTIMATED TEMPLATE PRICE — REPLACE WITH SUPPLIER CSV,1556.4,280.15,554.4,1058.4,Australian supply-only market benchmarks; not Trend supplier pricing
Window,Fixed Glass,QF2424,2400,2400,2400H x 2400W,Standard Glass,317.09,Standard Flyscreen,633.6,Standard Security Screen,1209.6,Trend National Size Manual / Trend product documentation,ESTIMATED TEMPLATE PRICE — REPLACE WITH SUPPLIER CSV,1761.6,317.09,633.6,1209.6,Australian supply-only market benchmarks; not Trend supplier pricing
Window,Fixed Glass,QF2427,2400,2700,2400H x 2700W,Standard Glass,354.02,Standard Flyscreen,712.8,Standard Security Screen,1360.8,Trend National Size Manual / Trend product documentation,ESTIMATED TEMPLATE PRICE — REPLACE WITH SUPPLIER CSV,1966.8,354.02,712.8,1360.8,Australian supply-only market benchmarks; not Trend supplier pricing
Window,Casement,QC0606,600,600,600H x 600W,Standard Glass,93.6,Standard Flyscreen,95.0,Standard Security Screen,180.0,Trend National Size Manual / Trend product documentation,ESTIMATED TEMPLATE PRICE — REPLACE WITH SUPPLIER CSV,520.0,93.6,95.0,180.0,Australian supply-only market benchmarks; not Trend supplier pricing
Window,Casement,QC0609,600,900,600H x 900W,Standard Glass,93.6,Standard Flyscreen,95.0,Standard Security Screen,180.0,Trend National Size Manual / Trend product documentation,ESTIMATED TEMPLATE PRICE — REPLACE WITH SUPPLIER CSV,520.0,93.6,95.0,180.0,Australian supply-only market benchmarks; not Trend supplier pricing
Window,Casement,QC0612,600,1200,600H x 1200W,Standard Glass,93.6,Standard Flyscreen,95.0,Standard Security Screen,180.0,Trend National Size Manual / Trend product documentation,ESTIMATED TEMPLATE PRICE — REPLACE WITH SUPPLIER CSV,520.0,93.6,95.0,180.0,Australian supply-only market benchmarks; not Trend supplier pricing
Window,Casement,QC0615,600,1500,600H x 1500W,Standard Glass,101.63,Standard Flyscreen,99.0,Standard Security Screen,189.0,Trend National Size Manual / Trend product documentation,ESTIMATED TEMPLATE PRICE — REPLACE WITH SUPPLIER CSV,564.6,101.63,99.0,189.0,Australian supply-only market benchmarks; not Trend supplier pricing
Window,Casement,QC0618,600,1800,600H x 1800W,Standard Glass,117.63,Standard Flyscreen,118.8,Standard Security Screen,226.8,Trend National Size Manual / Trend product documentation,ESTIMATED TEMPLATE PRICE — REPLACE WITH SUPPLIER CSV,653.52,117.63,118.8,226.8,Australian supply-only market benchmarks; not Trend supplier pricing
Window,Casement,QC0906,900,600,900H x 600W,Standard Glass,93.6,Standard Flyscreen,95.0,Standard Security Screen,180.0,Trend National Size Manual / Trend product documentation,ESTIMATED TEMPLATE PRICE — REPLACE WITH SUPPLIER CSV,520.0,93.6,95.0,180.0,Australian supply-only market benchmarks; not Trend supplier pricing
Window,Casement,QC0909,900,900,900H x 900W,Standard Glass,93.63,Standard Flyscreen,95.0,Standard Security Screen,180.0,Trend National Size Manual / Trend product documentation,ESTIMATED TEMPLATE PRICE — REPLACE WITH SUPPLIER CSV,520.14,93.63,95.0,180.0,Australian supply-only market benchmarks; not Trend supplier pricing
Window,Casement,QC0912,900,1200,900H x 1200W,Standard Glass,117.63,Standard Flyscreen,118.8,Standard Security Screen,226.8,Trend National Size Manual / Trend product documentation,ESTIMATED TEMPLATE PRICE — REPLACE WITH SUPPLIER CSV,653.52,117.63,118.8,226.8,Australian supply-only market benchmarks; not Trend supplier pricing
Window,Casement,QC0915,900,1500,900H x 1500W,Standard Glass,141.64,Standard Flyscreen,148.5,Standard Security Screen,283.5,Trend National Size Manual / Trend product documentation,ESTIMATED TEMPLATE PRICE — REPLACE WITH SUPPLIER CSV,786.9,141.64,148.5,283.5,Australian supply-only market benchmarks; not Trend supplier pricing
Window,Casement,QC0918,900,1800,900H x 1800W,Standard Glass,165.65,Standard Flyscreen,178.2,Standard Security Screen,340.2,Trend National Size Manual / Trend product documentation,ESTIMATED TEMPLATE PRICE — REPLACE WITH SUPPLIER CSV,920.28,165.65,178.2,340.2,Australian supply-only market benchmarks; not Trend supplier pricing
Window,Casement,QC1206,1200,600,1200H x 600W,Standard Glass,93.6,Standard Flyscreen,95.0,Standard Security Screen,180.0,Trend National Size Manual / Trend product documentation,ESTIMATED TEMPLATE PRICE — REPLACE WITH SUPPLIER CSV,520.0,93.6,95.0,180.0,Australian supply-only market benchmarks; not Trend supplier pricing
Window,Casement,QC1209,1200,900,1200H x 900W,Standard Glass,117.63,Standard Flyscreen,118.8,Standard Security Screen,226.8,Trend National Size Manual / Trend product documentation,ESTIMATED TEMPLATE PRICE — REPLACE WITH SUPPLIER CSV,653.52,117.63,118.8,226.8,Australian supply-only market benchmarks; not Trend supplier pricing
Window,Casement,QC1212,1200,1200,1200H x 1200W,Standard Glass,149.64,Standard Flyscreen,158.4,Standard Security Screen,302.4,Trend National Size Manual / Trend product documentation,ESTIMATED TEMPLATE PRICE — REPLACE WITH SUPPLIER CSV,831.36,149.64,158.4,302.4,Australian supply-only market benchmarks; not Trend supplier pricing
Window,Casement,QC1215,1200,1500,1200H x 1500W,Standard Glass,181.66,Standard Flyscreen,198.0,Standard Security Screen,378.0,Trend National Size Manual / Trend product documentation,ESTIMATED TEMPLATE PRICE — REPLACE WITH SUPPLIER CSV,1009.2,181.66,198.0,378.0,Australian supply-only market benchmarks; not Trend supplier pricing
Window,Casement,QC1218,1200,1800,1200H x 1800W,Standard Glass,213.67,Standard Flyscreen,237.6,Standard Security Screen,453.6,Trend National Size Manual / Trend product documentation,ESTIMATED TEMPLATE PRICE — REPLACE WITH SUPPLIER CSV,1187.04,213.67,237.6,453.6,Australian supply-only market benchmarks; not Trend supplier pricing
Window,Casement,QC1506,1500,600,1500H x 600W,Standard Glass,101.63,Standard Flyscreen,99.0,Standard Security Screen,189.0,Trend National Size Manual / Trend product documentation,ESTIMATED TEMPLATE PRICE — REPLACE WITH SUPPLIER CSV,564.6,101.63,99.0,189.0,Australian supply-only market benchmarks; not Trend supplier pricing
Window,Casement,QC1509,1500,900,1500H x 900W,Standard Glass,141.64,Standard Flyscreen,148.5,Standard Security Screen,283.5,Trend National Size Manual / Trend product documentation,ESTIMATED TEMPLATE PRICE — REPLACE WITH SUPPLIER CSV,786.9,141.64,148.5,283.5,Australian supply-only market benchmarks; not Trend supplier pricing
Window,Casement,QC1512,1500,1200,1500H x 1200W,Standard Glass,181.66,Standard Flyscreen,198.0,Standard Security Screen,378.0,Trend National Size Manual / Trend product documentation,ESTIMATED TEMPLATE PRICE — REPLACE WITH SUPPLIER CSV,1009.2,181.66,198.0,378.0,Australian supply-only market benchmarks; not Trend supplier pricing
Window,Casement,QC1515,1500,1500,1500H x 1500W,Standard Glass,221.67,Standard Flyscreen,247.5,Standard Security Screen,472.5,Trend National Size Manual / Trend product documentation,ESTIMATED TEMPLATE PRICE — REPLACE WITH SUPPLIER CSV,1231.5,221.67,247.5,472.5,Australian supply-only market benchmarks; not Trend supplier pricing
Window,Casement,QC1518,1500,1800,1500H x 1800W,Standard Glass,261.68,Standard Flyscreen,297.0,Standard Security Screen,567.0,Trend National Size Manual / Trend product documentation,ESTIMATED TEMPLATE PRICE — REPLACE WITH SUPPLIER CSV,1453.8,261.68,297.0,567.0,Australian supply-only market benchmarks; not Trend supplier pricing
Window,Casement,QC1806,1800,600,1800H x 600W,Standard Glass,117.63,Standard Flyscreen,118.8,Standard Security Screen,226.8,Trend National Size Manual / Trend product documentation,ESTIMATED TEMPLATE PRICE — REPLACE WITH SUPPLIER CSV,653.52,117.63,118.8,226.8,Australian supply-only market benchmarks; not Trend supplier pricing
Window,Casement,QC1809,1800,900,1800H x 900W,Standard Glass,165.65,Standard Flyscreen,178.2,Standard Security Screen,340.2,Trend National Size Manual / Trend product documentation,ESTIMATED TEMPLATE PRICE — REPLACE WITH SUPPLIER CSV,920.28,165.65,178.2,340.2,Australian supply-only market benchmarks; not Trend supplier pricing
Window,Casement,QC1812,1800,1200,1800H x 1200W,Standard Glass,213.67,Standard Flyscreen,237.6,Standard Security Screen,453.6,Trend National Size Manual / Trend product documentation,ESTIMATED TEMPLATE PRICE — REPLACE WITH SUPPLIER CSV,1187.04,213.67,237.6,453.6,Australian supply-only market benchmarks; not Trend supplier pricing
Window,Casement,QC1815,1800,1500,1800H x 1500W,Standard Glass,261.68,Standard Flyscreen,297.0,Standard Security Screen,567.0,Trend National Size Manual / Trend product documentation,ESTIMATED TEMPLATE PRICE — REPLACE WITH SUPPLIER CSV,1453.8,261.68,297.0,567.0,Australian supply-only market benchmarks; not Trend supplier pricing
Window,Casement,QC1818,1800,1800,1800H x 1800W,Standard Glass,309.7,Standard Flyscreen,356.4,Standard Security Screen,680.4,Trend National Size Manual / Trend product documentation,ESTIMATED TEMPLATE PRICE — REPLACE WITH SUPPLIER CSV,1720.56,309.7,356.4,680.4,Australian supply-only market benchmarks; not Trend supplier pricing
Window,Casement,QC2106,2100,600,2100H x 600W,Standard Glass,133.64,Standard Flyscreen,138.6,Standard Security Screen,264.6,Trend National Size Manual / Trend product documentation,ESTIMATED TEMPLATE PRICE — REPLACE WITH SUPPLIER CSV,742.44,133.64,138.6,264.6,Australian supply-only market benchmarks; not Trend supplier pricing
Window,Casement,QC2109,2100,900,2100H x 900W,Standard Glass,189.66,Standard Flyscreen,207.9,Standard Security Screen,396.9,Trend National Size Manual / Trend product documentation,ESTIMATED TEMPLATE PRICE — REPLACE WITH SUPPLIER CSV,1053.66,189.66,207.9,396.9,Australian supply-only market benchmarks; not Trend supplier pricing
Window,Casement,QC2112,2100,1200,2100H x 1200W,Standard Glass,245.68,Standard Flyscreen,277.2,Standard Security Screen,529.2,Trend National Size Manual / Trend product documentation,ESTIMATED TEMPLATE PRICE — REPLACE WITH SUPPLIER CSV,1364.88,245.68,277.2,529.2,Australian supply-only market benchmarks; not Trend supplier pricing
Window,Casement,QC2115,2100,1500,2100H x 1500W,Standard Glass,301.7,Standard Flyscreen,346.5,Standard Security Screen,661.5,Trend National Size Manual / Trend product documentation,ESTIMATED TEMPLATE PRICE — REPLACE WITH SUPPLIER CSV,1676.1,301.7,346.5,661.5,Australian supply-only market benchmarks; not Trend supplier pricing
Window,Casement,QC2118,2100,1800,2100H x 1800W,Standard Glass,357.72,Standard Flyscreen,415.8,Standard Security Screen,793.8,Trend National Size Manual / Trend product documentation,ESTIMATED TEMPLATE PRICE — REPLACE WITH SUPPLIER CSV,1987.32,357.72,415.8,793.8,Australian supply-only market benchmarks; not Trend supplier pricing
Glass Door,Glass Sliding Door - Single Opening Panel,GSD2112,2100,1200,2100H x 1200W,Standard Toughened Safety Glass,206.9,Standard Flyscreen Door,277.2,Standard Security Screen Door,529.2,User-specified door families; Trend standard-height convention to be confirmed against supplier schedule,ESTIMATED TEMPLATE PRICE — REPLACE WITH SUPPLIER CSV,1149.42,206.9,277.2,529.2,Australian supply-only market benchmarks; not Trend supplier pricing
Glass Door,Glass Sliding Door - Single Opening Panel,GSD2115,2100,1500,2100H x 1500W,Standard Toughened Safety Glass,253.22,Standard Flyscreen Door,346.5,Standard Security Screen Door,661.5,User-specified door families; Trend standard-height convention to be confirmed against supplier schedule,ESTIMATED TEMPLATE PRICE — REPLACE WITH SUPPLIER CSV,1406.77,253.22,346.5,661.5,Australian supply-only market benchmarks; not Trend supplier pricing
Glass Door,Glass Sliding Door - Single Opening Panel,GSD2118,2100,1800,2100H x 1800W,Standard Toughened Safety Glass,299.54,Standard Flyscreen Door,415.8,Standard Security Screen Door,793.8,User-specified door families; Trend standard-height convention to be confirmed against supplier schedule,ESTIMATED TEMPLATE PRICE — REPLACE WITH SUPPLIER CSV,1664.13,299.54,415.8,793.8,Australian supply-only market benchmarks; not Trend supplier pricing
Glass Door,Glass Sliding Door - Single Opening Panel,GSD2121,2100,2100,2100H x 2100W,Standard Toughened Safety Glass,345.87,Standard Flyscreen Door,485.1,Standard Security Screen Door,926.1,User-specified door families; Trend standard-height convention to be confirmed against supplier schedule,ESTIMATED TEMPLATE PRICE — REPLACE WITH SUPPLIER CSV,1921.48,345.87,485.1,926.1,Australian supply-only market benchmarks; not Trend supplier pricing
Glass Door,Glass Sliding Door - Single Opening Panel,GSD2124,2100,2400,2100H x 2400W,Standard Toughened Safety Glass,392.19,Standard Flyscreen Door,554.4,Standard Security Screen Door,1058.4,User-specified door families; Trend standard-height convention to be confirmed against supplier schedule,ESTIMATED TEMPLATE PRICE — REPLACE WITH SUPPLIER CSV,2178.84,392.19,554.4,1058.4,Australian supply-only market benchmarks; not Trend supplier pricing
Glass Door,Glass Sliding Door - Single Opening Panel,GSD2127,2100,2700,2100H x 2700W,Standard Toughened Safety Glass,438.51,Standard Flyscreen Door,623.7,Standard Security Screen Door,1190.7,User-specified door families; Trend standard-height convention to be confirmed against supplier schedule,ESTIMATED TEMPLATE PRICE — REPLACE WITH SUPPLIER CSV,2436.19,438.51,623.7,1190.7,Australian supply-only market benchmarks; not Trend supplier pricing
Glass Door,Glass Sliding Door - Single Opening Panel,GSD2130,2100,3000,2100H x 3000W,Standard Toughened Safety Glass,484.84,Standard Flyscreen Door,693.0,Standard Security Screen Door,1323.0,User-specified door families; Trend standard-height convention to be confirmed against supplier schedule,ESTIMATED TEMPLATE PRICE — REPLACE WITH SUPPLIER CSV,2693.55,484.84,693.0,1323.0,Australian supply-only market benchmarks; not Trend supplier pricing
Glass Door,Glass Sliding Door - Single Opening Panel,GSD2136,2100,3600,2100H x 3600W,Standard Toughened Safety Glass,577.49,Standard Flyscreen Door,831.6,Standard Security Screen Door,1587.6,User-specified door families; Trend standard-height convention to be confirmed against supplier schedule,ESTIMATED TEMPLATE PRICE — REPLACE WITH SUPPLIER CSV,3208.26,577.49,831.6,1587.6,Australian supply-only market benchmarks; not Trend supplier pricing
Glass Door,Glass Sliding Door - Single Opening Panel,GSD2142,2100,4200,2100H x 4200W,Standard Toughened Safety Glass,670.13,Standard Flyscreen Door,970.2,Standard Security Screen Door,1852.2,User-specified door families; Trend standard-height convention to be confirmed against supplier schedule,ESTIMATED TEMPLATE PRICE — REPLACE WITH SUPPLIER CSV,3722.97,670.13,970.2,1852.2,Australian supply-only market benchmarks; not Trend supplier pricing
Glass Door,Glass Sliding Door - Single Opening Panel,GSD2148,2100,4800,2100H x 4800W,Standard Toughened Safety Glass,762.78,Standard Flyscreen Door,1108.8,Standard Security Screen Door,2116.8,User-specified door families; Trend standard-height convention to be confirmed against supplier schedule,ESTIMATED TEMPLATE PRICE — REPLACE WITH SUPPLIER CSV,4237.68,762.78,1108.8,2116.8,Australian supply-only market benchmarks; not Trend supplier pricing
Glass Door,Glass Sliding Door - Single Opening Panel,GSD2154,2100,5400,2100H x 5400W,Standard Toughened Safety Glass,855.43,Standard Flyscreen Door,1247.4,Standard Security Screen Door,2381.4,User-specified door families; Trend standard-height convention to be confirmed against supplier schedule,ESTIMATED TEMPLATE PRICE — REPLACE WITH SUPPLIER CSV,4752.39,855.43,1247.4,2381.4,Australian supply-only market benchmarks; not Trend supplier pricing
Glass Door,Glass Sliding Door - Single Opening Panel,GSD2160,2100,6000,2100H x 6000W,Standard Toughened Safety Glass,948.08,Standard Flyscreen Door,1386.0,Standard Security Screen Door,2646.0,User-specified door families; Trend standard-height convention to be confirmed against supplier schedule,ESTIMATED TEMPLATE PRICE — REPLACE WITH SUPPLIER CSV,5267.1,948.08,1386.0,2646.0,Australian supply-only market benchmarks; not Trend supplier pricing
Glass Door,Glass Sliding Door - Single Opening Panel,GSD2412,2400,1200,2400H x 1200W,Standard Toughened Safety Glass,233.37,Standard Flyscreen Door,316.8,Standard Security Screen Door,604.8,User-specified door families; Trend standard-height convention to be confirmed against supplier schedule,ESTIMATED TEMPLATE PRICE — REPLACE WITH SUPPLIER CSV,1296.48,233.37,316.8,604.8,Australian supply-only market benchmarks; not Trend supplier pricing
Glass Door,Glass Sliding Door - Single Opening Panel,GSD2415,2400,1500,2400H x 1500W,Standard Toughened Safety Glass,286.31,Standard Flyscreen Door,396.0,Standard Security Screen Door,756.0,User-specified door families; Trend standard-height convention to be confirmed against supplier schedule,ESTIMATED TEMPLATE PRICE — REPLACE WITH SUPPLIER CSV,1590.6,286.31,396.0,756.0,Australian supply-only market benchmarks; not Trend supplier pricing
Glass Door,Glass Sliding Door - Single Opening Panel,GSD2418,2400,1800,2400H x 1800W,Standard Toughened Safety Glass,339.25,Standard Flyscreen Door,475.2,Standard Security Screen Door,907.2,User-specified door families; Trend standard-height convention to be confirmed against supplier schedule,ESTIMATED TEMPLATE PRICE — REPLACE WITH SUPPLIER CSV,1884.72,339.25,475.2,907.2,Australian supply-only market benchmarks; not Trend supplier pricing
Glass Door,Glass Sliding Door - Single Opening Panel,GSD2421,2400,2100,2400H x 2100W,Standard Toughened Safety Glass,392.19,Standard Flyscreen Door,554.4,Standard Security Screen Door,1058.4,User-specified door families; Trend standard-height convention to be confirmed against supplier schedule,ESTIMATED TEMPLATE PRICE — REPLACE WITH SUPPLIER CSV,2178.84,392.19,554.4,1058.4,Australian supply-only market benchmarks; not Trend supplier pricing
Glass Door,Glass Sliding Door - Single Opening Panel,GSD2424,2400,2400,2400H x 2400W,Standard Toughened Safety Glass,445.13,Standard Flyscreen Door,633.6,Standard Security Screen Door,1209.6,User-specified door families; Trend standard-height convention to be confirmed against supplier schedule,ESTIMATED TEMPLATE PRICE — REPLACE WITH SUPPLIER CSV,2472.96,445.13,633.6,1209.6,Australian supply-only market benchmarks; not Trend supplier pricing
Glass Door,Glass Sliding Door - Single Opening Panel,GSD2427,2400,2700,2400H x 2700W,Standard Toughened Safety Glass,498.07,Standard Flyscreen Door,712.8,Standard Security Screen Door,1360.8,User-specified door families; Trend standard-height convention to be confirmed against supplier schedule,ESTIMATED TEMPLATE PRICE — REPLACE WITH SUPPLIER CSV,2767.08,498.07,712.8,1360.8,Australian supply-only market benchmarks; not Trend supplier pricing
Glass Door,Glass Sliding Door - Single Opening Panel,GSD2430,2400,3000,2400H x 3000W,Standard Toughened Safety Glass,551.02,Standard Flyscreen Door,792.0,Standard Security Screen Door,1512.0,User-specified door families; Trend standard-height convention to be confirmed against supplier schedule,ESTIMATED TEMPLATE PRICE — REPLACE WITH SUPPLIER CSV,3061.2,551.02,792.0,1512.0,Australian supply-only market benchmarks; not Trend supplier pricing
Glass Door,Glass Sliding Door - Single Opening Panel,GSD2436,2400,3600,2400H x 3600W,Standard Toughened Safety Glass,656.9,Standard Flyscreen Door,950.4,Standard Security Screen Door,1814.4,User-specified door families; Trend standard-height convention to be confirmed against supplier schedule,ESTIMATED TEMPLATE PRICE — REPLACE WITH SUPPLIER CSV,3649.44,656.9,950.4,1814.4,Australian supply-only market benchmarks; not Trend supplier pricing
Glass Door,Glass Sliding Door - Single Opening Panel,GSD2442,2400,4200,2400H x 4200W,Standard Toughened Safety Glass,762.78,Standard Flyscreen Door,1108.8,Standard Security Screen Door,2116.8,User-specified door families; Trend standard-height convention to be confirmed against supplier schedule,ESTIMATED TEMPLATE PRICE — REPLACE WITH SUPPLIER CSV,4237.68,762.78,1108.8,2116.8,Australian supply-only market benchmarks; not Trend supplier pricing
Glass Door,Glass Sliding Door - Single Opening Panel,GSD2448,2400,4800,2400H x 4800W,Standard Toughened Safety Glass,868.67,Standard Flyscreen Door,1267.2,Standard Security Screen Door,2419.2,User-specified door families; Trend standard-height convention to be confirmed against supplier schedule,ESTIMATED TEMPLATE PRICE — REPLACE WITH SUPPLIER CSV,4825.92,868.67,1267.2,2419.2,Australian supply-only market benchmarks; not Trend supplier pricing
Glass Door,Glass Sliding Door - Single Opening Panel,GSD2454,2400,5400,2400H x 5400W,Standard Toughened Safety Glass,974.55,Standard Flyscreen Door,1425.6,Standard Security Screen Door,2721.6,User-specified door families; Trend standard-height convention to be confirmed against supplier schedule,ESTIMATED TEMPLATE PRICE — REPLACE WITH SUPPLIER CSV,5414.16,974.55,1425.6,2721.6,Australian supply-only market benchmarks; not Trend supplier pricing
Glass Door,Glass Sliding Door - Single Opening Panel,GSD2460,2400,6000,2400H x 6000W,Standard Toughened Safety Glass,1080.43,Standard Flyscreen Door,1584.0,Standard Security Screen Door,3024.0,User-specified door families; Trend standard-height convention to be confirmed against supplier schedule,ESTIMATED TEMPLATE PRICE — REPLACE WITH SUPPLIER CSV,6002.4,1080.43,1584.0,3024.0,Australian supply-only market benchmarks; not Trend supplier pricing
Glass Door,Glass Sliding Door - Stacker,GSD-ST2112,2100,1200,2100H x 1200W,Standard Toughened Safety Glass,206.9,Standard Flyscreen Door,277.2,Standard Security Screen Door,529.2,User-specified door families; Trend standard-height convention to be confirmed against supplier schedule,ESTIMATED TEMPLATE PRICE — REPLACE WITH SUPPLIER CSV,1149.42,206.9,277.2,529.2,Australian supply-only market benchmarks; not Trend supplier pricing
Glass Door,Glass Sliding Door - Stacker,GSD-ST2115,2100,1500,2100H x 1500W,Standard Toughened Safety Glass,253.22,Standard Flyscreen Door,346.5,Standard Security Screen Door,661.5,User-specified door families; Trend standard-height convention to be confirmed against supplier schedule,ESTIMATED TEMPLATE PRICE — REPLACE WITH SUPPLIER CSV,1406.77,253.22,346.5,661.5,Australian supply-only market benchmarks; not Trend supplier pricing
Glass Door,Glass Sliding Door - Stacker,GSD-ST2118,2100,1800,2100H x 1800W,Standard Toughened Safety Glass,299.54,Standard Flyscreen Door,415.8,Standard Security Screen Door,793.8,User-specified door families; Trend standard-height convention to be confirmed against supplier schedule,ESTIMATED TEMPLATE PRICE — REPLACE WITH SUPPLIER CSV,1664.13,299.54,415.8,793.8,Australian supply-only market benchmarks; not Trend supplier pricing
Glass Door,Glass Sliding Door - Stacker,GSD-ST2121,2100,2100,2100H x 2100W,Standard Toughened Safety Glass,345.87,Standard Flyscreen Door,485.1,Standard Security Screen Door,926.1,User-specified door families; Trend standard-height convention to be confirmed against supplier schedule,ESTIMATED TEMPLATE PRICE — REPLACE WITH SUPPLIER CSV,1921.48,345.87,485.1,926.1,Australian supply-only market benchmarks; not Trend supplier pricing
Glass Door,Glass Sliding Door - Stacker,GSD-ST2124,2100,2400,2100H x 2400W,Standard Toughened Safety Glass,392.19,Standard Flyscreen Door,554.4,Standard Security Screen Door,1058.4,User-specified door families; Trend standard-height convention to be confirmed against supplier schedule,ESTIMATED TEMPLATE PRICE — REPLACE WITH SUPPLIER CSV,2178.84,392.19,554.4,1058.4,Australian supply-only market benchmarks; not Trend supplier pricing
Glass Door,Glass Sliding Door - Stacker,GSD-ST2127,2100,2700,2100H x 2700W,Standard Toughened Safety Glass,438.51,Standard Flyscreen Door,623.7,Standard Security Screen Door,1190.7,User-specified door families; Trend standard-height convention to be confirmed against supplier schedule,ESTIMATED TEMPLATE PRICE — REPLACE WITH SUPPLIER CSV,2436.19,438.51,623.7,1190.7,Australian supply-only market benchmarks; not Trend supplier pricing
Glass Door,Glass Sliding Door - Stacker,GSD-ST2130,2100,3000,2100H x 3000W,Standard Toughened Safety Glass,484.84,Standard Flyscreen Door,693.0,Standard Security Screen Door,1323.0,User-specified door families; Trend standard-height convention to be confirmed against supplier schedule,ESTIMATED TEMPLATE PRICE — REPLACE WITH SUPPLIER CSV,2693.55,484.84,693.0,1323.0,Australian supply-only market benchmarks; not Trend supplier pricing
Glass Door,Glass Sliding Door - Stacker,GSD-ST2136,2100,3600,2100H x 3600W,Standard Toughened Safety Glass,577.49,Standard Flyscreen Door,831.6,Standard Security Screen Door,1587.6,User-specified door families; Trend standard-height convention to be confirmed against supplier schedule,ESTIMATED TEMPLATE PRICE — REPLACE WITH SUPPLIER CSV,3208.26,577.49,831.6,1587.6,Australian supply-only market benchmarks; not Trend supplier pricing
Glass Door,Glass Sliding Door - Stacker,GSD-ST2142,2100,4200,2100H x 4200W,Standard Toughened Safety Glass,670.13,Standard Flyscreen Door,970.2,Standard Security Screen Door,1852.2,User-specified door families; Trend standard-height convention to be confirmed against supplier schedule,ESTIMATED TEMPLATE PRICE — REPLACE WITH SUPPLIER CSV,3722.97,670.13,970.2,1852.2,Australian supply-only market benchmarks; not Trend supplier pricing
Glass Door,Glass Sliding Door - Stacker,GSD-ST2148,2100,4800,2100H x 4800W,Standard Toughened Safety Glass,762.78,Standard Flyscreen Door,1108.8,Standard Security Screen Door,2116.8,User-specified door families; Trend standard-height convention to be confirmed against supplier schedule,ESTIMATED TEMPLATE PRICE — REPLACE WITH SUPPLIER CSV,4237.68,762.78,1108.8,2116.8,Australian supply-only market benchmarks; not Trend supplier pricing
Glass Door,Glass Sliding Door - Stacker,GSD-ST2154,2100,5400,2100H x 5400W,Standard Toughened Safety Glass,855.43,Standard Flyscreen Door,1247.4,Standard Security Screen Door,2381.4,User-specified door families; Trend standard-height convention to be confirmed against supplier schedule,ESTIMATED TEMPLATE PRICE — REPLACE WITH SUPPLIER CSV,4752.39,855.43,1247.4,2381.4,Australian supply-only market benchmarks; not Trend supplier pricing
Glass Door,Glass Sliding Door - Stacker,GSD-ST2160,2100,6000,2100H x 6000W,Standard Toughened Safety Glass,948.08,Standard Flyscreen Door,1386.0,Standard Security Screen Door,2646.0,User-specified door families; Trend standard-height convention to be confirmed against supplier schedule,ESTIMATED TEMPLATE PRICE — REPLACE WITH SUPPLIER CSV,5267.1,948.08,1386.0,2646.0,Australian supply-only market benchmarks; not Trend supplier pricing
Glass Door,Glass Sliding Door - Stacker,GSD-ST2412,2400,1200,2400H x 1200W,Standard Toughened Safety Glass,233.37,Standard Flyscreen Door,316.8,Standard Security Screen Door,604.8,User-specified door families; Trend standard-height convention to be confirmed against supplier schedule,ESTIMATED TEMPLATE PRICE — REPLACE WITH SUPPLIER CSV,1296.48,233.37,316.8,604.8,Australian supply-only market benchmarks; not Trend supplier pricing
Glass Door,Glass Sliding Door - Stacker,GSD-ST2415,2400,1500,2400H x 1500W,Standard Toughened Safety Glass,286.31,Standard Flyscreen Door,396.0,Standard Security Screen Door,756.0,User-specified door families; Trend standard-height convention to be confirmed against supplier schedule,ESTIMATED TEMPLATE PRICE — REPLACE WITH SUPPLIER CSV,1590.6,286.31,396.0,756.0,Australian supply-only market benchmarks; not Trend supplier pricing
Glass Door,Glass Sliding Door - Stacker,GSD-ST2418,2400,1800,2400H x 1800W,Standard Toughened Safety Glass,339.25,Standard Flyscreen Door,475.2,Standard Security Screen Door,907.2,User-specified door families; Trend standard-height convention to be confirmed against supplier schedule,ESTIMATED TEMPLATE PRICE — REPLACE WITH SUPPLIER CSV,1884.72,339.25,475.2,907.2,Australian supply-only market benchmarks; not Trend supplier pricing
Glass Door,Glass Sliding Door - Stacker,GSD-ST2421,2400,2100,2400H x 2100W,Standard Toughened Safety Glass,392.19,Standard Flyscreen Door,554.4,Standard Security Screen Door,1058.4,User-specified door families; Trend standard-height convention to be confirmed against supplier schedule,ESTIMATED TEMPLATE PRICE — REPLACE WITH SUPPLIER CSV,2178.84,392.19,554.4,1058.4,Australian supply-only market benchmarks; not Trend supplier pricing
Glass Door,Glass Sliding Door - Stacker,GSD-ST2424,2400,2400,2400H x 2400W,Standard Toughened Safety Glass,445.13,Standard Flyscreen Door,633.6,Standard Security Screen Door,1209.6,User-specified door families; Trend standard-height convention to be confirmed against supplier schedule,ESTIMATED TEMPLATE PRICE — REPLACE WITH SUPPLIER CSV,2472.96,445.13,633.6,1209.6,Australian supply-only market benchmarks; not Trend supplier pricing
Glass Door,Glass Sliding Door - Stacker,GSD-ST2427,2400,2700,2400H x 2700W,Standard Toughened Safety Glass,498.07,Standard Flyscreen Door,712.8,Standard Security Screen Door,1360.8,User-specified door families; Trend standard-height convention to be confirmed against supplier schedule,ESTIMATED TEMPLATE PRICE — REPLACE WITH SUPPLIER CSV,2767.08,498.07,712.8,1360.8,Australian supply-only market benchmarks; not Trend supplier pricing
Glass Door,Glass Sliding Door - Stacker,GSD-ST2430,2400,3000,2400H x 3000W,Standard Toughened Safety Glass,551.02,Standard Flyscreen Door,792.0,Standard Security Screen Door,1512.0,User-specified door families; Trend standard-height convention to be confirmed against supplier schedule,ESTIMATED TEMPLATE PRICE — REPLACE WITH SUPPLIER CSV,3061.2,551.02,792.0,1512.0,Australian supply-only market benchmarks; not Trend supplier pricing
Glass Door,Glass Sliding Door - Stacker,GSD-ST2436,2400,3600,2400H x 3600W,Standard Toughened Safety Glass,656.9,Standard Flyscreen Door,950.4,Standard Security Screen Door,1814.4,User-specified door families; Trend standard-height convention to be confirmed against supplier schedule,ESTIMATED TEMPLATE PRICE — REPLACE WITH SUPPLIER CSV,3649.44,656.9,950.4,1814.4,Australian supply-only market benchmarks; not Trend supplier pricing
Glass Door,Glass Sliding Door - Stacker,GSD-ST2442,2400,4200,2400H x 4200W,Standard Toughened Safety Glass,762.78,Standard Flyscreen Door,1108.8,Standard Security Screen Door,2116.8,User-specified door families; Trend standard-height convention to be confirmed against supplier schedule,ESTIMATED TEMPLATE PRICE — REPLACE WITH SUPPLIER CSV,4237.68,762.78,1108.8,2116.8,Australian supply-only market benchmarks; not Trend supplier pricing
Glass Door,Glass Sliding Door - Stacker,GSD-ST2448,2400,4800,2400H x 4800W,Standard Toughened Safety Glass,868.67,Standard Flyscreen Door,1267.2,Standard Security Screen Door,2419.2,User-specified door families; Trend standard-height convention to be confirmed against supplier schedule,ESTIMATED TEMPLATE PRICE — REPLACE WITH SUPPLIER CSV,4825.92,868.67,1267.2,2419.2,Australian supply-only market benchmarks; not Trend supplier pricing
Glass Door,Glass Sliding Door - Stacker,GSD-ST2454,2400,5400,2400H x 5400W,Standard Toughened Safety Glass,974.55,Standard Flyscreen Door,1425.6,Standard Security Screen Door,2721.6,User-specified door families; Trend standard-height convention to be confirmed against supplier schedule,ESTIMATED TEMPLATE PRICE — REPLACE WITH SUPPLIER CSV,5414.16,974.55,1425.6,2721.6,Australian supply-only market benchmarks; not Trend supplier pricing
Glass Door,Glass Sliding Door - Stacker,GSD-ST2460,2400,6000,2400H x 6000W,Standard Toughened Safety Glass,1080.43,Standard Flyscreen Door,1584.0,Standard Security Screen Door,3024.0,User-specified door families; Trend standard-height convention to be confirmed against supplier schedule,ESTIMATED TEMPLATE PRICE — REPLACE WITH SUPPLIER CSV,6002.4,1080.43,1584.0,3024.0,Australian supply-only market benchmarks; not Trend supplier pricing
Glass Door,Glass Sliding Door - Centre Opening,GSD-CO2112,2100,1200,2100H x 1200W,Standard Toughened Safety Glass,206.9,Standard Flyscreen Door,277.2,Standard Security Screen Door,529.2,User-specified door families; Trend standard-height convention to be confirmed against supplier schedule,ESTIMATED TEMPLATE PRICE — REPLACE WITH SUPPLIER CSV,1149.42,206.9,277.2,529.2,Australian supply-only market benchmarks; not Trend supplier pricing
Glass Door,Glass Sliding Door - Centre Opening,GSD-CO2115,2100,1500,2100H x 1500W,Standard Toughened Safety Glass,253.22,Standard Flyscreen Door,346.5,Standard Security Screen Door,661.5,User-specified door families; Trend standard-height convention to be confirmed against supplier schedule,ESTIMATED TEMPLATE PRICE — REPLACE WITH SUPPLIER CSV,1406.77,253.22,346.5,661.5,Australian supply-only market benchmarks; not Trend supplier pricing
Glass Door,Glass Sliding Door - Centre Opening,GSD-CO2118,2100,1800,2100H x 1800W,Standard Toughened Safety Glass,299.54,Standard Flyscreen Door,415.8,Standard Security Screen Door,793.8,User-specified door families; Trend standard-height convention to be confirmed against supplier schedule,ESTIMATED TEMPLATE PRICE — REPLACE WITH SUPPLIER CSV,1664.13,299.54,415.8,793.8,Australian supply-only market benchmarks; not Trend supplier pricing
Glass Door,Glass Sliding Door - Centre Opening,GSD-CO2121,2100,2100,2100H x 2100W,Standard Toughened Safety Glass,345.87,Standard Flyscreen Door,485.1,Standard Security Screen Door,926.1,User-specified door families; Trend standard-height convention to be confirmed against supplier schedule,ESTIMATED TEMPLATE PRICE — REPLACE WITH SUPPLIER CSV,1921.48,345.87,485.1,926.1,Australian supply-only market benchmarks; not Trend supplier pricing
Glass Door,Glass Sliding Door - Centre Opening,GSD-CO2124,2100,2400,2100H x 2400W,Standard Toughened Safety Glass,392.19,Standard Flyscreen Door,554.4,Standard Security Screen Door,1058.4,User-specified door families; Trend standard-height convention to be confirmed against supplier schedule,ESTIMATED TEMPLATE PRICE — REPLACE WITH SUPPLIER CSV,2178.84,392.19,554.4,1058.4,Australian supply-only market benchmarks; not Trend supplier pricing
Glass Door,Glass Sliding Door - Centre Opening,GSD-CO2127,2100,2700,2100H x 2700W,Standard Toughened Safety Glass,438.51,Standard Flyscreen Door,623.7,Standard Security Screen Door,1190.7,User-specified door families; Trend standard-height convention to be confirmed against supplier schedule,ESTIMATED TEMPLATE PRICE — REPLACE WITH SUPPLIER CSV,2436.19,438.51,623.7,1190.7,Australian supply-only market benchmarks; not Trend supplier pricing
Glass Door,Glass Sliding Door - Centre Opening,GSD-CO2130,2100,3000,2100H x 3000W,Standard Toughened Safety Glass,484.84,Standard Flyscreen Door,693.0,Standard Security Screen Door,1323.0,User-specified door families; Trend standard-height convention to be confirmed against supplier schedule,ESTIMATED TEMPLATE PRICE — REPLACE WITH SUPPLIER CSV,2693.55,484.84,693.0,1323.0,Australian supply-only market benchmarks; not Trend supplier pricing
Glass Door,Glass Sliding Door - Centre Opening,GSD-CO2136,2100,3600,2100H x 3600W,Standard Toughened Safety Glass,577.49,Standard Flyscreen Door,831.6,Standard Security Screen Door,1587.6,User-specified door families; Trend standard-height convention to be confirmed against supplier schedule,ESTIMATED TEMPLATE PRICE — REPLACE WITH SUPPLIER CSV,3208.26,577.49,831.6,1587.6,Australian supply-only market benchmarks; not Trend supplier pricing
Glass Door,Glass Sliding Door - Centre Opening,GSD-CO2142,2100,4200,2100H x 4200W,Standard Toughened Safety Glass,670.13,Standard Flyscreen Door,970.2,Standard Security Screen Door,1852.2,User-specified door families; Trend standard-height convention to be confirmed against supplier schedule,ESTIMATED TEMPLATE PRICE — REPLACE WITH SUPPLIER CSV,3722.97,670.13,970.2,1852.2,Australian supply-only market benchmarks; not Trend supplier pricing
Glass Door,Glass Sliding Door - Centre Opening,GSD-CO2148,2100,4800,2100H x 4800W,Standard Toughened Safety Glass,762.78,Standard Flyscreen Door,1108.8,Standard Security Screen Door,2116.8,User-specified door families; Trend standard-height convention to be confirmed against supplier schedule,ESTIMATED TEMPLATE PRICE — REPLACE WITH SUPPLIER CSV,4237.68,762.78,1108.8,2116.8,Australian supply-only market benchmarks; not Trend supplier pricing
Glass Door,Glass Sliding Door - Centre Opening,GSD-CO2154,2100,5400,2100H x 5400W,Standard Toughened Safety Glass,855.43,Standard Flyscreen Door,1247.4,Standard Security Screen Door,2381.4,User-specified door families; Trend standard-height convention to be confirmed against supplier schedule,ESTIMATED TEMPLATE PRICE — REPLACE WITH SUPPLIER CSV,4752.39,855.43,1247.4,2381.4,Australian supply-only market benchmarks; not Trend supplier pricing
Glass Door,Glass Sliding Door - Centre Opening,GSD-CO2160,2100,6000,2100H x 6000W,Standard Toughened Safety Glass,948.08,Standard Flyscreen Door,1386.0,Standard Security Screen Door,2646.0,User-specified door families; Trend standard-height convention to be confirmed against supplier schedule,ESTIMATED TEMPLATE PRICE — REPLACE WITH SUPPLIER CSV,5267.1,948.08,1386.0,2646.0,Australian supply-only market benchmarks; not Trend supplier pricing
Glass Door,Glass Sliding Door - Centre Opening,GSD-CO2412,2400,1200,2400H x 1200W,Standard Toughened Safety Glass,233.37,Standard Flyscreen Door,316.8,Standard Security Screen Door,604.8,User-specified door families; Trend standard-height convention to be confirmed against supplier schedule,ESTIMATED TEMPLATE PRICE — REPLACE WITH SUPPLIER CSV,1296.48,233.37,316.8,604.8,Australian supply-only market benchmarks; not Trend supplier pricing
Glass Door,Glass Sliding Door - Centre Opening,GSD-CO2415,2400,1500,2400H x 1500W,Standard Toughened Safety Glass,286.31,Standard Flyscreen Door,396.0,Standard Security Screen Door,756.0,User-specified door families; Trend standard-height convention to be confirmed against supplier schedule,ESTIMATED TEMPLATE PRICE — REPLACE WITH SUPPLIER CSV,1590.6,286.31,396.0,756.0,Australian supply-only market benchmarks; not Trend supplier pricing
Glass Door,Glass Sliding Door - Centre Opening,GSD-CO2418,2400,1800,2400H x 1800W,Standard Toughened Safety Glass,339.25,Standard Flyscreen Door,475.2,Standard Security Screen Door,907.2,User-specified door families; Trend standard-height convention to be confirmed against supplier schedule,ESTIMATED TEMPLATE PRICE — REPLACE WITH SUPPLIER CSV,1884.72,339.25,475.2,907.2,Australian supply-only market benchmarks; not Trend supplier pricing
Glass Door,Glass Sliding Door - Centre Opening,GSD-CO2421,2400,2100,2400H x 2100W,Standard Toughened Safety Glass,392.19,Standard Flyscreen Door,554.4,Standard Security Screen Door,1058.4,User-specified door families; Trend standard-height convention to be confirmed against supplier schedule,ESTIMATED TEMPLATE PRICE — REPLACE WITH SUPPLIER CSV,2178.84,392.19,554.4,1058.4,Australian supply-only market benchmarks; not Trend supplier pricing
Glass Door,Glass Sliding Door - Centre Opening,GSD-CO2424,2400,2400,2400H x 2400W,Standard Toughened Safety Glass,445.13,Standard Flyscreen Door,633.6,Standard Security Screen Door,1209.6,User-specified door families; Trend standard-height convention to be confirmed against supplier schedule,ESTIMATED TEMPLATE PRICE — REPLACE WITH SUPPLIER CSV,2472.96,445.13,633.6,1209.6,Australian supply-only market benchmarks; not Trend supplier pricing
Glass Door,Glass Sliding Door - Centre Opening,GSD-CO2427,2400,2700,2400H x 2700W,Standard Toughened Safety Glass,498.07,Standard Flyscreen Door,712.8,Standard Security Screen Door,1360.8,User-specified door families; Trend standard-height convention to be confirmed against supplier schedule,ESTIMATED TEMPLATE PRICE — REPLACE WITH SUPPLIER CSV,2767.08,498.07,712.8,1360.8,Australian supply-only market benchmarks; not Trend supplier pricing
Glass Door,Glass Sliding Door - Centre Opening,GSD-CO2430,2400,3000,2400H x 3000W,Standard Toughened Safety Glass,551.02,Standard Flyscreen Door,792.0,Standard Security Screen Door,1512.0,User-specified door families; Trend standard-height convention to be confirmed against supplier schedule,ESTIMATED TEMPLATE PRICE — REPLACE WITH SUPPLIER CSV,3061.2,551.02,792.0,1512.0,Australian supply-only market benchmarks; not Trend supplier pricing
Glass Door,Glass Sliding Door - Centre Opening,GSD-CO2436,2400,3600,2400H x 3600W,Standard Toughened Safety Glass,656.9,Standard Flyscreen Door,950.4,Standard Security Screen Door,1814.4,User-specified door families; Trend standard-height convention to be confirmed against supplier schedule,ESTIMATED TEMPLATE PRICE — REPLACE WITH SUPPLIER CSV,3649.44,656.9,950.4,1814.4,Australian supply-only market benchmarks; not Trend supplier pricing
Glass Door,Glass Sliding Door - Centre Opening,GSD-CO2442,2400,4200,2400H x 4200W,Standard Toughened Safety Glass,762.78,Standard Flyscreen Door,1108.8,Standard Security Screen Door,2116.8,User-specified door families; Trend standard-height convention to be confirmed against supplier schedule,ESTIMATED TEMPLATE PRICE — REPLACE WITH SUPPLIER CSV,4237.68,762.78,1108.8,2116.8,Australian supply-only market benchmarks; not Trend supplier pricing
Glass Door,Glass Sliding Door - Centre Opening,GSD-CO2448,2400,4800,2400H x 4800W,Standard Toughened Safety Glass,868.67,Standard Flyscreen Door,1267.2,Standard Security Screen Door,2419.2,User-specified door families; Trend standard-height convention to be confirmed against supplier schedule,ESTIMATED TEMPLATE PRICE — REPLACE WITH SUPPLIER CSV,4825.92,868.67,1267.2,2419.2,Australian supply-only market benchmarks; not Trend supplier pricing
Glass Door,Glass Sliding Door - Centre Opening,GSD-CO2454,2400,5400,2400H x 5400W,Standard Toughened Safety Glass,974.55,Standard Flyscreen Door,1425.6,Standard Security Screen Door,2721.6,User-specified door families; Trend standard-height convention to be confirmed against supplier schedule,ESTIMATED TEMPLATE PRICE — REPLACE WITH SUPPLIER CSV,5414.16,974.55,1425.6,2721.6,Australian supply-only market benchmarks; not Trend supplier pricing
Glass Door,Glass Sliding Door - Centre Opening,GSD-CO2460,2400,6000,2400H x 6000W,Standard Toughened Safety Glass,1080.43,Standard Flyscreen Door,1584.0,Standard Security Screen Door,3024.0,User-specified door families; Trend standard-height convention to be confirmed against supplier schedule,ESTIMATED TEMPLATE PRICE — REPLACE WITH SUPPLIER CSV,6002.4,1080.43,1584.0,3024.0,Australian supply-only market benchmarks; not Trend supplier pricing
Glass Door,Glass Sliding Door - Corner,GSD-COR2112,2100,1200,2100H x 1200W,Standard Toughened Safety Glass,206.9,Standard Flyscreen Door,277.2,Standard Security Screen Door,529.2,User-specified door families; Trend standard-height convention to be confirmed against supplier schedule,ESTIMATED TEMPLATE PRICE — REPLACE WITH SUPPLIER CSV,1149.42,206.9,277.2,529.2,Australian supply-only market benchmarks; not Trend supplier pricing
Glass Door,Glass Sliding Door - Corner,GSD-COR2115,2100,1500,2100H x 1500W,Standard Toughened Safety Glass,253.22,Standard Flyscreen Door,346.5,Standard Security Screen Door,661.5,User-specified door families; Trend standard-height convention to be confirmed against supplier schedule,ESTIMATED TEMPLATE PRICE — REPLACE WITH SUPPLIER CSV,1406.77,253.22,346.5,661.5,Australian supply-only market benchmarks; not Trend supplier pricing
Glass Door,Glass Sliding Door - Corner,GSD-COR2118,2100,1800,2100H x 1800W,Standard Toughened Safety Glass,299.54,Standard Flyscreen Door,415.8,Standard Security Screen Door,793.8,User-specified door families; Trend standard-height convention to be confirmed against supplier schedule,ESTIMATED TEMPLATE PRICE — REPLACE WITH SUPPLIER CSV,1664.13,299.54,415.8,793.8,Australian supply-only market benchmarks; not Trend supplier pricing
Glass Door,Glass Sliding Door - Corner,GSD-COR2121,2100,2100,2100H x 2100W,Standard Toughened Safety Glass,345.87,Standard Flyscreen Door,485.1,Standard Security Screen Door,926.1,User-specified door families; Trend standard-height convention to be confirmed against supplier schedule,ESTIMATED TEMPLATE PRICE — REPLACE WITH SUPPLIER CSV,1921.48,345.87,485.1,926.1,Australian supply-only market benchmarks; not Trend supplier pricing
Glass Door,Glass Sliding Door - Corner,GSD-COR2124,2100,2400,2100H x 2400W,Standard Toughened Safety Glass,392.19,Standard Flyscreen Door,554.4,Standard Security Screen Door,1058.4,User-specified door families; Trend standard-height convention to be confirmed against supplier schedule,ESTIMATED TEMPLATE PRICE — REPLACE WITH SUPPLIER CSV,2178.84,392.19,554.4,1058.4,Australian supply-only market benchmarks; not Trend supplier pricing
Glass Door,Glass Sliding Door - Corner,GSD-COR2127,2100,2700,2100H x 2700W,Standard Toughened Safety Glass,438.51,Standard Flyscreen Door,623.7,Standard Security Screen Door,1190.7,User-specified door families; Trend standard-height convention to be confirmed against supplier schedule,ESTIMATED TEMPLATE PRICE — REPLACE WITH SUPPLIER CSV,2436.19,438.51,623.7,1190.7,Australian supply-only market benchmarks; not Trend supplier pricing
Glass Door,Glass Sliding Door - Corner,GSD-COR2130,2100,3000,2100H x 3000W,Standard Toughened Safety Glass,484.84,Standard Flyscreen Door,693.0,Standard Security Screen Door,1323.0,User-specified door families; Trend standard-height convention to be confirmed against supplier schedule,ESTIMATED TEMPLATE PRICE — REPLACE WITH SUPPLIER CSV,2693.55,484.84,693.0,1323.0,Australian supply-only market benchmarks; not Trend supplier pricing
Glass Door,Glass Sliding Door - Corner,GSD-COR2136,2100,3600,2100H x 3600W,Standard Toughened Safety Glass,577.49,Standard Flyscreen Door,831.6,Standard Security Screen Door,1587.6,User-specified door families; Trend standard-height convention to be confirmed against supplier schedule,ESTIMATED TEMPLATE PRICE — REPLACE WITH SUPPLIER CSV,3208.26,577.49,831.6,1587.6,Australian supply-only market benchmarks; not Trend supplier pricing
Glass Door,Glass Sliding Door - Corner,GSD-COR2142,2100,4200,2100H x 4200W,Standard Toughened Safety Glass,670.13,Standard Flyscreen Door,970.2,Standard Security Screen Door,1852.2,User-specified door families; Trend standard-height convention to be confirmed against supplier schedule,ESTIMATED TEMPLATE PRICE — REPLACE WITH SUPPLIER CSV,3722.97,670.13,970.2,1852.2,Australian supply-only market benchmarks; not Trend supplier pricing
Glass Door,Glass Sliding Door - Corner,GSD-COR2148,2100,4800,2100H x 4800W,Standard Toughened Safety Glass,762.78,Standard Flyscreen Door,1108.8,Standard Security Screen Door,2116.8,User-specified door families; Trend standard-height convention to be confirmed against supplier schedule,ESTIMATED TEMPLATE PRICE — REPLACE WITH SUPPLIER CSV,4237.68,762.78,1108.8,2116.8,Australian supply-only market benchmarks; not Trend supplier pricing
Glass Door,Glass Sliding Door - Corner,GSD-COR2154,2100,5400,2100H x 5400W,Standard Toughened Safety Glass,855.43,Standard Flyscreen Door,1247.4,Standard Security Screen Door,2381.4,User-specified door families; Trend standard-height convention to be confirmed against supplier schedule,ESTIMATED TEMPLATE PRICE — REPLACE WITH SUPPLIER CSV,4752.39,855.43,1247.4,2381.4,Australian supply-only market benchmarks; not Trend supplier pricing
Glass Door,Glass Sliding Door - Corner,GSD-COR2160,2100,6000,2100H x 6000W,Standard Toughened Safety Glass,948.08,Standard Flyscreen Door,1386.0,Standard Security Screen Door,2646.0,User-specified door families; Trend standard-height convention to be confirmed against supplier schedule,ESTIMATED TEMPLATE PRICE — REPLACE WITH SUPPLIER CSV,5267.1,948.08,1386.0,2646.0,Australian supply-only market benchmarks; not Trend supplier pricing
Glass Door,Glass Sliding Door - Corner,GSD-COR2412,2400,1200,2400H x 1200W,Standard Toughened Safety Glass,233.37,Standard Flyscreen Door,316.8,Standard Security Screen Door,604.8,User-specified door families; Trend standard-height convention to be confirmed against supplier schedule,ESTIMATED TEMPLATE PRICE — REPLACE WITH SUPPLIER CSV,1296.48,233.37,316.8,604.8,Australian supply-only market benchmarks; not Trend supplier pricing
Glass Door,Glass Sliding Door - Corner,GSD-COR2415,2400,1500,2400H x 1500W,Standard Toughened Safety Glass,286.31,Standard Flyscreen Door,396.0,Standard Security Screen Door,756.0,User-specified door families; Trend standard-height convention to be confirmed against supplier schedule,ESTIMATED TEMPLATE PRICE — REPLACE WITH SUPPLIER CSV,1590.6,286.31,396.0,756.0,Australian supply-only market benchmarks; not Trend supplier pricing
Glass Door,Glass Sliding Door - Corner,GSD-COR2418,2400,1800,2400H x 1800W,Standard Toughened Safety Glass,339.25,Standard Flyscreen Door,475.2,Standard Security Screen Door,907.2,User-specified door families; Trend standard-height convention to be confirmed against supplier schedule,ESTIMATED TEMPLATE PRICE — REPLACE WITH SUPPLIER CSV,1884.72,339.25,475.2,907.2,Australian supply-only market benchmarks; not Trend supplier pricing
Glass Door,Glass Sliding Door - Corner,GSD-COR2421,2400,2100,2400H x 2100W,Standard Toughened Safety Glass,392.19,Standard Flyscreen Door,554.4,Standard Security Screen Door,1058.4,User-specified door families; Trend standard-height convention to be confirmed against supplier schedule,ESTIMATED TEMPLATE PRICE — REPLACE WITH SUPPLIER CSV,2178.84,392.19,554.4,1058.4,Australian supply-only market benchmarks; not Trend supplier pricing
Glass Door,Glass Sliding Door - Corner,GSD-COR2424,2400,2400,2400H x 2400W,Standard Toughened Safety Glass,445.13,Standard Flyscreen Door,633.6,Standard Security Screen Door,1209.6,User-specified door families; Trend standard-height convention to be confirmed against supplier schedule,ESTIMATED TEMPLATE PRICE — REPLACE WITH SUPPLIER CSV,2472.96,445.13,633.6,1209.6,Australian supply-only market benchmarks; not Trend supplier pricing
Glass Door,Glass Sliding Door - Corner,GSD-COR2427,2400,2700,2400H x 2700W,Standard Toughened Safety Glass,498.07,Standard Flyscreen Door,712.8,Standard Security Screen Door,1360.8,User-specified door families; Trend standard-height convention to be confirmed against supplier schedule,ESTIMATED TEMPLATE PRICE — REPLACE WITH SUPPLIER CSV,2767.08,498.07,712.8,1360.8,Australian supply-only market benchmarks; not Trend supplier pricing
Glass Door,Glass Sliding Door - Corner,GSD-COR2430,2400,3000,2400H x 3000W,Standard Toughened Safety Glass,551.02,Standard Flyscreen Door,792.0,Standard Security Screen Door,1512.0,User-specified door families; Trend standard-height convention to be confirmed against supplier schedule,ESTIMATED TEMPLATE PRICE — REPLACE WITH SUPPLIER CSV,3061.2,551.02,792.0,1512.0,Australian supply-only market benchmarks; not Trend supplier pricing
Glass Door,Glass Sliding Door - Corner,GSD-COR2436,2400,3600,2400H x 3600W,Standard Toughened Safety Glass,656.9,Standard Flyscreen Door,950.4,Standard Security Screen Door,1814.4,User-specified door families; Trend standard-height convention to be confirmed against supplier schedule,ESTIMATED TEMPLATE PRICE — REPLACE WITH SUPPLIER CSV,3649.44,656.9,950.4,1814.4,Australian supply-only market benchmarks; not Trend supplier pricing
Glass Door,Glass Sliding Door - Corner,GSD-COR2442,2400,4200,2400H x 4200W,Standard Toughened Safety Glass,762.78,Standard Flyscreen Door,1108.8,Standard Security Screen Door,2116.8,User-specified door families; Trend standard-height convention to be confirmed against supplier schedule,ESTIMATED TEMPLATE PRICE — REPLACE WITH SUPPLIER CSV,4237.68,762.78,1108.8,2116.8,Australian supply-only market benchmarks; not Trend supplier pricing
Glass Door,Glass Sliding Door - Corner,GSD-COR2448,2400,4800,2400H x 4800W,Standard Toughened Safety Glass,868.67,Standard Flyscreen Door,1267.2,Standard Security Screen Door,2419.2,User-specified door families; Trend standard-height convention to be confirmed against supplier schedule,ESTIMATED TEMPLATE PRICE — REPLACE WITH SUPPLIER CSV,4825.92,868.67,1267.2,2419.2,Australian supply-only market benchmarks; not Trend supplier pricing
Glass Door,Glass Sliding Door - Corner,GSD-COR2454,2400,5400,2400H x 5400W,Standard Toughened Safety Glass,974.55,Standard Flyscreen Door,1425.6,Standard Security Screen Door,2721.6,User-specified door families; Trend standard-height convention to be confirmed against supplier schedule,ESTIMATED TEMPLATE PRICE — REPLACE WITH SUPPLIER CSV,5414.16,974.55,1425.6,2721.6,Australian supply-only market benchmarks; not Trend supplier pricing
Glass Door,Glass Sliding Door - Corner,GSD-COR2460,2400,6000,2400H x 6000W,Standard Toughened Safety Glass,1080.43,Standard Flyscreen Door,1584.0,Standard Security Screen Door,3024.0,User-specified door families; Trend standard-height convention to be confirmed against supplier schedule,ESTIMATED TEMPLATE PRICE — REPLACE WITH SUPPLIER CSV,6002.4,1080.43,1584.0,3024.0,Australian supply-only market benchmarks; not Trend supplier pricing
